date,roster,roster_stale,old_officer_sheet,old_officer_sheet_stale,board,board_stale,afraad,afraad_stale,duty_list,duty_list_stale,counts,counts_stale,counts_leader,counts_leader_stale,command_order,command_order_stale,match,match_stale,deployment,deployment_stale,ref_officers,ref_officers_stale,ref_personnel,ref_personnel_stale,roster_layout,conflicts,notes
2023-10-01,2023/شهر 10/1-10-2023/1-10-2023.docx,,2023/شهر 10/1-10-2023/يومية تشغيل السادة الضباط + كشف راحات السادة الضباط.docx,,,,2023/شهر 10/1-10-2023/1.docx,,,,,,,,,,,,,,,,2023/شهر 10/1-10-2023/يومية الأفراد بالارقام.docx,,roster_v1_corrupt_header,ref_personnel: chosen own-folder document has a different date (2023-09-28),
2023-10-02,2023/شهر 10/2-10-2023/2-10-2023.docx,,2023/شهر 10/2-10-2023/يومية تشغيل السادة الضباط + كشف راحات السادة الضباط.docx,,,,2023/شهر 10/2-10-2023/2.docx,,,,,,,,,,,,,,,,2023/شهر 10/2-10-2023/يومية الأفراد بالارقام.docx,STALE,roster_v1_corrupt_header,ref_personnel: chosen own-folder document has a different date (2023-09-28),
2023-10-03,2023/شهر 10/3-10-2023/3-10-2023.docx,,2023/شهر 10/3-10-2023/يومية تشغيل السادة الضباط + كشف راحات السادة الضباط.docx,,,,2023/شهر 10/3-10-2023/3.docx,,,,,,,,,,,,,,,,,,roster_v1_corrupt_header,,
2023-10-04,2023/شهر 10/4-10-2023/4-10-2023.docx,,2023/شهر 10/4-10-2023/يومية تشغيل السادة الضباط + كشف راحات السادة الضباط.docx,,,,2023/شهر 10/4-10-2023/4.docx,,,,,,,,,,,,,,,,,,roster_v1_corrupt_header,,
2023-10-05,2023/شهر 10/5-10-2023/5-10-2023.docx,,2023/شهر 10/5-10-2023/يومية تشغيل السادة الضباط + كشف راحات السادة الضباط.docx,,,,2023/شهر 10/5-10-2023/55.docx,,,,,,,,,,,,,,,,,,roster_v1_basic,,
2023-10-06,2023/شهر 10/6-10-2023/6-10-2023.docx,,2023/شهر 10/6-10-2023/يومية تشغيل السادة الضباط + كشف راحات السادة الضباط.docx,,,,2023/شهر 10/6-10-2023/6-10-2023 افراد.docx,,,,,,,,,,,,2023/شهر 10/6-10-2023/خطة انتشار 6-10-2023.docx,,,,,,roster_v1_corrupt_header,,
2023-10-07,2023/شهر 10/7-10-2023/7-10-2023.docx,,2023/شهر 10/7-10-2023/يومية تشغيل السادة الضباط + كشف راحات السادة الضباط.docx,,,,2023/شهر 10/7-10-2023/7-10-2023 افراد.docx,,,,,,,,,,,,,,,,,,roster_v1_corrupt_header,,
2023-10-08,2023/شهر 10/8-10-2023/8-10-2023.docx,,2023/شهر 10/8-10-2023/يومية تشغيل السادة الضباط + كشف راحات السادة الضباط.docx,,,,2023/شهر 10/8-10-2023/8-10-2023 افراد.docx,,,,,,,,,,,,,,,,,,roster_v1_corrupt_header,,
2023-10-09,2023/شهر 10/9-10-2023/9-10-2023.docx,,2023/شهر 10/9-10-2023/يومية تشغيل السادة الضباط + كشف راحات السادة الضباط.docx,,,,2023/شهر 10/9-10-2023/9-10-2023 افراد.docx,,,,,,,,,,,,,,,,,,roster_v1_corrupt_header,,
2023-10-10,2023/شهر 10/10-10-2023/10-10-2023.docx,,2023/شهر 10/10-10-2023/يومية تشغيل السادة الضباط + كشف راحات السادة الضباط.docx,,,,2023/شهر 10/10-10-2023/10-10-2023 افراد.docx,,,,,,,,,,,,,,,,,,roster_v1_corrupt_header,,
2023-10-11,2023/شهر 10/11-10-2023/11-10-2023.docx,,2023/شهر 10/11-10-2023/يومية تشغيل السادة الضباط + كشف راحات السادة الضباط.docx,,,,2023/شهر 10/11-10-2023/11-10-2023 افراد.docx,,,,,,,,,,,,,,,,,,roster_v1_corrupt_header,,
2023-10-12,2023/شهر 10/12-10-2023/12-10-2023.docx,,2023/شهر 10/12-10-2023/يومية تشغيل السادة الضباط + كشف راحات السادة الضباط.docx,,,,2023/شهر 10/12-10-2023/12-10-2023 افراد.docx,,,,,,,,,,,,,,,,,,roster_v1_corrupt_header,,
2023-10-13,2023/شهر 10/13-10-2023/13-10-2023.docx,,2023/شهر 10/13-10-2023/يومية تشغيل السادة الضباط + كشف راحات السادة الضباط.docx,,,,2023/شهر 10/13-10-2023/13-10-2023 افراد.docx,,,,,,,,,,,,2023/شهر 10/13-10-2023/خطة انتشار 13-10-2023.docx,,,,,,roster_v1_corrupt_header,,
2023-10-14,2023/شهر 10/14-10-2023/14-10-2023.docx,,2023/شهر 10/14-10-2023/يومية تشغيل السادة الضباط + كشف راحات السادة الضباط.docx,,,,2023/شهر 10/14-10-2023/14-10-2023 افراد.docx,,,,,,,,,,,,,,,,,,roster_v1_corrupt_header,,
2023-10-15,2023/شهر 10/15-10-2023/15-10-2023.docx,,2023/شهر 10/15-10-2023/يومية تشغيل السادة الضباط + كشف راحات السادة الضباط.docx,,,,2023/شهر 10/15-10-2023/15-10-2023 افراد.docx,STALE,,,,,,,,,,,,,,,,,roster_v1_corrupt_header,afraad: chosen own-folder document has a different date (2023-10-14),
2023-10-16,2023/شهر 10/16-10-2023/16-10-2023.docx,,2023/شهر 10/16-10-2023/يومية تشغيل السادة الضباط + كشف راحات السادة الضباط.docx,,,,2023/شهر 10/16-10-2023/16-10-2023 افراد.docx,,,,,,,,,,,,,,,,,,roster_v1_corrupt_header,,
2023-10-17,2023/شهر 10/17-10-2023/17-10-2023.docx,,2023/شهر 10/17-10-2023/يومية تشغيل السادة الضباط + كشف راحات السادة الضباط.docx,,,,2023/شهر 10/17-10-2023/17-10-2023 افراد.docx,,,,,,,,,,,,,,,,,,roster_v1_corrupt_header,,
2023-10-18,2023/شهر 10/18-10-2023/18-10-2023.docx,,2023/شهر 10/18-10-2023/يومية تشغيل السادة الضباط + كشف راحات السادة الضباط.docx,,,,2023/شهر 10/18-10-2023/18-10-2023 افراد.docx,,,,,,,,,,,,,,,,,,roster_v1_corrupt_header,,
2023-10-19,2023/شهر 10/19-10-2023/19-10-2023.docx,,2023/شهر 10/19-10-2023/يومية تشغيل السادة الضباط + كشف راحات السادة الضباط.docx,,,,2023/شهر 10/19-10-2023/19-10-2023 افراد.docx,,,,,,,,,,,,2023/شهر 10/19-10-2023/خطة انتشار 13-10-2023.docx,,,,,,roster_v1_corrupt_header,deployment: chosen own-folder document has a different date (2023-10-13),
2023-10-20,2023/شهر 10/20-10-2023/20-10-2023.docx,,2023/شهر 10/20-10-2023/يومية تشغيل السادة الضباط + كشف راحات السادة الضباط.docx,,,,2023/شهر 10/20-10-2023/20-10-2023 افراد.docx,,,,,,,,,,,,2023/شهر 10/20-10-2023/خطة انتشار 20-10-2023.docx,,,,,,roster_v1_corrupt_header,,
2023-10-21,2023/شهر 10/21-10-2023/21-10-2023.docx,,2023/شهر 10/21-10-2023/يومية تشغيل السادة الضباط + كشف راحات السادة الضباط.docx,,,,2023/شهر 10/21-10-2023/21-10-2023 افراد.docx,,,,,,,,,,,,2023/شهر 10/21-10-2023/خطة انتشار 21-10-2023.docx,,,,,,roster_v1_corrupt_header,,
2023-10-22,2023/شهر 10/22-10-2023/22-10-2023.docx,,2023/شهر 10/22-10-2023/يومية تشغيل السادة الضباط + كشف راحات السادة الضباط.docx,,,,2023/شهر 10/22-10-2023/22-10-2023 افراد.docx,,,,,,,,,,,,2023/شهر 10/22-10-2023/خطة انتشار 22-10-2023.docx,,,,,,roster_v1_corrupt_header,roster: chosen own-folder document has a different date (2023-10-23),
2023-10-23,2023/شهر 10/23-10-2023/23-10-2023.docx,,2023/شهر 10/23-10-2023/يومية تشغيل السادة الضباط + كشف راحات السادة الضباط.docx,,,,2023/شهر 10/23-10-2023/23-10-2023 افراد.docx,,,,,,,,,,,,2023/شهر 10/23-10-2023/خطة انتشار 23-10-2023.docx,,,,,,roster_v1_corrupt_header,,
2023-10-24,2023/شهر 10/24-10-2023/24-10-2023.docx,,2023/شهر 10/24-10-2023/يومية تشغيل السادة الضباط + كشف راحات السادة الضباط.docx,,,,2023/شهر 10/24-10-2023/24-10-2023 افراد.docx,,,,,,,,,,,,2023/شهر 10/24-10-2023/خطة انتشار 24-10-2023.docx,,,,,,roster_v1_corrupt_header,,
2023-10-25,2023/شهر 10/25-10-2023/25-10-2023.docx,,2023/شهر 10/25-10-2023/يومية تشغيل السادة الضباط + كشف راحات السادة الضباط.docx,,,,2023/شهر 10/25-10-2023/25-10-2023 افراد.docx,,,,,,,,,,,,2023/شهر 10/25-10-2023/خطة انتشار 25-10-2023.docx,,,,,,roster_v1_corrupt_header,deployment: chosen own-folder document has a different date (2023-10-26),
2023-10-26,2023/شهر 10/26-10-2023/26-10-2023.docx,,2023/شهر 10/26-10-2023/يومية تشغيل السادة الضباط + كشف راحات السادة الضباط.docx,,,,2023/شهر 10/26-10-2023/26-10-2023 افراد.docx,,,,,,,,,,,,2023/شهر 10/26-10-2023/خطة انتشار 26-10-2023.docx,,,,,,roster_v1_corrupt_header,,
2023-10-27,2023/شهر 10/27-10-2023/27-10-2023.docx,,2023/شهر 10/27-10-2023/يومية تشغيل السادة الضباط + كشف راحات السادة الضباط.docx,,,,2023/شهر 10/27-10-2023/27-10-2023 افراد.docx,,,,,,,,,,,,2023/شهر 10/27-10-2023/خطة انتشار 27-10-2023.docx,,,,,,roster_v1_corrupt_header,,
2023-10-28,2023/شهر 10/28-10-2023/28-10-2023.docx,,2023/شهر 10/28-10-2023/يومية تشغيل السادة الضباط + كشف راحات السادة الضباط.docx,,,,2023/شهر 10/28-10-2023/28-10-2023 افراد.docx,,,,,,,,,,,,2023/شهر 10/28-10-2023/خطة انتشار 28-10-2023.docx,,,,,,roster_v1_corrupt_header,,
2023-10-29,2023/شهر 10/29-10-2023/29-10-2023.docx,,2023/شهر 10/29-10-2023/يومية تشغيل السادة الضباط + كشف راحات السادة الضباط.docx,,,,2023/شهر 10/29-10-2023/29-10-2023 افراد.docx,,,,,,,,,,,,2023/شهر 10/29-10-2023/خطة انتشار 29-10-2023.docx,,,,,,roster_v1_corrupt_header,,
2023-10-30,2023/شهر 10/30-10-2023/30-10-2023.docx,,2023/شهر 10/30-10-2023/يومية تشغيل السادة الضباط + كشف راحات السادة الضباط.docx,,,,2023/شهر 10/30-10-2023/30-10-2023 افراد.docx,,,,,,,,,,,,2023/شهر 10/30-10-2023/خطة انتشار 30-10-2023.docx,,,,,,roster_v1_corrupt_header,,
2023-10-31,2023/شهر 10/31-10-2023/31-10-2023.docx,,2023/شهر 10/31-10-2023/يومية تشغيل السادة الضباط + كشف راحات السادة الضباط.docx,,,,2023/شهر 10/31-10-2023/31-10-2023 افراد.docx,,,,,,,,,,,,2023/شهر 10/31-10-2023/خطة انتشار 31-10-2023.docx,,,,,,roster_v1_corrupt_header,,
2023-11-01,2023/شهر 11/1-11-2023/1-11-2023.docx,,2023/شهر 11/1-11-2023/يومية تشغيل السادة الضباط + كشف راحات السادة الضباط.docx,,,,2023/شهر 11/1-11-2023/1-11-2023 افراد.docx,,,,,,,,,,,,2023/شهر 11/1-11-2023/خطة انتشار 1-11-2023.docx,,,,,,roster_v1_corrupt_header,,
2023-11-02,2023/شهر 11/2-11-2023/2-11-2023.docx,,2023/شهر 11/2-11-2023/يومية تشغيل السادة الضباط + كشف راحات السادة الضباط.docx,,,,2023/شهر 11/2-11-2023/2-11-2023 افراد.docx,,,,,,,,,,,,2023/شهر 11/2-11-2023/خطة انتشار 2-11-2023.docx,,,,,,roster_v1_corrupt_header,,
2023-11-03,2023/شهر 11/3-11-2023/3-11-2023.docx,,2023/شهر 11/3-11-2023/يومية تشغيل السادة الضباط + كشف راحات السادة الضباط.docx,,,,2023/شهر 11/3-11-2023/3-11-2023 افراد.docx,,,,,,,,,,,,2023/شهر 11/3-11-2023/خطة انتشار 3-11-2023.docx,,,,,,roster_v1_corrupt_header,,
2023-11-04,2023/شهر 11/4-11-2023/4-11-2023.docx,,2023/شهر 11/4-11-2023/يومية تشغيل السادة الضباط + كشف راحات السادة الضباط.docx,,,,2023/شهر 11/4-11-2023/4-11-2023 افراد.docx,,,,,,,,,,,,2023/شهر 11/4-11-2023/خطة انتشار 4-11-2023.docx,,,,,,roster_v1_corrupt_header,,
2023-11-05,2023/شهر 11/5-11-2023/5-11-2023.docx,,2023/شهر 11/5-11-2023/يومية تشغيل السادة الضباط + كشف راحات السادة الضباط.docx,,,,2023/شهر 11/5-11-2023/5-11-2023 افراد.docx,,,,,,,,,,,,2023/شهر 11/5-11-2023/خطة انتشار 5-11-2023.docx,,,,,,roster_v1_corrupt_header,,
2023-11-06,2023/شهر 11/6-11-2023/6-11-2023.docx,,2023/شهر 11/6-11-2023/يومية تشغيل السادة الضباط + كشف راحات السادة الضباط.docx,,,,2023/شهر 11/6-11-2023/6-11-2023 افراد.docx,,,,,,,,,,,,2023/شهر 11/6-11-2023/خطة انتشار 6-11-2023.docx,,,,,,roster_v1_corrupt_header,,
2023-11-07,2023/شهر 11/7-11-2023/7-11-2023.docx,,2023/شهر 11/7-11-2023/يومية تشغيل السادة الضباط + كشف راحات السادة الضباط.docx,,,,2023/شهر 11/7-11-2023/7-11-2023 افراد.docx,,,,,,,,,,,,2023/شهر 11/7-11-2023/خطة انتشار 7-11-2023.docx,,,,,,roster_v1_corrupt_header,,
2023-11-08,2023/شهر 11/8-11-2023/8-11-2023.docx,,2023/شهر 11/8-11-2023/يومية تشغيل السادة الضباط + كشف راحات السادة الضباط.docx,,,,2023/شهر 11/8-11-2023/8-11-2023 افراد.docx,,,,,,,,,,,,2023/شهر 11/8-11-2023/خطة انتشار 8-11-2023.docx,,,,,,roster_v1_corrupt_header,,
2023-11-09,2023/شهر 11/9-11-2023/9-11-2023.docx,,2023/شهر 11/9-11-2023/يومية تشغيل السادة الضباط + كشف راحات السادة الضباط.docx,,,,2023/شهر 11/9-11-2023/9-11-2023 افراد.docx,,,,,,,,,,,,2023/شهر 11/9-11-2023/خطة انتشار 9-11-2023.docx,,,,,,roster_v1_corrupt_header,,
2023-11-10,2023/شهر 11/10-11-2023/10-11-2023.docx,,2023/شهر 11/10-11-2023/يومية تشغيل السادة الضباط + كشف راحات السادة الضباط.docx,,,,2023/شهر 11/10-11-2023/9-11-2023 افراد.docx,,,,,,,,,,,,2023/شهر 11/10-11-2023/خطة انتشار 10-11-2023.docx,,,,,,roster_v1_corrupt_header,afraad: chosen own-folder document has a different date (2023-11-09),
2023-11-11,2023/شهر 11/11-11-2023/11-11-2023.docx,,2023/شهر 11/11-11-2023/يومية تشغيل السادة الضباط + كشف راحات السادة الضباط.docx,,,,2023/شهر 11/11-11-2023/11-11-2023 افراد.docx,,,,,,,,,,,,2023/شهر 11/11-11-2023/خطة انتشار 11-11-2023.docx,,,,,,roster_v1_corrupt_header,,
2023-11-12,2023/شهر 11/12-11-2023/12-11-2023.docx,,2023/شهر 11/12-11-2023/يومية تشغيل السادة الضباط + كشف راحات السادة الضباط.docx,,,,2023/شهر 11/12-11-2023/12 -11-2023 افراد.docx,,,,,,,,,,,,2023/شهر 11/12-11-2023/خطة انتشار 12-11-2023.docx,,,,,,roster_v1_corrupt_header,,
2023-11-13,2023/شهر 11/13-11-2023/13-11-2023.docx,,2023/شهر 11/13-11-2023/يومية تشغيل السادة الضباط + كشف راحات السادة الضباط.docx,,,,2023/شهر 11/13-11-2023/13-11-2023 افراد.docx,,,,,,,,,,,,2023/شهر 11/13-11-2023/خطة انتشار 13-11-2023.docx,,,,,,roster_v1_corrupt_header,,
2023-11-14,2023/شهر 11/14-11-2023/14-11-2023.docx,,2023/شهر 11/14-11-2023/يومية تشغيل السادة الضباط + كشف راحات السادة الضباط.docx,,,,2023/شهر 11/14-11-2023/14-11-2023 افراد.docx,,,,,,,,,,,,2023/شهر 11/14-11-2023/خطة انتشار 14-11-2023.docx,,,,,,roster_v1_corrupt_header,,
2023-11-15,2023/شهر 11/15-11-2023/15-11-2023.docx,,2023/شهر 11/15-11-2023/يومية تشغيل السادة الضباط + كشف راحات السادة الضباط.docx,,,,2023/شهر 11/15-11-2023/15-11-2023 افراد.docx,,,,,,,,,,,,2023/شهر 11/15-11-2023/خطة انتشار 15-11-2023.docx,,,,,,roster_v1_corrupt_header,,
2023-11-16,2023/شهر 11/16-11-2023/16-11-2023.docx,,2023/شهر 11/16-11-2023/يومية تشغيل السادة الضباط + كشف راحات السادة الضباط.docx,,,,2023/شهر 11/16-11-2023/16-11-2023 افراد.docx,,,,,,,,,,,,2023/شهر 11/16-11-2023/خطة انتشار 16-11-2023.docx,,,,,,roster_v1_corrupt_header,,
2023-11-17,2023/شهر 11/17-11-2023/17-11-2023.docx,,2023/شهر 11/17-11-2023/يومية تشغيل السادة الضباط + كشف راحات السادة الضباط.docx,,,,2023/شهر 11/17-11-2023/17-11-2023 افراد.docx,,,,,,,,,,,,2023/شهر 11/17-11-2023/انتظام خدمات خطة الأنتشار ليوم الجمعة 17.docx,,,,,,roster_v1_corrupt_header,old_officer_sheet: chosen own-folder document has a different date (2023-11-18),
2023-11-18,2023/شهر 11/18-11-2023/18-11-2023.docx,,2023/شهر 11/18-11-2023/يومية تشغيل السادة الضباط + كشف راحات السادة الضباط.docx,,,,2023/شهر 11/18-11-2023/18-11-2023 افراد.docx,,,,,,,,,,,,2023/شهر 11/18-11-2023/خطة انتشار 18-11-2023.docx,,,,,,roster_v1_corrupt_header,,
2023-11-19,2023/شهر 11/19-11-2023/19-11-2023.docx,,2023/شهر 11/19-11-2023/يومية تشغيل السادة الضباط + كشف راحات السادة الضباط.docx,,,,2023/شهر 11/19-11-2023/19-11-2023 افراد.docx,,,,,,,,,,,,2023/شهر 11/19-11-2023/خطة انتشار 19-11-2023.docx,,,,,,roster_v1_corrupt_header,,
2023-11-20,2023/شهر 11/20-11-2023/20-11-2023.docx,,2023/شهر 11/20-11-2023/يومية تشغيل السادة الضباط + كشف راحات السادة الضباط.docx,,,,2023/شهر 11/20-11-2023/20-11-2023 افراد.docx,,,,,,,,,,,,2023/شهر 11/20-11-2023/خطة انتشار 20-11-2023.docx,,,,,,roster_v1_corrupt_header,,
2023-11-21,2023/شهر 11/21-11-2023/21-11-2023.docx,,2023/شهر 11/21-11-2023/يومية تشغيل السادة الضباط + كشف راحات السادة الضباط.docx,,,,2023/شهر 11/21-11-2023/21-11-2023 افراد.docx,,,,,,,,,,,,2023/شهر 11/21-11-2023/خطة انتشار 21-11-2023.docx,,,,,,roster_v1_corrupt_header,,
2023-11-22,2023/شهر 11/22-11-2023/22-11-2023.docx,,2023/شهر 11/22-11-2023/يومية تشغيل السادة الضباط + كشف راحات السادة الضباط.docx,,,,2023/شهر 11/22-11-2023/22-11-2023 افراد.docx,,,,,,,,,,,,2023/شهر 11/22-11-2023/خطة انتشار 22-11-2023.docx,,,,,,roster_v1_corrupt_header,,
2023-11-23,2023/شهر 11/23-11-2023/23-11-2023.docx,,2023/شهر 11/23-11-2023/يومية تشغيل السادة الضباط + كشف راحات السادة الضباط.docx,,,,2023/شهر 11/23-11-2023/23-11-2023 افراد.docx,,,,,,,,,,,,2023/شهر 11/23-11-2023/خطة انتشار 23-11-2023.docx,,,,,,roster_v1_corrupt_header,,
2023-11-24,2023/شهر 11/24-11-2023/24-11-2023.docx,,2023/شهر 11/24-11-2023/يومية تشغيل السادة الضباط + كشف راحات السادة الضباط.docx,,,,2023/شهر 11/24-11-2023/24-11-2023 افراد.docx,,,,,,,,,,,,2023/شهر 11/24-11-2023/خطة انتشار 24-11-2023.docx,,,,,,roster_v1_corrupt_header,,
2023-11-25,2023/شهر 11/25-11-2023/25-11-2023.docx,,2023/شهر 11/25-11-2023/يومية تشغيل السادة الضباط + كشف راحات السادة الضباط.docx,,,,2023/شهر 11/25-11-2023/24-11-2023 افراد.docx,,,,,,,,,,,,2023/شهر 11/25-11-2023/خطة انتشار 25-11-2023.docx,,,,,,roster_v1_corrupt_header,afraad: chosen own-folder document has a different date (2023-11-24),
2023-11-26,2023/شهر 11/26-11-2023/26-11-2023.docx,,2023/شهر 11/26-11-2023/يومية تشغيل السادة الضباط + كشف راحات السادة الضباط.docx,,,,2023/شهر 11/26-11-2023/26-11-2023 افراد.docx,,,,,,,,,,,,2023/شهر 11/26-11-2023/خطة انتشار 26-11-2023.docx,,,,,,roster_v1_basic,,
2023-11-27,2023/شهر 11/27-11-2023/27-11-2023.docx,,2023/شهر 11/27-11-2023/يومية تشغيل السادة الضباط + كشف راحات السادة الضباط.docx,,,,2023/شهر 11/27-11-2023/27-11-2023 افراد.docx,,,,,,,,,,,,2023/شهر 11/27-11-2023/خطة انتشار 27-11-2023.docx,,,,,,roster_v1_basic,,
2023-11-28,2023/شهر 11/28-11-2023/28-11-2023.docx,,2023/شهر 11/28-11-2023/يومية تشغيل السادة الضباط + كشف راحات السادة الضباط.docx,,,,2023/شهر 11/28-11-2023/28-11-2023 افراد.docx,,,,,,,,,,,,2023/شهر 11/28-11-2023/خطة انتشار 28-11-2023.docx,,,,,,roster_v1_corrupt_header,,
2023-11-29,2023/شهر 11/29-11-2023/29-11-2023.docx,,2023/شهر 11/29-11-2023/يومية تشغيل السادة الضباط + كشف راحات السادة الضباط.docx,,,,2023/شهر 11/29-11-2023/28-11-2023 افراد.docx,,,,,,,,,,,,2023/شهر 11/29-11-2023/خطة انتشار 29-11-2023.docx,,,,,,roster_v1_corrupt_header,afraad: chosen own-folder document has a different date (2023-11-28),
2023-11-30,2023/شهر 11/30-11-2023/30-11-2023.docx,,2023/شهر 11/30-11-2023/يومية تشغيل السادة الضباط + كشف راحات السادة الضباط.docx,,,,2023/شهر 11/30-11-2023/30-11-2023 افراد.docx,,,,,,,,,,,,2023/شهر 11/30-11-2023/خطة انتشار 30-11-2023.docx,,,,,,roster_v1_corrupt_header,,
2023-12-01,2023/شهر 12/1-12-2023/1-12-2023.docx,,2023/شهر 12/1-12-2023/يومية تشغيل السادة الضباط + كشف راحات السادة الضباط.docx,,,,2023/شهر 12/1-12-2023/1-12-2023 افراد.docx,,,,,,,,,,,,2023/شهر 12/1-12-2023/خطة انتشار 1-12-2023.docx,,,,,,roster_v1_corrupt_header,,
2023-12-02,2023/شهر 12/2-12-2023/2-12-2023.docx,,2023/شهر 12/2-12-2023/يومية تشغيل السادة الضباط + كشف راحات السادة الضباط.docx,,,,2023/شهر 12/2-12-2023/2-12-2023 افراد.docx,,,,,,,,,,,,2023/شهر 12/2-12-2023/خطة انتشار 2-12-2023.docx,,,,,,roster_v1_corrupt_header,,
2023-12-03,2023/شهر 12/3-12-2023/3-12-2023.docx,,2023/شهر 12/3-12-2023/يومية تشغيل السادة الضباط + كشف راحات السادة الضباط.docx,,,,2023/شهر 12/3-12-2023/3-12-2023 افراد.docx,,,,,,,,,,,,2023/شهر 12/3-12-2023/خطة انتشار 3-12-2023.docx,,,,,,roster_v1_corrupt_header,,
2023-12-04,2023/شهر 12/4-12-2023/4-12-2023.docx,,2023/شهر 12/4-12-2023/يومية تشغيل السادة الضباط + كشف راحات السادة الضباط.docx,,,,2023/شهر 12/4-12-2023/4-12-2023 افراد.docx,,,,,,,,,,,,2023/شهر 12/4-12-2023/خطة انتشار 4-12-2023.docx,,,,,,roster_v1_corrupt_header,,
2023-12-05,2023/شهر 12/5-12-2023/5-12-2023.docx,,2023/شهر 12/5-12-2023/يومية تشغيل السادة الضباط + كشف راحات السادة الضباط.docx,,,,2023/شهر 12/5-12-2023/5-12-2023 افراد.docx,,,,,,,,,,,,2023/شهر 12/5-12-2023/خطة انتشار 5-12-2023.docx,,,,,,roster_v1_basic,,
2023-12-06,2023/شهر 12/6-12-2023/6-12-2023.docx,,2023/شهر 12/6-12-2023/يومية تشغيل السادة الضباط + كشف راحات السادة الضباط.docx,,,,2023/شهر 12/6-12-2023/6-12-2023 افراد.docx,,,,,,,,,,,,2023/شهر 12/6-12-2023/خطة انتشار 6-12-2023.docx,,,,,,roster_v1_basic,,
2023-12-07,2023/شهر 12/7-12-2023/7-12-2023.docx,,2023/شهر 12/7-12-2023/يومية تشغيل السادة الضباط + كشف راحات السادة الضباط.docx,,,,2023/شهر 12/7-12-2023/7-12-2023 افراد.docx,,,,,,,,,,,,2023/شهر 12/7-12-2023/خطة انتشار 7-12-2023.docx,,,,,,roster_v1_corrupt_header,,
2023-12-08,2023/شهر 12/8-12-2023/8-12-2023.docx,,2023/شهر 12/8-12-2023/يومية تشغيل السادة الضباط + كشف راحات السادة الضباط.docx,,,,2023/شهر 12/8-12-2023/8-12-2023 افراد.docx,,,,,,,,,,,,2023/شهر 12/8-12-2023/خطة انتشار 8-12-2023.docx,,,,,,roster_v1_corrupt_header,,
2023-12-09,2023/شهر 12/9-12-2023/9-12-2023.docx,,2023/شهر 12/9-12-2023/يومية تشغيل السادة الضباط + كشف راحات السادة الضباط.docx,,,,2023/شهر 12/9-12-2023/9-12-2023 افراد.docx,,,,,,,,,,,,2023/شهر 12/9-12-2023/خطة انتشار 9-12-2023.docx,,,,,,roster_v1_corrupt_header,,
2023-12-10,2023/شهر 12/10-12-2023/10-12-2023.docx,,2023/شهر 12/10-12-2023/يومية تشغيل السادة الضباط + كشف راحات السادة الضباط.docx,,,,2023/شهر 12/10-12-2023/10-12-2023 افراد.docx,,,,,,,,,,,,2023/شهر 12/10-12-2023/خطة انتشار 10-12-2023.docx,,,,,,roster_v1_corrupt_header,,
2023-12-11,2023/شهر 12/11-12-2023/11-12-2023.docx,,2023/شهر 12/11-12-2023/يومية تشغيل السادة الضباط + كشف راحات السادة الضباط.docx,,,,2023/شهر 12/11-12-2023/11-12-2023 افراد.docx,,,,,,,,,,,,2023/شهر 12/11-12-2023/خطة انتشار 11-12-2023.docx,,,,,,roster_v1_corrupt_header,,
2023-12-12,2023/شهر 12/12-12-2023/12-12-2023.docx,,2023/شهر 12/12-12-2023/يومية تشغيل السادة الضباط + كشف راحات السادة الضباط.docx,,,,2023/شهر 12/12-12-2023/12-12-2023 افراد.docx,,,,,,,,,,,,2023/شهر 12/12-12-2023/خطة انتشار 12-12-2023.docx,,,,,,roster_v1_corrupt_header,,
2023-12-13,2023/شهر 12/13-12-2023/13-12-2023.docx,,2023/شهر 12/13-12-2023/يومية تشغيل السادة الضباط + كشف راحات السادة الضباط.docx,,,,2023/شهر 12/13-12-2023/13-12-2023 افراد.docx,,,,,,,,,,,,2023/شهر 12/13-12-2023/خطة انتشار 13-12-2023.docx,,,,,,roster_v1_corrupt_header,roster: chosen own-folder document has a different date (2023-12-14); old_officer_sheet: chosen own-folder document has a different date (2023-12-14),
2023-12-14,2023/شهر 12/14-12-2023/14-12-2023.docx,STALE,2023/شهر 12/13-12-2023/يومية تشغيل السادة الضباط + كشف راحات السادة الضباط.docx,STALE,,,2023/شهر 12/14-12-2023/14-12-2023 افراد.docx,,,,,,,,,,,,2023/شهر 12/14-12-2023/خطة انتشار 14-12-2023.docx,,,,,,roster_v1_corrupt_header,,
2023-12-15,2023/شهر 12/15-12-2023/15-12-2023.docx,,2023/شهر 12/15-12-2023/يومية تشغيل السادة الضباط + كشف راحات السادة الضباط.docx,,,,2023/شهر 12/15-12-2023/15-12-2023 افراد.docx,,,,,,,,,,,,2023/شهر 12/15-12-2023/خطة انتشار 15-12-2023.docx,,,,,,roster_v1_corrupt_header,,
2023-12-16,2023/شهر 12/16-12-2023/16-12-2023.docx,,2023/شهر 12/16-12-2023/يومية تشغيل السادة الضباط + كشف راحات السادة الضباط.docx,,,,2023/شهر 12/16-12-2023/16-12-2023 افراد.docx,,,,,,,,,,,,2023/شهر 12/16-12-2023/خطة انتشار 16-12-2023.docx,,,,,,roster_v1_corrupt_header,,
2023-12-17,2023/شهر 12/17-12-2023/17-12-2023.docx,,2023/شهر 12/17-12-2023/يومية تشغيل السادة الضباط + كشف راحات السادة الضباط.docx,,,,2023/شهر 12/17-12-2023/17-12-2023 افراد.docx,,,,,,,,,,,,2023/شهر 12/17-12-2023/خطة انتشار 17-12-2023.docx,,,,,,roster_v1_corrupt_header,,
2023-12-18,2023/شهر 12/18-12-2023/18-12-2023.docx,,2023/شهر 12/18-12-2023/يومية تشغيل السادة الضباط + كشف راحات السادة الضباط.docx,,,,2023/شهر 12/18-12-2023/18-12-2023 افراد.docx,,,,,,,,,,,,2023/شهر 12/18-12-2023/خطة انتشار 18-12-2023.docx,,,,,,roster_v1_corrupt_header,,
2023-12-19,2023/شهر 12/19-12-2023/19-12-2023.docx,,2023/شهر 12/19-12-2023/يومية تشغيل السادة الضباط + كشف راحات السادة الضباط.docx,,,,2023/شهر 12/19-12-2023/19-12-2023 افراد.docx,,,,,,,,,,,,2023/شهر 12/19-12-2023/خطة انتشار 19-12-2023.docx,,,,,,roster_v1_corrupt_header,,
2023-12-20,2023/شهر 12/20-12-2023/20-12-2023.docx,,2023/شهر 12/20-12-2023/يومية تشغيل السادة الضباط + كشف راحات السادة الضباط.docx,,,,2023/شهر 12/20-12-2023/20-12-2023 افراد.docx,,,,,,,,,,,,2023/شهر 12/20-12-2023/انتظام خدمات خطة الأنتشار ليوم 20.docx,,,,,,roster_v1_corrupt_header,,
2023-12-21,2023/شهر 12/21-12-2023/21-12-2023.docx,,2023/شهر 12/21-12-2023/يومية تشغيل السادة الضباط + كشف راحات السادة الضباط.docx,,,,2023/شهر 12/21-12-2023/21-12-2023 افراد.docx,,,,,,,,,,,,2023/شهر 12/21-12-2023/انتظام خدمات خطة الأنتشار ليوم 22.docx,,,,,,roster_v1_corrupt_header,deployment: 2023/شهر 12/21-12-2023/خطة انتشار 22-12-2023.docx,
2023-12-22,2023/شهر 12/22-12-2023/22-12-2023.docx,,2023/شهر 12/22-12-2023/يومية تشغيل السادة الضباط + كشف راحات السادة الضباط.docx,,,,2023/شهر 12/22-12-2023/22-12-2023 افراد.docx,,,,,,,,,,,,2023/شهر 12/22-12-2023/خطة انتشار 22-12-2023.docx,,,,,,roster_v1_corrupt_header,,
2023-12-23,2023/شهر 12/23-12-2023/23-12-2023.docx,,2023/شهر 12/23-12-2023/يومية تشغيل السادة الضباط + كشف راحات السادة الضباط.docx,,,,2023/شهر 12/23-12-2023/23-12-2023 افراد.docx,,2023/شهر 12/23-12-2023/انتظام خدمات خطة الأنتشار ليوم 23.docx,,,,,,,,,,2023/شهر 12/23-12-2023/خطة انتشار 21-12-2023.docx,,,,,,roster_v1_corrupt_header,"deployment: chosen own-folder document has a different date (2023-12-17, 2023-12-21)",
2023-12-25,2023/شهر 12/25-12-2023/25-12-2023.docx,,2023/شهر 12/25-12-2023/يومية تشغيل السادة الضباط + كشف راحات السادة الضباط.docx,,,,2023/شهر 12/25-12-2023/25-12-2023 افراد.docx,,2023/شهر 12/25-12-2023/انتظام خدمات خطة الأنتشار ليوم 25.docx,,,,,,,,,,2023/شهر 12/25-12-2023/خطة انتشار 25-12-2023.docx,,,,,,roster_v1_corrupt_header,deployment: chosen own-folder document has a different date (2023-12-17),
2023-12-26,2023/شهر 12/26-12-2023/26-12-2023.docx,,2023/شهر 12/26-12-2023/يومية تشغيل السادة الضباط + كشف راحات السادة الضباط.docx,,,,2023/شهر 12/26-12-2023/26-12-2023 افراد.docx,,2023/شهر 12/26-12-2023/انتظام خدمات خطة الأنتشار ليوم 26.docx,,,,,,,,,,2023/شهر 12/26-12-2023/خطة انتشار 25-12-2023.docx,STALE,,,,,roster_v1_corrupt_header,"deployment: chosen own-folder document has a different date (2023-12-17, 2023-12-25)",
2023-12-27,2023/شهر 12/27-12-2023/27-12-2023.docx,,2023/شهر 12/27-12-2023/يومية تشغيل السادة الضباط + كشف راحات السادة الضباط.docx,,,,2023/شهر 12/27-12-2023/27-12-2023 افراد.docx,,2023/شهر 12/27-12-2023/انتظام خدمات خطة الأنتشار ليوم 27.docx,,,,,,,,,,2023/شهر 12/27-12-2023/خطة انتشار 25-12-2023.docx,STALE,,,,,roster_v1_corrupt_header,"deployment: chosen own-folder document has a different date (2023-12-17, 2023-12-25)",
2023-12-28,2023/شهر 12/28-12-2023/28-12-2023.docx,,2023/شهر 12/28-12-2023/يومية تشغيل السادة الضباط + كشف راحات السادة الضباط.docx,,,,2023/شهر 12/28-12-2023/28-12-2023 افراد.docx,,2023/شهر 12/28-12-2023/انتظام خدمات خطة الأنتشار ليوم 28.docx,,,,,,,,,,2023/شهر 12/28-12-2023/خطة انتشار 28-12-2023.docx,STALE,,,,,roster_v1_corrupt_header,deployment: chosen own-folder document has a different date (2023-12-17),
2023-12-29,2023/شهر 12/29-12-2023/29-12-2023.docx,,2023/شهر 12/29-12-2023/يومية تشغيل السادة الضباط + كشف راحات السادة الضباط.docx,,,,2023/شهر 12/29-12-2023/29-12-2023 افراد.docx,,2023/شهر 12/29-12-2023/انتظام خدمات خطة الأنتشار ليوم 29.docx,,,,,,,,,,2023/شهر 12/29-12-2023/خطة انتشار 29-12-2023.docx,,,,,,roster_v1_corrupt_header,,
2023-12-30,2023/شهر 12/30-12-2023/30-12-2023.docx,,2023/شهر 12/30-12-2023/يومية تشغيل السادة الضباط + كشف راحات السادة الضباط.docx,,,,2023/شهر 12/30-12-2023/30-12-2023 افراد.docx,,2023/شهر 12/30-12-2023/انتظام خدمات خطة الأنتشار ليوم 30.docx,,,,,,,,,,2023/شهر 12/30-12-2023/خطة انتشار 29-12-2023.docx,STALE,,,,,roster_v1_corrupt_header,deployment: chosen own-folder document has a different date (2023-12-29),
2023-12-31,2023/شهر 12/31-12-2023/31-12-2023.docx,,2023/شهر 12/31-12-2023/يومية تشغيل السادة الضباط + كشف راحات السادة الضباط.docx,,,,2023/شهر 12/31-12-2023/31-12-2023 افراد.docx,,2023/شهر 12/31-12-2023/انتظام خدمات خطة الأنتشار ليوم 31.docx,,,,,,,,,,2023/شهر 12/31-12-2023/خطة أنتشار الكنائس.docx,,,,,,roster_v1_corrupt_header,,
2024-01-01,2024/1/1-1-2024/1-1-2024.docx,,2024/1/1-1-2024/يومية تشغيل السادة الضباط + كشف راحات السادة الضباط.docx,,,,2024/1/1-1-2024/31-12-2023 افراد.docx,,2024/1/1-1-2024/انتظام خدمات خطة الأنتشار ليوم 31.docx,,,,,,,,,,,,,,,,roster_v1_corrupt_header,afraad: chosen own-folder document has a different date (2023-12-31),
2024-01-02,2024/1/2-1-2024/2-1-2024.docx,,2024/1/2-1-2024/يومية تشغيل السادة الضباط + كشف راحات السادة الضباط.docx,,,,2024/1/2-1-2024/2-1-2024 افراد.docx,,2024/1/2-1-2024/انتظام خدمات خطة الأنتشار ليوم 2.docx,,,,,,,,,,,,,,,,roster_v1_corrupt_header,,
2024-01-03,2024/1/3-1-2024/3-1-2024.docx,,2024/1/3-1-2024/يومية تشغيل السادة الضباط + كشف راحات السادة الضباط.docx,,,,2024/1/3-1-2024/3-1-2024 افراد.docx,,2024/1/3-1-2024/انتظام خدمات خطة الأنتشار ليوم 3.docx,,,,,,,,,,,,,,,,roster_v1_corrupt_header,,
2024-01-04,2024/1/4-1-2024/4-1-2024.docx,,2024/1/4-1-2024/يومية تشغيل السادة الضباط + كشف راحات السادة الضباط.docx,,,,2024/1/4-1-2024/4-1-2024 افراد.docx,,2024/1/4-1-2024/انتظام خدمات خطة الأنتشار ليوم4.docx,,,,,,,,,,,,,,,,roster_v1_corrupt_header,,
2024-01-05,2024/1/5-1-2024/5-1-2024.docx,,2024/1/5-1-2024/يومية تشغيل السادة الضباط + كشف راحات السادة الضباط.docx,,,,2024/1/5-1-2024/5-1-2024 افراد.docx,,2024/1/5-1-2024/انتظام خدمات خطة الأنتشار ليوم 5.docx,,,,,,,,,,2024/1/5-1-2024/خطة انتشار 12-1-2024.docx,,,,,,roster_v1_corrupt_header,deployment: chosen own-folder document has a different date (2024-01-12),
2024-01-06,2024/1/6-1-2024/6-1-2024.docx,,2024/1/6-1-2024/يومية تشغيل السادة الضباط + كشف راحات السادة الضباط.docx,,,,2024/1/6-1-2024/5-1-2024 افراد.docx,,2024/1/6-1-2024/6.docx,,,,,,,,,,2024/1/6-1-2024/خطة انتشار 6-1-2024.docx,,,,,,roster_v1_corrupt_header,afraad: chosen own-folder document has a different date (2024-01-05),
2024-01-07,2024/1/7-1-2024/7-1-2024.docx,,2024/1/7-1-2024/يومية تشغيل السادة الضباط + كشف راحات السادة الضباط.docx,,,,2024/1/7-1-2024/7-1-2024 افراد.docx,,2024/1/7-1-2024/7.docx,,,,,,,,,,2024/1/7-1-2024/خطة انتشار 7-1-2024.docx,,,,,,roster_v1_corrupt_header,,
2024-01-08,2024/1/8-1-2024/8-1-2024.docx,,2024/1/8-1-2024/يومية تشغيل السادة الضباط + كشف راحات السادة الضباط.docx,,,,2024/1/8-1-2024/8-1-2024 افراد.docx,,2024/1/8-1-2024/8.docx,,,,,,,,,,2024/1/8-1-2024/خطة انتشار 8-1-2024.docx,,,,,,roster_v1_corrupt_header,,
2024-01-09,2024/1/9-1-2024/9-1-2024.docx,,2024/1/9-1-2024/يومية تشغيل السادة الضباط + كشف راحات السادة الضباط.docx,,,,2024/1/9-1-2024/9-1-2024 افراد.docx,,2024/1/9-1-2024/9.docx,,,,,,,,,,,,,,,,roster_v1_corrupt_header,,
2024-01-10,2024/1/10-1-2024/10-1-2024.docx,,2024/1/10-1-2024/يومية تشغيل السادة الضباط + كشف راحات السادة الضباط.docx,,,,2024/1/10-1-2024/10-1-2024 افراد.docx,,2024/1/10-1-2024/10.docx,,,,,,,,,,,,,,,,roster_v1_corrupt_header,,
2024-01-11,2024/1/11-1-2024/11-1-2024.docx,,2024/1/11-1-2024/يومية تشغيل السادة الضباط + كشف راحات السادة الضباط.docx,,,,2024/1/11-1-2024/11-1-2024 افراد.docx,,2024/1/11-1-2024/11.docx,,,,,,,,,,,,,,,,roster_v1_corrupt_header,,
2024-01-12,2024/1/12-1-2024/12-1-2024.docx,,2024/1/12-1-2024/يومية تشغيل السادة الضباط + كشف راحات السادة الضباط.docx,,,,2024/1/12-1-2024/12-1-2024 افراد.docx,,2024/1/12-1-2024/12.docx,,,,,,,,,,2024/1/12-1-2024/خطة انتشار 12-1-2024.docx,,,,,,roster_v1_corrupt_header,,
2024-01-13,2024/1/13-1-2024/13-1-2024.docx,,2024/1/13-1-2024/يومية تشغيل السادة الضباط + كشف راحات السادة الضباط.docx,,,,2024/1/13-1-2024/13-1-2024 افراد.docx,,2024/1/13-1-2024/13.docx,,,,,,,,,,2024/1/13-1-2024/خطة انتشار 12-1-2024.docx,STALE,,,,,roster_v1_corrupt_header,deployment: chosen own-folder document has a different date (2024-01-12),
2024-01-14,2024/1/14-1-2024/14-1-2024.docx,,2024/1/14-1-2024/يومية تشغيل السادة الضباط + كشف راحات السادة الضباط.docx,,,,2024/1/14-1-2024/14-1-2024 افراد.docx,,2024/1/14-1-2024/14.docx,,,,,,,,,,,,,,,,roster_v1_corrupt_header,,
2024-01-15,2024/1/15-1-2024/15-1-2024.docx,,2024/1/15-1-2024/يومية تشغيل السادة الضباط + كشف راحات السادة الضباط.docx,,,,2024/1/15-1-2024/15-1-2024 افراد.docx,,2024/1/15-1-2024/15.docx,,,,,,,,,,,,,,,,roster_v1_corrupt_header,,
2024-01-16,2024/1/16-1-2024/16-1-2024.docx,,2024/1/16-1-2024/يومية تشغيل السادة الضباط + كشف راحات السادة الضباط.docx,,,,2024/1/16-1-2024/16-1-2024 افراد.docx,,2024/1/16-1-2024/16.docx,,,,,,,,,,,,,,,,roster_v1_corrupt_header,,
2024-01-17,2024/1/17-1-2024/17-1-2024.docx,,2024/1/17-1-2024/يومية تشغيل السادة الضباط + كشف راحات السادة الضباط.docx,,,,2024/1/17-1-2024/17-1-2024 افراد.docx,,2024/1/17-1-2024/17.docx,,,,,,,,,,,,,,,,roster_v1_corrupt_header,,
2024-01-18,2024/1/18-1-2024/18-1-2024.docx,,2024/1/18-1-2024/يومية تشغيل السادة الضباط + كشف راحات السادة الضباط.docx,,,,2024/1/18-1-2024/18-1-2024 افراد.docx,,2024/1/18-1-2024/18.docx,,,,,,,,,,,,,,,,roster_v1_corrupt_header,,
2024-01-19,2024/1/19-1-2024/19-1-2024.docx,,2024/1/19-1-2024/يومية تشغيل السادة الضباط + كشف راحات السادة الضباط.docx,,,,2024/1/19-1-2024/19-1-2024 افراد.docx,,2024/1/19-1-2024/19.docx,,,,,,,,,,2024/1/19-1-2024/خطة انتشار 19-1-2024.docx,,,,,,roster_v1_corrupt_header,,
2024-01-20,2024/1/20-1-2024/20-1-2024.docx,,2024/1/20-1-2024/يومية تشغيل السادة الضباط + كشف راحات السادة الضباط.docx,,,,2024/1/20-1-2024/19-1-2024 افراد.docx,,2024/1/20-1-2024/20.docx,,,,,,,,,,2024/1/20-1-2024/خطة انتشار 19-1-2024.docx,STALE,,,,,roster_v1_corrupt_header,afraad: chosen own-folder document has a different date (2024-01-19); deployment: chosen own-folder document has a different date (2024-01-19),
2024-01-21,2024/1/21-1-2024/21-1-2024.docx,,2024/1/21-1-2024/يومية تشغيل السادة الضباط + كشف راحات السادة الضباط.docx,,,,2024/1/21-1-2024/21-1-2024 افراد.docx,,2024/1/21-1-2024/21.docx,,,,,,,,,,2024/1/21-1-2024/خطة انتشار 19-1-2024.docx,STALE,,,,,roster_v1_corrupt_header,deployment: chosen own-folder document has a different date (2024-01-19),
2024-01-22,2024/1/22-1-2024/22-1-2024.docx,,2024/1/22-1-2024/يومية تشغيل السادة الضباط + كشف راحات السادة الضباط.docx,,,,2024/1/22-1-2024/22-1-2024 افراد.docx,,2024/1/22-1-2024/22.docx,,,,,,,,,,2024/1/22-1-2024/خطة انتشار 19-1-2024.docx,STALE,,,,,roster_v1_corrupt_header,deployment: chosen own-folder document has a different date (2024-01-19),
2024-01-23,2024/1/23-1-2024/23-1-2024.docx,,2024/1/23-1-2024/يومية تشغيل السادة الضباط + كشف راحات السادة الضباط.docx,,,,2024/1/23-1-2024/22-1-2024 افراد.docx,STALE,2024/1/23-1-2024/23.docx,STALE,,,,,,,,,2024/1/23-1-2024/خطة انتشار 19-1-2024.docx,STALE,,,,,roster_v1_corrupt_header,afraad: chosen own-folder document has a different date (2024-01-22); duty_list: chosen own-folder document has a different date (2024-01-22); deployment: chosen own-folder document has a different date (2024-01-19),
2024-01-24,2024/1/24-1-2024/24-1-2024.docx,,2024/1/24-1-2024/يومية تشغيل السادة الضباط + كشف راحات السادة الضباط.docx,,,,2024/1/24-1-2024/22-1-2024 افراد.docx,,2024/1/24-1-2024/24.docx,,,,,,,,,,2024/1/24-1-2024/خطة انتشار 19-1-2024.docx,STALE,,,,,roster_v1_corrupt_header,afraad: chosen own-folder document has a different date (2024-01-22); deployment: chosen own-folder document has a different date (2024-01-19),
2024-01-25,2024/1/25-1-2024/25-1-2024.docx,,2024/1/25-1-2024/يومية تشغيل السادة الضباط + كشف راحات السادة الضباط.docx,,,,2024/1/25-1-2024/22-1-2024 افراد.docx,,2024/1/25-1-2024/24.docx,,,,,,,,,,2024/1/25-1-2024/خطة انتشار 19-1-2024.docx,,,,,,roster_v1_corrupt_header,afraad: chosen own-folder document has a different date (2024-01-22); deployment: chosen own-folder document has a different date (2024-01-19),
2024-01-26,2024/1/26-1-2024/26-1-2024.docx,,2024/1/26-1-2024/يومية تشغيل السادة الضباط + كشف راحات السادة الضباط.docx,,,,2024/1/26-1-2024/26-1-2024 افراد.docx,,2024/1/26-1-2024/24.docx,,,,,,,,,,2024/1/26-1-2024/خطة انتشار 19-1-2024.docx,,,,,,roster_v1_corrupt_header,deployment: chosen own-folder document has a different date (2024-01-19),
2024-01-27,2024/1/27-1-2024/27-1-2024.docx,,2024/1/27-1-2024/يومية تشغيل السادة الضباط + كشف راحات السادة الضباط.docx,,,,2024/1/27-1-2024/27-1-2024 افراد.docx,,2024/1/27-1-2024/27.docx,,,,,,,,,,2024/1/27-1-2024/خطة انتشار 19-1-2024.docx,,,,,,roster_v1_corrupt_header,"duty_list: chosen own-folder document has a different date (2024-01-28); deployment: chosen own-folder document has a different date (2024-01-19, 2024-01-25)",
2024-01-28,2024/1/28-1-2024/28-1-2024.docx,,2024/1/28-1-2024/يومية تشغيل السادة الضباط + كشف راحات السادة الضباط.docx,,,,2024/1/28-1-2024/28-1-2024 افراد.docx,,2024/1/28-1-2024/27.docx,,,,,,,,,,2024/1/28-1-2024/خطة انتشار 19-1-2024.docx,STALE,,,,,roster_v1_corrupt_header,"deployment: chosen own-folder document has a different date (2024-01-19, 2024-01-25)",
2024-01-29,2024/1/29-1-2024/29-1-2024.docx,,2024/1/29-1-2024/يومية تشغيل السادة الضباط + كشف راحات السادة الضباط.docx,,,,2024/1/29-1-2024/29-1-2024 افراد.docx,,2024/1/29-1-2024/29.docx,,,,,,,,,,2024/1/29-1-2024/خطة انتشار 19-1-2024.docx,STALE,,,,,roster_v1_corrupt_header,"afraad: chosen own-folder document has a different date (2024-01-25); deployment: chosen own-folder document has a different date (2024-01-19, 2024-01-25)",
2024-01-30,2024/1/30-1-2024/30-1-2024.docx,,2024/1/30-1-2024/يومية تشغيل السادة الضباط + كشف راحات السادة الضباط.docx,,,,2024/1/30-1-2024/30-1-2024 افراد.docx,,2024/1/30-1-2024/24.docx,,,,,,,,,,2024/1/30-1-2024/خطة انتشار 19-1-2024.docx,STALE,,,,,roster_v1_corrupt_header,"deployment: chosen own-folder document has a different date (2024-01-19, 2024-01-25)",
2024-01-31,2024/1/31-1-2024/31-1-2024.docx,,2024/1/31-1-2024/يومية تشغيل السادة الضباط + كشف راحات السادة الضباط.docx,STALE,,,2024/1/31-1-2024/30-1-2024 افراد.docx,,2024/1/31-1-2024/24.docx,STALE,,,,,,,,,2024/1/31-1-2024/خطة انتشار 19-1-2024.docx,STALE,,,,,roster_v1_corrupt_header,"old_officer_sheet: chosen own-folder document has a different date (2024-01-30); afraad: chosen own-folder document has a different date (2024-01-30); duty_list: chosen own-folder document has a different date (2024-01-30); deployment: chosen own-folder document has a different date (2024-01-19, 2024-01-25)",
2024-02-01,2024/2/1-2-2024/1-2-2024.docx,,2024/2/1-2-2024/يومية تشغيل السادة الضباط + كشف راحات السادة الضباط.docx,,,,2024/2/1-2-2024/30-1-2024 افراد.docx,,2024/2/1-2-2024/24.docx,,,,,,,,,,2024/2/1-2-2024/خطة انتشار 19-1-2024.docx,STALE,,,,,roster_v1_corrupt_header,"afraad: chosen own-folder document has a different date (2024-01-30); deployment: chosen own-folder document has a different date (2024-01-19, 2024-01-25)",
2024-02-02,2024/2/2-2-2024/2-2-2024.docx,,2024/2/2-2-2024/يومية تشغيل السادة الضباط + كشف راحات السادة الضباط.docx,,,,2024/2/2-2-2024/2-2-2024 افراد.docx,,2024/2/2-2-2024/2.docx,,,,,,,,,,2024/2/2-2-2024/خطة انتشار 2-2-2024.docx,,,,,,roster_v1_corrupt_header,,
2024-02-03,2024/2/3-2-2024/3-2-2024.docx,,2024/2/3-2-2024/يومية تشغيل السادة الضباط + كشف راحات السادة الضباط.docx,,,,2024/2/3-2-2024/3-2-2024 افراد.docx,,2024/2/3-2-2024/3.docx,,,,,,,,,,2024/2/3-2-2024/خطة انتشار 2-2-2024.docx,STALE,,,,,roster_v1_corrupt_header,deployment: chosen own-folder document has a different date (2024-02-02),
2024-02-05,2024/2/5-2-2024/5-2-2024.docx,,2024/2/5-2-2024/يومية تشغيل السادة الضباط + كشف راحات السادة الضباط.docx,,,,2024/2/5-2-2024/5-2-2024 افراد.docx,,2024/2/5-2-2024/5.docx,,,,,,,,,,2024/2/5-2-2024/خطة انتشار 2-2-2024.docx,,,,,,roster_v1_corrupt_header,deployment: chosen own-folder document has a different date (2024-02-02),
2024-02-06,2024/2/6-2-2024/6-2-2024.docx,,2024/2/6-2-2024/يومية تشغيل السادة الضباط + كشف راحات السادة الضباط.docx,,,,2024/2/6-2-2024/6-2-2024 افراد.docx,,2024/2/6-2-2024/5.docx,,,,,,,,,,2024/2/6-2-2024/خطة انتشار 2-2-2024.docx,STALE,,,,,roster_v1_corrupt_header,duty_list: 2024/2/6-2-2024/6.docx; deployment: chosen own-folder document has a different date (2024-02-02),
2024-02-07,2024/2/7-2-2024/7-2-2024.docx,,2024/2/7-2-2024/يومية تشغيل السادة الضباط + كشف راحات السادة الضباط.docx,,,,2024/2/7-2-2024/7-2-2024 افراد.docx,,2024/2/7-2-2024/7.docx,,,,,,,,,,2024/2/7-2-2024/خطة انتشار 2-2-2024.docx,STALE,,,,,roster_v1_corrupt_header,deployment: chosen own-folder document has a different date (2024-02-02),
2024-02-08,2024/2/8-2-2024/8-2-2024.docx,,2024/2/8-2-2024/يومية تشغيل السادة الضباط + كشف راحات السادة الضباط.docx,,,,2024/2/8-2-2024/8-2-2024 افراد.docx,,2024/2/8-2-2024/9.docx,,,,,,,,,,2024/2/8-2-2024/خطة انتشار 2-2-2024.docx,STALE,,,,,roster_v1_corrupt_header,deployment: chosen own-folder document has a different date (2024-02-02),
2024-02-09,2024/2/9-2-2024/9-2-2024.docx,,2024/2/9-2-2024/يومية تشغيل السادة الضباط + كشف راحات السادة الضباط.docx,,,,2024/2/9-2-2024/9-2-2024 افراد.docx,,2024/2/9-2-2024/9.docx,,,,,,,,,,2024/2/9-2-2024/خطة انتشار 9-2-2024.docx,,,,,,roster_v1_corrupt_header,,
2024-02-10,2024/2/10-2-2024/10-2-2024.docx,,2024/2/10-2-2024/يومية تشغيل السادة الضباط + كشف راحات السادة الضباط.docx,,,,2024/2/10-2-2024/10-2-2024 افراد.docx,,2024/2/10-2-2024/10.docx,,,,,,,,,,2024/2/10-2-2024/خطة انتشار 9-2-2024.docx,STALE,,,,,roster_v1_corrupt_header,deployment: chosen own-folder document has a different date (2024-02-09),
2024-02-11,2024/2/11-2-2024/11-2-2024.docx,,2024/2/11-2-2024/يومية تشغيل السادة الضباط + كشف راحات السادة الضباط.docx,,,,2024/2/11-2-2024/11-2-2024 افراد.docx,,2024/2/11-2-2024/11.docx,,,,,,,,,,2024/2/11-2-2024/خطة انتشار 9-2-2024.docx,STALE,,,,,roster_v1_corrupt_header,deployment: chosen own-folder document has a different date (2024-02-09),
2024-02-12,2024/2/12-2-2024/12-2-2024.docx,,2024/2/12-2-2024/يومية تشغيل السادة الضباط + كشف راحات السادة الضباط.docx,,,,2024/2/12-2-2024/12-2-2024 افراد.docx,,2024/2/12-2-2024/12.docx,,,,,,,,,,2024/2/12-2-2024/خطة انتشار 12-2-2024.docx,,,,,,roster_v1_corrupt_header,,
2024-02-13,2024/2/13-2-2024/13-2-2024.docx,,2024/2/13-2-2024/يومية تشغيل السادة الضباط + كشف راحات السادة الضباط.docx,,,,2024/2/13-2-2024/13-2-2024 افراد.docx,,2024/2/13-2-2024/13.docx,,,,,,,,,,2024/2/13-2-2024/خطة انتشار 9-2-2024.docx,,,,,,roster_v1_corrupt_header,deployment: chosen own-folder document has a different date (2024-02-09),
2024-02-14,2024/2/14-2-2024/14-2-2024.docx,,2024/2/14-2-2024/يومية تشغيل السادة الضباط + كشف راحات السادة الضباط.docx,,,,2024/2/14-2-2024/14-2-2024 افراد.docx,,2024/2/14-2-2024/14.docx,,,,,,,,,,2024/2/14-2-2024/خطة انتشار 9-2-2024.docx,STALE,,,,,roster_v1_corrupt_header,deployment: chosen own-folder document has a different date (2024-02-09),
2024-02-15,2024/2/15-2-2024/15-2-2024.docx,,2024/2/15-2-2024/يومية تشغيل السادة الضباط + كشف راحات السادة الضباط.docx,,,,2024/2/15-2-2024/15-2-2024 افراد.docx,,2024/2/15-2-2024/15.docx,,,,,,,,,,2024/2/15-2-2024/خطة انتشار 9-2-2024.docx,STALE,,,,,roster_v1_corrupt_header,deployment: chosen own-folder document has a different date (2024-02-09),
2024-02-16,2024/2/16-2-2024/16-2-2024.docx,,2024/2/16-2-2024/يومية تشغيل السادة الضباط + كشف راحات السادة الضباط.docx,,,,2024/2/16-2-2024/16-2-2024 افراد.docx,,2024/2/16-2-2024/16.docx,,,,,,,,,,2024/2/16-2-2024/خطة انتشار 16-2-2024.docx,,,,,,roster_v1_corrupt_header,,
2024-02-17,2024/2/17-2-2024/17-2-2024.docx,,2024/2/17-2-2024/يومية تشغيل السادة الضباط + كشف راحات السادة الضباط.docx,,,,2024/2/17-2-2024/17-2-2024 افراد.docx,,2024/2/17-2-2024/5.docx,,,,,,,,,,2024/2/17-2-2024/خطة انتشار 9-2-2024.docx,,,,,,roster_v1_corrupt_header,deployment: chosen own-folder document has a different date (2024-02-09),
2024-02-18,2024/2/18-2-2024/18-2-2024.docx,,2024/2/18-2-2024/يومية تشغيل السادة الضباط + كشف راحات السادة الضباط.docx,,,,2024/2/18-2-2024/18-2-2024 افراد.docx,,2024/2/18-2-2024/18.docx,,,,,,,,,,2024/2/18-2-2024/خطة انتشار 9-2-2024.docx,STALE,,,,,roster_v1_corrupt_header,deployment: chosen own-folder document has a different date (2024-02-09),
2024-02-19,2024/2/19-2-2024/19-2-2024.docx,,2024/2/19-2-2024/يومية تشغيل السادة الضباط + كشف راحات السادة الضباط.docx,,,,2024/2/19-2-2024/19-2-2024 افراد.docx,,2024/2/19-2-2024/19.docx,,,,,,,,,,2024/2/19-2-2024/خطة انتشار 9-2-2024.docx,STALE,,,,,roster_v1_corrupt_header,deployment: chosen own-folder document has a different date (2024-02-09),
2024-02-20,2024/2/20-2-2024/20-2-2024.docx,,2024/2/20-2-2024/يومية تشغيل السادة الضباط + كشف راحات السادة الضباط.docx,,,,2024/2/20-2-2024/20-2-2024 افراد.docx,,2024/2/20-2-2024/19.docx,,,,,,,,,,2024/2/20-2-2024/خطة انتشار 9-2-2024.docx,STALE,,,,,roster_v1_corrupt_header,deployment: chosen own-folder document has a different date (2024-02-09),
2024-02-21,2024/2/21-2-2024/21-2-2024.docx,,2024/2/21-2-2024/يومية تشغيل السادة الضباط + كشف راحات السادة الضباط.docx,,,,2024/2/21-2-2024/21-2-2024 افراد.docx,,2024/2/21-2-2024/21.docx,,,,,,,,,,2024/2/21-2-2024/خطة انتشار 9-2-2024.docx,STALE,,,,,roster_v1_corrupt_header,deployment: chosen own-folder document has a different date (2024-02-09),
2024-02-22,2024/2/22-2-2024/22-2-2024.docx,,2024/2/22-2-2024/يومية تشغيل السادة الضباط + كشف راحات السادة الضباط.docx,,,,2024/2/22-2-2024/22-2-2024 افراد.docx,,2024/2/22-2-2024/22.docx,,,,,,,,,,2024/2/22-2-2024/خطة انتشار 9-2-2024.docx,STALE,,,,,roster_v1_corrupt_header,afraad: chosen own-folder document has a different date (2024-02-21); deployment: chosen own-folder document has a different date (2024-02-09),
2024-02-23,2024/2/23-2-2024/23-2-2024.docx,,2024/2/23-2-2024/يومية تشغيل السادة الضباط + كشف راحات السادة الضباط.docx,,,,2024/2/23-2-2024/22-2-2024 افراد.docx,,2024/2/23-2-2024/22.docx,,,,,,,,,,2024/2/23-2-2024/خطة انتشار 23-2-2024.docx,,,,,,roster_v1_corrupt_header,"afraad: chosen own-folder document has a different date (2024-02-21, 2024-02-22)",
2024-02-24,2024/2/24-2-2024/24-2-2024.docx,,2024/2/24-2-2024/يومية تشغيل السادة الضباط + كشف راحات السادة الضباط.docx,,,,2024/2/24-2-2024/24-2-2024 افراد.docx,,2024/2/24-2-2024/24.docx,STALE,,,,,,,,,2024/2/24-2-2024/خطة انتشار 23-2-2024.docx,STALE,,,,,roster_v1_corrupt_header,duty_list: chosen own-folder document has a different date (2024-02-23); deployment: chosen own-folder document has a different date (2024-02-23),
2024-02-25,2024/2/25-2-2024/25-2-2024.docx,,2024/2/25-2-2024/يومية تشغيل السادة الضباط + كشف راحات السادة الضباط.docx,,,,2024/2/25-2-2024/25-2-2024 افراد.docx,,2024/2/25-2-2024/25.docx,,,,,,,,,,2024/2/25-2-2024/خطة انتشار 23-2-2024.docx,STALE,,,,,roster_v1_corrupt_header,deployment: chosen own-folder document has a different date (2024-02-23),
2024-02-26,2024/2/26-2-2024/26-2-2024.docx,,2024/2/26-2-2024/يومية تشغيل السادة الضباط + كشف راحات السادة الضباط.docx,,,,2024/2/26-2-2024/26-2-2024 افراد.docx,,2024/2/26-2-2024/26.docx,,,,,,,,,,2024/2/26-2-2024/خطة انتشار 23-2-2024.docx,STALE,,,,,roster_v1_corrupt_header,deployment: chosen own-folder document has a different date (2024-02-23),
2024-02-27,2024/2/27-2-2024/28-2-2024.docx,,2024/2/27-2-2024/يومية تشغيل السادة الضباط + كشف راحات السادة الضباط.docx,,,,2024/2/27-2-2024/26-2-2024 افراد.docx,,2024/2/27-2-2024/27.docx,,,,,,,,,,2024/2/27-2-2024/خطة انتشار 23-2-2024.docx,STALE,,,,,roster_v1_corrupt_header,roster: chosen own-folder document has a different date (2024-02-28); afraad: chosen own-folder document has a different date (2024-02-26); deployment: chosen own-folder document has a different date (2024-02-23),
2024-02-28,2024/2/28-2-2024/28-2-2024.docx,,2024/2/28-2-2024/يومية تشغيل السادة الضباط + كشف راحات السادة الضباط.docx,,,,2024/2/28-2-2024/28-2-2024 افراد.docx,,2024/2/28-2-2024/28.docx,,,,,,,,,,2024/2/28-2-2024/خطة انتشار 23-2-2024.docx,STALE,,,,,roster_v1_corrupt_header,deployment: chosen own-folder document has a different date (2024-02-23),
2024-02-29,2024/2/29-2-2024/29-2-2024.docx,,2024/2/29-2-2024/يومية تشغيل السادة الضباط + كشف راحات السادة الضباط.docx,,,,2024/2/29-2-2024/29-2-2024 افراد.docx,,2024/2/29-2-2024/29.docx,,,,,,,,,,2024/2/29-2-2024/خطة انتشار 23-2-2024.docx,STALE,,,,,roster_v1_corrupt_header,deployment: chosen own-folder document has a different date (2024-02-23),
2024-03-01,2024/3/1-3-2024/1-3-2024.docx,,2024/3/1-3-2024/يومية تشغيل السادة الضباط + كشف راحات السادة الضباط.docx,,,,2024/3/1-3-2024/29-2-2024 افراد.docx,STALE,2024/3/1-3-2024/29.docx,STALE,,,,,,,,,2024/3/1-3-2024/خطة انتشار -2-2024.docx,STALE,,,,,roster_v1_corrupt_header,afraad: chosen own-folder document has a different date (2024-02-29); duty_list: chosen own-folder document has a different date (2024-02-29); deployment: chosen own-folder document has a different date (2024-02-23),
2024-03-02,2024/3/2-3-2024/29-2-2024.docx,,2024/3/2-3-2024/يومية تشغيل السادة الضباط + كشف راحات السادة الضباط.docx,,,,2024/3/2-3-2024/2-3-2024 افراد.docx,,2024/3/2-3-2024/29.docx,,,,,,,,,,2024/3/2-3-2024/خطة انتشار 23-2-2024.docx,STALE,,,,,roster_v1_corrupt_header,roster: chosen own-folder document has a different date (2024-02-29); deployment: chosen own-folder document has a different date (2024-02-23),
2024-03-03,2024/3/3-3-2024/3-3-2024.docx,,2024/3/3-3-2024/يومية تشغيل السادة الضباط + كشف راحات السادة الضباط.docx,,,,2024/3/3-3-2024/3-3-2024 افراد.docx,,2024/3/3-3-2024/3.docx,,,,,,,,,,2024/3/3-3-2024/خطة انتشار 23-2-2024.docx,STALE,,,,,roster_v1_corrupt_header,deployment: chosen own-folder document has a different date (2024-02-23),
2024-03-04,2024/3/4-3-2024/4-3-2024.docx,,2024/3/4-3-2024/يومية تشغيل السادة الضباط + كشف راحات السادة الضباط.docx,,,,2024/3/4-3-2024/3-3-2024 افراد.docx,,2024/3/4-3-2024/3.docx,,,,,,,,,,2024/3/4-3-2024/خطة انتشار 23-2-2024.docx,STALE,,,,,roster_v1_corrupt_header,old_officer_sheet: chosen own-folder document has a different date (2024-03-05); afraad: chosen own-folder document has a different date (2024-03-03); deployment: chosen own-folder document has a different date (2024-02-23),
2024-03-05,2024/3/5-3-2024/5-3-2024.docx,,2024/3/5-3-2024/يومية تشغيل السادة الضباط + كشف راحات السادة الضباط.docx,,,,2024/3/5-3-2024/5-3-2024 افراد.docx,,2024/3/5-3-2024/5.docx,,,,,,,,,,2024/3/5-3-2024/خطة انتشار 23-2-2024.docx,STALE,,,,,roster_v1_corrupt_header,deployment: chosen own-folder document has a different date (2024-02-23),
2024-03-06,2024/3/6-3-2024/6-3-2024.docx,,2024/3/6-3-2024/يومية تشغيل السادة الضباط + كشف راحات السادة الضباط.docx,,,,2024/3/6-3-2024/6-3-2024 افراد.docx,,2024/3/6-3-2024/6.docx,,,,,,,,,,2024/3/6-3-2024/خطة انتشار 23-2-2024.docx,STALE,,,,,roster_v1_corrupt_header,deployment: chosen own-folder document has a different date (2024-02-23),
2024-03-07,2024/3/7-3-2024/7-3-2024.docx,,2024/3/7-3-2024/يومية تشغيل السادة الضباط + كشف راحات السادة الضباط.docx,,,,2024/3/7-3-2024/7-3-2024 افراد.docx,,2024/3/7-3-2024/7.docx,,,,,,,,,,2024/3/7-3-2024/خطة انتشار 23-2-2024.docx,STALE,,,,,roster_v1_corrupt_header,deployment: chosen own-folder document has a different date (2024-02-23),
2024-03-08,2024/3/8-3-2024/8-3-2024.docx,,2024/3/8-3-2024/يومية تشغيل السادة الضباط + كشف راحات السادة الضباط.docx,,,,2024/3/8-3-2024/8-3-2024 افراد.docx,,2024/3/8-3-2024/8.docx,,,,,,,,,,2024/3/8-3-2024/خطة انتشار 8-3-2024.docx,,,,,,roster_v1_corrupt_header,,
2024-03-09,2024/3/9-3-2024/9-3-2024.docx,,2024/3/9-3-2024/يومية تشغيل السادة الضباط + كشف راحات السادة الضباط.docx,,,,2024/3/9-3-2024/9-3-2024 افراد.docx,,2024/3/9-3-2024/9.docx,,,,,,,,,,2024/3/9-3-2024/خطة انتشار 8-3-2024.docx,STALE,,,,,roster_v1_corrupt_header,deployment: chosen own-folder document has a different date (2024-03-08),
2024-03-10,2024/3/10-3-2024/10-3-2024.docx,,2024/3/10-3-2024/يومية تشغيل السادة الضباط + كشف راحات السادة الضباط.docx,,,,2024/3/10-3-2024/10-3-2024 افراد.docx,,2024/3/10-3-2024/10.docx,,,,,,,,,,2024/3/10-3-2024/خطة انتشار 8-3-2024.docx,STALE,,,,,roster_v1_corrupt_header,duty_list: chosen own-folder document has a different date (2024-03-09); deployment: chosen own-folder document has a different date (2024-03-08),
2024-03-11,2024/3/11-3-2024/11-3-2024.docx,,2024/3/11-3-2024/يومية تشغيل السادة الضباط + كشف راحات السادة الضباط.docx,,,,2024/3/11-3-2024/11-3-2024 افراد.docx,,2024/3/11-3-2024/11.docx,,,,,,,,,,2024/3/11-3-2024/خطة انتشار 8-3-2024.docx,STALE,,,,,roster_v1_corrupt_header,deployment: chosen own-folder document has a different date (2024-03-08),
2024-03-12,2024/3/12-3-2024/12-3-2024.docx,,2024/3/12-3-2024/يومية تشغيل السادة الضباط + كشف راحات السادة الضباط.docx,,,,2024/3/12-3-2024/12-3-2024 افراد.docx,,2024/3/12-3-2024/12.docx,,,,,,,,,,2024/3/12-3-2024/خطة انتشار 8-3-2024.docx,STALE,,,,,roster_v1_corrupt_header,deployment: chosen own-folder document has a different date (2024-03-08),
2024-03-13,2024/3/13-3-2024/13-3-2024.docx,,2024/3/13-3-2024/يومية تشغيل السادة الضباط + كشف راحات السادة الضباط.docx,,,,2024/3/13-3-2024/13-3-2024 افراد.docx,,2024/3/13-3-2024/13.docx,,,,,,,,,,2024/3/13-3-2024/خطة انتشار 8-3-2024.docx,STALE,,,,,roster_v1_corrupt_header,deployment: chosen own-folder document has a different date (2024-03-08),
2024-03-14,2024/3/14-3-2024/14-3-2024.docx,,2024/3/14-3-2024/يومية تشغيل السادة الضباط + كشف راحات السادة الضباط.docx,,,,2024/3/14-3-2024/14-3-2024 افراد.docx,,2024/3/14-3-2024/13.docx,,,,,,,,,,2024/3/14-3-2024/خطة انتشار 8-3-2024.docx,STALE,,,,,roster_v1_corrupt_header,deployment: chosen own-folder document has a different date (2024-03-08),
2024-03-15,2024/3/15-3-2024/15-3-2024.docx,,2024/3/15-3-2024/يومية تشغيل السادة الضباط + كشف راحات السادة الضباط.docx,,,,2024/3/15-3-2024/15-3-2024 افراد.docx,,2024/3/15-3-2024/15.docx,,,,,,,,,,2024/3/15-3-2024/خطة انتشار 15-3-2024.docx,,,,,,roster_v1_corrupt_header,,
2024-03-16,2024/3/16-3-2024/16-3-2024.docx,,2024/3/16-3-2024/يومية تشغيل السادة الضباط + كشف راحات السادة الضباط.docx,,,,2024/3/16-3-2024/16-3-2024 افراد.docx,,2024/3/16-3-2024/16.docx,,,,,,,,,,2024/3/16-3-2024/خطة انتشار 15-3-2024.docx,STALE,,,,,roster_v1_corrupt_header,deployment: chosen own-folder document has a different date (2024-03-15),
2024-03-17,2024/3/17-3-2024/17-3-2024.docx,,2024/3/17-3-2024/يومية تشغيل السادة الضباط + كشف راحات السادة الضباط.docx,,,,2024/3/17-3-2024/17-3-2024 افراد.docx,,2024/3/17-3-2024/17.docx,,,,,,,,,,2024/3/17-3-2024/خطة انتشار 15-3-2024.docx,STALE,,,,,roster_v1_corrupt_header,deployment: chosen own-folder document has a different date (2024-03-15),
2024-03-18,2024/3/18-3-2024/18-3-2024.docx,,2024/3/18-3-2024/يومية تشغيل السادة الضباط + كشف راحات السادة الضباط.docx,,,,2024/3/18-3-2024/18-3-2024 افراد.docx,,2024/3/18-3-2024/18.docx,,,,,,,,,,2024/3/18-3-2024/خطة انتشار 15-3-2024.docx,STALE,,,,,roster_v1_corrupt_header,deployment: chosen own-folder document has a different date (2024-03-15),
2024-03-19,2024/3/19-3-2024/19-3-2024.docx,,2024/3/19-3-2024/يومية تشغيل السادة الضباط + كشف راحات السادة الضباط.docx,,,,2024/3/19-3-2024/19-3-2024 افراد.docx,,2024/3/19-3-2024/19.docx,,,,,,,,,,2024/3/19-3-2024/خطة انتشار 15-3-2024.docx,STALE,,,,,roster_v1_corrupt_header,duty_list: chosen own-folder document has a different date (2024-03-18); deployment: chosen own-folder document has a different date (2024-03-15),
2024-03-20,2024/3/20-3-2024/20-3-2024.docx,,2024/3/20-3-2024/يومية تشغيل السادة الضباط + كشف راحات السادة الضباط.docx,,,,2024/3/20-3-2024/20-3-2024 افراد.docx,,2024/3/20-3-2024/20.docx,,,,,,,,,,2024/3/20-3-2024/خطة انتشار 15-3-2024.docx,STALE,,,,,roster_v1_corrupt_header,deployment: chosen own-folder document has a different date (2024-03-15),
2024-03-21,2024/3/21-3-2024/21-3-2024.docx,,2024/3/21-3-2024/يومية تشغيل السادة الضباط + كشف راحات السادة الضباط.docx,,,,2024/3/21-3-2024/21-3-2024 افراد.docx,,2024/3/21-3-2024/21.docx,,,,,,,,,,2024/3/21-3-2024/خطة انتشار 15-3-2024.docx,STALE,,,,,roster_v1_corrupt_header,afraad: 2024/3/21-3-2024/21-3-2024 افراددد.docx; deployment: chosen own-folder document has a different date (2024-03-15),
2024-03-22,2024/3/22-3-2024/22-3-2024.docx,,2024/3/22-3-2024/يومية تشغيل السادة الضباط + كشف راحات السادة الضباط.docx,,,,2024/3/22-3-2024/21-3-2024 افراد.docx,,2024/3/22-3-2024/22.docx,,,,,,,,,,2024/3/22-3-2024/خطة انتشار 22-3-2024.docx,,,,,,roster_v1_corrupt_header,roster: chosen own-folder document has a different date (2024-02-22); afraad: chosen own-folder document has a different date (2024-03-21),
2024-03-23,2024/3/23-3-2024/23-3-2024.docx,,2024/3/23-3-2024/يومية تشغيل السادة الضباط + كشف راحات السادة الضباط.docx,,,,2024/3/23-3-2024/23-3-2024 افراد.docx,,2024/3/23-3-2024/21.docx,,,,,,,,,,2024/3/23-3-2024/خطة انتشار 22-3-2024.docx,STALE,,,,,roster_v1_corrupt_header,roster: chosen own-folder document has a different date (2024-02-23); deployment: chosen own-folder document has a different date (2024-03-22),
2024-03-24,2024/3/24-3-2024/24-3-2024.docx,,2024/3/24-3-2024/يومية تشغيل السادة الضباط + كشف راحات السادة الضباط.docx,,,,2024/3/24-3-2024/21-3-2024 افراددد.docx,,2024/3/24-3-2024/21.docx,,,,,,,,,,2024/3/24-3-2024/خطة انتشار 22-3-2024.docx,STALE,,,,,roster_v1_corrupt_header,roster: chosen own-folder document has a different date (2024-02-24); afraad: 2024/3/24-3-2024/23-3-2024 افراد.docx; afraad: chosen own-folder document has a different date (2024-03-21); deployment: chosen own-folder document has a different date (2024-03-22),
2024-03-25,2024/3/25-3-2024/25-3-2024.docx,,2024/3/25-3-2024/يومية تشغيل السادة الضباط + كشف راحات السادة الضباط.docx,,,,2024/3/25-3-2024/25-3-2024 افراد.docx,,2024/3/25-3-2024/25.docx,,,,,,,,,,2024/3/25-3-2024/خطة انتشار 22-3-2024.docx,STALE,,,,,roster_v1_corrupt_header,deployment: chosen own-folder document has a different date (2024-03-22),
2024-03-26,2024/3/26-3-2024/26-3-2024.docx,,2024/3/26-3-2024/يومية تشغيل السادة الضباط + كشف راحات السادة الضباط.docx,STALE,,,2024/3/26-3-2024/23-3-2024 افراد.docx,,2024/3/26-3-2024/26.docx,,,,,,,,,,2024/3/26-3-2024/خطة انتشار 22-3-2024.docx,STALE,,,,,roster_v1_corrupt_header,old_officer_sheet: chosen own-folder document has a different date (2024-03-25); afraad: chosen own-folder document has a different date (2024-03-23); deployment: chosen own-folder document has a different date (2024-03-22),
2024-03-27,2024/3/27-3-2024/27-3-2024.docx,,2024/3/27-3-2024/يومية تشغيل السادة الضباط + كشف راحات السادة الضباط.docx,STALE,,,2024/3/27-3-2024/27-3-2024 افراد.docx,,2024/3/27-3-2024/27.docx,,,,,,,,,,2024/3/27-3-2024/خطة انتشار 22-3-2024.docx,STALE,,,,,roster_v1_corrupt_header,old_officer_sheet: chosen own-folder document has a different date (2024-03-25); deployment: chosen own-folder document has a different date (2024-03-22),
2024-03-28,2024/3/28-3-2024/28-3-2024.docx,,2024/3/28-3-2024/يومية تشغيل السادة الضباط + كشف راحات السادة الضباط.docx,,,,2024/3/28-3-2024/28-3-2024 افراد.docx,,2024/3/28-3-2024/28.docx,,,,,,,,,,2024/3/28-3-2024/خطة انتشار 22-3-2024.docx,STALE,,,,,roster_v1_corrupt_header,deployment: chosen own-folder document has a different date (2024-03-22),
2024-03-29,2024/3/29-3-2024/29-3-2024.docx,,2024/3/29-3-2024/يومية تشغيل السادة الضباط + كشف راحات السادة الضباط.docx,,,,2024/3/29-3-2024/29-3-2024 افراد.docx,,2024/3/29-3-2024/29.docx,,,,,,,,,,2024/3/29-3-2024/خطة انتشار 29-3-2024.docx,,,,,,roster_v1_corrupt_header,,
2024-03-30,2024/3/30-3-2024/30-3-2024.docx,,2024/3/30-3-2024/يومية تشغيل السادة الضباط + كشف راحات السادة الضباط.docx,,,,2024/3/30-3-2024/30-3-2024 افراد.docx,,2024/3/30-3-2024/30.docx,,,,,,,,,,2024/3/30-3-2024/خطة انتشار 29-3-2024.docx,STALE,,,,,roster_v1_corrupt_header,deployment: chosen own-folder document has a different date (2024-03-29),
2024-03-31,2024/3/31-3-2024/31-3-2024.docx,,2024/3/31-3-2024/يومية تشغيل السادة الضباط + كشف راحات السادة الضباط.docx,,,,2024/3/31-3-2024/31-3-2024 افراد.docx,,2024/3/31-3-2024/31.docx,,,,,,,,,,2024/3/31-3-2024/خطة انتشار 29-3-2024.docx,STALE,,,,,roster_v1_corrupt_header,deployment: chosen own-folder document has a different date (2024-03-29),
2024-04-01,2024/4/1-4-2024/1-4-2024.docx,,2024/4/1-4-2024/يومية تشغيل السادة الضباط + كشف راحات السادة الضباط.docx,,,,2024/4/1-4-2024/1-4-2024 افراد.docx,,2024/4/1-4-2024/1.docx,,,,,,,,,,2024/4/1-4-2024/خطة انتشار 29-3-2024.docx,STALE,,,,,roster_v1_corrupt_header,deployment: chosen own-folder document has a different date (2024-03-29),
2024-04-02,2024/4/2-4-2024/2-4-2024.docx,,2024/4/2-4-2024/يومية تشغيل السادة الضباط + كشف راحات السادة الضباط.docx,,,,2024/4/2-4-2024/2-4-2024 افراد.docx,,2024/4/2-4-2024/29.docx,,,,,,,,,,2024/4/2-4-2024/خطة انتشار 29-3-2024.docx,,,,,,roster_v1_corrupt_header,deployment: chosen own-folder document has a different date (2024-03-29),
2024-04-03,2024/4/3-4-2024/3-4-2024.docx,,2024/4/3-4-2024/يومية تشغيل السادة الضباط + كشف راحات السادة الضباط.docx,,,,2024/4/3-4-2024/3-4-2024 افراد.docx,,2024/4/3-4-2024/3.docx,,,,,,,,,,2024/4/3-4-2024/خطة انتشار 29-3-2024.docx,,,,,,roster_v1_corrupt_header,"deployment: chosen own-folder document has a different date (2024-03-29, 2024-04-02)",
2024-04-04,2024/4/4-4-2024/4-4-2024.docx,,2024/4/4-4-2024/يومية تشغيل السادة الضباط + كشف راحات السادة الضباط.docx,,,,2024/4/4-4-2024/4-4-2024 افراد.docx,,2024/4/4-4-2024/4.docx,,,,,,,,,,2024/4/4-4-2024/خطة انتشار 29-3-2024.docx,STALE,,,,,roster_v1_corrupt_header,"deployment: chosen own-folder document has a different date (2024-03-29, 2024-04-02)",
2024-04-05,2024/4/5-4-2024/5-4-2024.docx,,2024/4/5-4-2024/يومية تشغيل السادة الضباط + كشف راحات السادة الضباط.docx,,,,2024/4/5-4-2024/5-4-2024 افراد.docx,,2024/4/5-4-2024/5.docx,,,,,,,,,,2024/4/5-4-2024/خطة انتشار 5-4-2024.docx,,,,,,roster_v1_corrupt_header,,
2024-04-06,2024/4/6-4-2024/6-4-2024.docx,,2024/4/6-4-2024/يومية تشغيل السادة الضباط + كشف راحات السادة الضباط.docx,,,,2024/4/6-4-2024/6-4-2024 افراد.docx,,2024/4/6-4-2024/6.docx,,,,,,,,,,2024/4/6-4-2024/خطة انتشار 5-4-2024.docx,STALE,,,,,roster_v1_corrupt_header,deployment: chosen own-folder document has a different date (2024-04-05),
2024-04-07,2024/4/7-4-2024/7-4-2024.docx,,2024/4/7-4-2024/يومية تشغيل السادة الضباط + كشف راحات السادة الضباط.docx,,,,2024/4/7-4-2024/7-4-2024 افراد.docx,,2024/4/7-4-2024/7.docx,,,,,,,,,,2024/4/7-4-2024/خطة انتشار 5-4-2024.docx,STALE,,,,,roster_v1_corrupt_header,deployment: chosen own-folder document has a different date (2024-04-05),
2024-04-08,2024/4/8-4-2024/8-4-2024.docx,,2024/4/8-4-2024/يومية تشغيل السادة الضباط + كشف راحات السادة الضباط.docx,,,,2024/4/8-4-2024/8-4-2024 افراد.docx,,2024/4/8-4-2024/8.docx,,,,,,,,,,2024/4/8-4-2024/خطة انتشار 5-4-2024.docx,STALE,,,,,roster_v1_corrupt_header,deployment: chosen own-folder document has a different date (2024-04-05),
2024-04-09,2024/4/9-4-2024/9-4-2024.docx,,2024/4/9-4-2024/يومية تشغيل السادة الضباط + كشف راحات السادة الضباط.docx,,,,2024/4/9-4-2024/10-4-2024 افراد.docx,,2024/4/9-4-2024/9.docx,,,,,,,,,,2024/4/9-4-2024/خطة انتشار 5-4-2024.docx,STALE,,,,,roster_v1_corrupt_header,afraad: chosen own-folder document has a different date (2024-04-10); deployment: chosen own-folder document has a different date (2024-04-05),
2024-04-10,2024/4/10-4-2024/10-4-2024.docx,,2024/4/10-4-2024/يومية تشغيل السادة الضباط + كشف راحات السادة الضباط.docx,,,,2024/4/10-4-2024/10-4-2024 افراد.docx,,2024/4/10-4-2024/10.docx,,,,,,,,,,2024/4/10-4-2024/خطة انتشار 5-4-2024.docx,STALE,,,,,roster_v1_corrupt_header,deployment: 2024/4/10-4-2024/خطة انتشار العيد.docx; deployment: chosen own-folder document has a different date (2024-04-05),
2024-04-11,2024/4/11-4-2024/11-4-2024.docx,,2024/4/11-4-2024/يومية تشغيل السادة الضباط + كشف راحات السادة الضباط.docx,,,,2024/4/11-4-2024/11-4-2024 افراد.docx,,2024/4/11-4-2024/11.docx,,,,,,,,,,2024/4/11-4-2024/خطة انتشار 5-4-2024.docx,STALE,,,,,roster_v1_corrupt_header,duty_list: chosen own-folder document has a different date (2024-04-10); deployment: 2024/4/11-4-2024/خطة انتشار العيد.docx; deployment: chosen own-folder document has a different date (2024-04-05),
2024-04-12,2024/4/12-4-2024/12-4-2024.docx,,2024/4/12-4-2024/يومية تشغيل السادة الضباط + كشف راحات السادة الضباط.docx,,,,2024/4/12-4-2024/12-4-2024 افراد.docx,,2024/4/12-4-2024/12.docx,,,,,,,,,,2024/4/12-4-2024/خطة انتشار 5-4-2024.docx,STALE,,,,,roster_v1_corrupt_header,deployment: 2024/4/12-4-2024/خطة انتشار العيد.docx; deployment: chosen own-folder document has a different date (2024-04-05),
2024-04-13,2024/4/13-4-2024/13-4-2024.docx,,2024/4/13-4-2024/يومية تشغيل السادة الضباط + كشف راحات السادة الضباط.docx,,,,2024/4/13-4-2024/13-4-2024 افراد.docx,,2024/4/13-4-2024/13.docx,,,,,,,,,,2024/4/13-4-2024/خطة انتشار 5-4-2024.docx,STALE,,,,,roster_v1_corrupt_header,deployment: 2024/4/13-4-2024/خطة انتشار العيد.docx; deployment: chosen own-folder document has a different date (2024-04-05),
2024-04-14,2024/4/14-4-2024/14-4-2024.docx,,2024/4/14-4-2024/يومية تشغيل السادة الضباط + كشف راحات السادة الضباط.docx,,,,2024/4/14-4-2024/14-4-2024 افراد.docx,,2024/4/14-4-2024/14.docx,,,,,,,,,,2024/4/14-4-2024/خطة انتشار 5-4-2024.docx,STALE,,,,,roster_v1_corrupt_header,deployment: 2024/4/14-4-2024/خطة انتشار العيد.docx; deployment: chosen own-folder document has a different date (2024-04-05),
2024-04-15,2024/4/15-4-2024/15-4-2024.docx,,2024/4/15-4-2024/يومية تشغيل السادة الضباط + كشف راحات السادة الضباط.docx,,,,2024/4/15-4-2024/15-4-2024 افراد.docx,,2024/4/15-4-2024/15.docx,,,,,,,,,,2024/4/15-4-2024/خطة انتشار 5-4-2024.docx,STALE,,,,,roster_v1_corrupt_header,duty_list: chosen own-folder document has a different date (2024-04-16); deployment: 2024/4/15-4-2024/خطة انتشار العيد.docx; deployment: chosen own-folder document has a different date (2024-04-05),
2024-04-16,2024/4/16-4-2024/16-4-2024.docx,,2024/4/16-4-2024/يومية تشغيل السادة الضباط + كشف راحات السادة الضباط.docx,,,,2024/4/16-4-2024/16-4-2024 افراد.docx,,2024/4/16-4-2024/16.docx,,,,,,,,,,2024/4/16-4-2024/خطة انتشار 5-4-2024.docx,STALE,,,,,roster_v1_corrupt_header,deployment: chosen own-folder document has a different date (2024-04-05),
2024-04-17,2024/4/17-4-2024/17-4-2024.docx,,2024/4/17-4-2024/يومية تشغيل السادة الضباط + كشف راحات السادة الضباط.docx,,,,2024/4/17-4-2024/17-4-2024 افراد.docx,,2024/4/17-4-2024/17.docx,,,,,,,,,,2024/4/17-4-2024/خطة انتشار 5-4-2024.docx,STALE,,,,,roster_v1_corrupt_header,deployment: chosen own-folder document has a different date (2024-04-05),
2024-04-18,2024/4/18-4-2024/18-4-2024.docx,,2024/4/18-4-2024/يومية تشغيل السادة الضباط + كشف راحات السادة الضباط.docx,,,,2024/4/18-4-2024/18-4-2024 افراد.docx,,2024/4/18-4-2024/18.docx,,,,,,,,,,2024/4/18-4-2024/خطة انتشار 5-4-2024.docx,STALE,,,,,roster_v1_corrupt_header,deployment: chosen own-folder document has a different date (2024-04-05),
2024-04-19,2024/4/19-4-2024/19-4-2024.docx,,2024/4/19-4-2024/يومية تشغيل السادة الضباط + كشف راحات السادة الضباط.docx,,,,2024/4/19-4-2024/19-4-2024 افراد.docx,,2024/4/19-4-2024/19.docx,,,,,,,,,,2024/4/19-4-2024/خطة انتشار 19-4-2024.docx,,,,,,roster_v1_corrupt_header,duty_list: 2024/4/19-4-2024/انتظام خدمات أمر الخدمة ليوم الجمعة 19.docx,
2024-04-20,2024/4/20-4-2024/20-4-2024.docx,,2024/4/20-4-2024/يومية تشغيل السادة الضباط + كشف راحات السادة الضباط.docx,,,,2024/4/20-4-2024/20-4-2024 افراد.docx,,2024/4/20-4-2024/20.docx,,,,,,,,,,2024/4/20-4-2024/خطة انتشار 19-4-2024.docx,STALE,,,,,roster_v1_corrupt_header,deployment: chosen own-folder document has a different date (2024-04-19),
2024-04-21,2024/4/21-4-2024/21-4-2024.docx,,2024/4/21-4-2024/يومية تشغيل السادة الضباط + كشف راحات السادة الضباط.docx,,,,2024/4/21-4-2024/21-4-2024 افراد.docx,,2024/4/21-4-2024/21.docx,,,,,,,,,,2024/4/21-4-2024/خطة انتشار 19-4-2024.docx,STALE,,,,,roster_v1_corrupt_header,deployment: chosen own-folder document has a different date (2024-04-19),
2024-04-22,2024/4/22-4-2024/22-4-2024.docx,,2024/4/22-4-2024/يومية تشغيل السادة الضباط + كشف راحات السادة الضباط.docx,,,,2024/4/22-4-2024/22-4-2024 افراد.docx,,2024/4/22-4-2024/22.docx,,,,,,,,,,2024/4/22-4-2024/خطة انتشار 19-4-2024.docx,STALE,,,,,roster_v1_corrupt_header,deployment: chosen own-folder document has a different date (2024-04-19),
2024-04-23,2024/4/23-4-2024/23-4-2024.docx,,2024/4/23-4-2024/يومية تشغيل السادة الضباط + كشف راحات السادة الضباط.docx,,,,2024/4/23-4-2024/23-4-2024 افراد.docx,,2024/4/23-4-2024/23.docx,,,,,,,,,,2024/4/23-4-2024/خطة انتشار 19-4-2024.docx,STALE,,,,,roster_v1_corrupt_header,deployment: chosen own-folder document has a different date (2024-04-19),
2024-04-24,2024/4/24-4-2024/24-4-2024.docx,,2024/4/24-4-2024/يومية تشغيل السادة الضباط + كشف راحات السادة الضباط.docx,,,,2024/4/24-4-2024/24-4-2024 افراد.docx,,2024/4/24-4-2024/24.docx,,,,,,,,,,2024/4/24-4-2024/خطة انتشار 19-4-2024.docx,STALE,,,,,roster_v1_corrupt_header,duty_list: chosen own-folder document has a different date (2024-04-23); deployment: chosen own-folder document has a different date (2024-04-19),
2024-04-25,2024/4/25-4-2024/25-4-2024.docx,,2024/4/25-4-2024/يومية تشغيل السادة الضباط + كشف راحات السادة الضباط.docx,,,,2024/4/25-4-2024/25-4-2024 افراد.docx,,2024/4/25-4-2024/25.docx,,,,,,,,,,2024/4/25-4-2024/خطة انتشار 26-4-2024.docx,STALE,,,,,roster_v1_corrupt_header,"deployment: chosen own-folder document has a different date (2024-04-19, 2024-04-26)",
2024-04-26,2024/4/26-4-2024/26-4-2024.docx,,2024/4/26-4-2024/يومية تشغيل السادة الضباط + كشف راحات السادة الضباط.docx,,,,2024/4/26-4-2024/26-4-2024 افراد.docx,,2024/4/26-4-2024/26.docx,,,,,,,,,,2024/4/26-4-2024/خطة انتشار 26-4-2024.docx,,,,,,roster_v1_corrupt_header,,
2024-04-27,2024/4/27-4-2024/27-4-2024.docx,,2024/4/27-4-2024/يومية تشغيل السادة الضباط + كشف راحات السادة الضباط.docx,,,,2024/4/27-4-2024/27-4-2024 افراد.docx,,2024/4/27-4-2024/27.docx,,,,,,,,,,2024/4/27-4-2024/خطة انتشار 26-4-2024.docx,STALE,,,,,roster_v1_corrupt_header,deployment: chosen own-folder document has a different date (2024-04-26),
2024-04-28,2024/4/28-4-2024/28-4-2024.docx,,2024/4/28-4-2024/يومية تشغيل السادة الضباط + كشف راحات السادة الضباط.docx,,,,2024/4/28-4-2024/28-4-2024 افراد.docx,,2024/4/28-4-2024/28.docx,,,,,,,,,,2024/4/28-4-2024/خطة انتشار 26-4-2024.docx,STALE,,,,,roster_v1_corrupt_header,deployment: chosen own-folder document has a different date (2024-04-26),
2024-04-29,2024/4/29-4-2024/29-4-2024.docx,,2024/4/29-4-2024/يومية تشغيل السادة الضباط + كشف راحات السادة الضباط.docx,,,,2024/4/29-4-2024/28-4-2024 افراد.docx,,2024/4/28-4-2024/27.docx,,,,,,,,,,2024/4/29-4-2024/خطة انتشار 26-4-2024.docx,STALE,,,,,roster_v1_corrupt_header,afraad: chosen own-folder document has a different date (2024-04-28); deployment: chosen own-folder document has a different date (2024-04-26),
2024-04-30,2024/4/30-4-2024/29-4-2024.docx,,2024/4/30-4-2024/يومية تشغيل السادة الضباط + كشف راحات السادة الضباط.docx,,,,2024/4/30-4-2024/30-4-2024 افراد.docx,,2024/4/30-4-2024/30.docx,,,,,,,,,,2024/4/30-4-2024/خطة انتشار 26-4-2024.docx,STALE,,,,,roster_v1_corrupt_header,roster: chosen own-folder document has a different date (2024-04-29); deployment: chosen own-folder document has a different date (2024-04-26),
2024-05-01,2024/5/1-5-2024/1-5-2024.docx,,2024/5/1-5-2024/يومية تشغيل السادة الضباط + كشف راحات السادة الضباط.docx,,,,2024/5/1-5-2024/30-4-2024 افراد.docx,,2024/5/1-5-2024/1.docx,,,,,,,,,,2024/5/1-5-2024/خطة انتشار 26-4-2024.docx,STALE,,,,,roster_v1_corrupt_header,afraad: chosen own-folder document has a different date (2024-04-30); deployment: chosen own-folder document has a different date (2024-04-26),
2024-05-02,2024/5/2-5-2024/2-5-2024.docx,,2024/5/2-5-2024/يومية تشغيل السادة الضباط + كشف راحات السادة الضباط.docx,,,,2024/5/2-5-2024/28-4-2024 افراد.docx,,2024/5/2-5-2024/2.docx,,,,,,,,,,2024/5/2-5-2024/خطة انتشار 26-4-2024.docx,STALE,,,,,roster_v1_corrupt_header,afraad: 2024/5/2-5-2024/30-4-2024 افراد.docx; afraad: chosen own-folder document has a different date (2024-04-28); deployment: chosen own-folder document has a different date (2024-04-26),
2024-05-03,2024/5/3-5-2024/3-5-2024.docx,,2024/5/3-5-2024/يومية تشغيل السادة الضباط + كشف راحات السادة الضباط.docx,,,,2024/5/3-5-2024/3-5-2024 افراد.docx,,2024/5/3-5-2024/3.docx,,,,,,,,,,2024/5/3-5-2024/خطة انتشار 26-4-2024.docx,STALE,,,,,roster_v1_corrupt_header,deployment: chosen own-folder document has a different date (2024-04-26),
2024-05-04,2024/5/4-5-2024/4-5-2024.docx,,2024/5/4-5-2024/يومية تشغيل السادة الضباط + كشف راحات السادة الضباط.docx,,,,2024/5/4-5-2024/4-5-2024 افراد.docx,,2024/5/4-5-2024/4.docx,,,,,,,,,,2024/5/4-5-2024/خطة انتشار 26-4-2024.docx,STALE,,,,,roster_v1_corrupt_header,deployment: chosen own-folder document has a different date (2024-04-26),
2024-05-05,2024/5/5-5-2024/5-5-2024.docx,,2024/5/5-5-2024/يومية تشغيل السادة الضباط + كشف راحات السادة الضباط.docx,,,,2024/5/5-5-2024/5-5-2024 افراد.docx,,2024/5/5-5-2024/5.docx,,,,,,,,,,2024/5/5-5-2024/خطة انتشار 26-4-2024.docx,STALE,,,,,roster_v1_corrupt_header,deployment: chosen own-folder document has a different date (2024-04-26),
2024-05-06,2024/5/6-5-2024/6-5-2024.docx,,2024/5/6-5-2024/يومية تشغيل السادة الضباط + كشف راحات السادة الضباط.docx,,,,2024/5/6-5-2024/5-5-2024 افراد.docx,,2024/5/6-5-2024/5.docx,,,,,,,,,,2024/5/6-5-2024/خطة انتشار 26-4-2024.docx,STALE,,,,,roster_v1_corrupt_header,afraad: chosen own-folder document has a different date (2024-05-05); deployment: chosen own-folder document has a different date (2024-04-26),
2024-05-07,2024/5/7-5-2024/7-5-2024.docx,,2024/5/7-5-2024/يومية تشغيل السادة الضباط + كشف راحات السادة الضباط.docx,,,,2024/5/7-5-2024/7-5-2024 افراد.docx,,2024/5/7-5-2024/5.docx,,,,,,,,,,2024/5/7-5-2024/خطة انتشار 26-4-2024.docx,STALE,,,,,roster_v1_corrupt_header,deployment: chosen own-folder document has a different date (2024-04-26),
2024-05-08,2024/5/8-5-2024/8-5-2024.docx,,2024/5/8-5-2024/يومية تشغيل السادة الضباط + كشف راحات السادة الضباط.docx,,,,2024/5/8-5-2024/8-5-2024 افراد.docx,,2024/5/8-5-2024/8.docx,,,,,,,,,,2024/5/8-5-2024/خطة انتشار 26-4-2024.docx,STALE,,,,,roster_v1_corrupt_header,deployment: chosen own-folder document has a different date (2024-04-26),
2024-05-09,2024/5/9 -5-2024/9 -5-2024.docx,,2024/5/9 -5-2024/يومية تشغيل السادة الضباط + كشف راحات السادة الضباط.docx,,,,2024/5/9 -5-2024/9-5-2024 افراد.docx,,2024/5/9 -5-2024/9.docx,,,,,,,,,,2024/5/9 -5-2024/خطة انتشار 26-4-2024.docx,STALE,,,,,roster_v1_corrupt_header,deployment: chosen own-folder document has a different date (2024-04-26),
2024-05-10,2024/5/10-5-2024/10 -5-2024.docx,,2024/5/10-5-2024/يومية تشغيل السادة الضباط + كشف راحات السادة الضباط.docx,,,,2024/5/10-5-2024/10-5-2024 افراد.docx,,2024/5/10-5-2024/10.docx,,,,,,,,,,2024/5/10-5-2024/خطة انتشار 10-5-2024.docx,,,,,,roster_v1_corrupt_header,,
2024-05-11,2024/5/11-5-2024/11 -5-2024.docx,,2024/5/11-5-2024/يومية تشغيل السادة الضباط + كشف راحات السادة الضباط.docx,,,,2024/5/11-5-2024/11-5-2024 افراد.docx,,2024/5/11-5-2024/11.docx,,,,,,,,,,2024/5/11-5-2024/خطة انتشار 10-5-2024.docx,STALE,,,,,roster_v1_corrupt_header,deployment: chosen own-folder document has a different date (2024-05-10),
2024-05-12,2024/5/12-5-2024/12-5-2024.docx,,2024/5/12-5-2024/يومية تشغيل السادة الضباط + كشف راحات السادة الضباط.docx,,,,2024/5/12-5-2024/12-5-2024 افراد.docx,,2024/5/12-5-2024/12.docx,,,,,,,,,,2024/5/12-5-2024/خطة انتشار 10-5-2024.docx,STALE,,,,,roster_v1_corrupt_header,deployment: chosen own-folder document has a different date (2024-05-10),
2024-05-13,2024/5/13-5-2024/13-5-2024.docx,,2024/5/13-5-2024/يومية تشغيل السادة الضباط + كشف راحات السادة الضباط.docx,,,,2024/5/13-5-2024/13-5-2024 افراد.docx,,2024/5/13-5-2024/13.docx,,,,,,,,,,2024/5/13-5-2024/خطة انتشار 10-5-2024.docx,STALE,,,,,roster_v1_corrupt_header,deployment: chosen own-folder document has a different date (2024-05-10),
2024-05-14,2024/5/14-5-2024/14-5-2024.docx,,2024/5/14-5-2024/يومية تشغيل السادة الضباط + كشف راحات السادة الضباط.docx,,,,2024/5/14-5-2024/14-5-2024 افراد.docx,,2024/5/14-5-2024/14.docx,,,,,,,,,,2024/5/14-5-2024/خطة انتشار 10-5-2024.docx,STALE,,,,,roster_v1_corrupt_header,deployment: chosen own-folder document has a different date (2024-05-10),
2024-05-15,2024/5/15-5-2024/15-5-2024.docx,,2024/5/15-5-2024/يومية تشغيل السادة الضباط + كشف راحات السادة الضباط.docx,,,,2024/5/15-5-2024/15-5-2024 افراد.docx,,2024/5/15-5-2024/15.docx,,,,,,,,,,2024/5/15-5-2024/خطة انتشار 10-5-2024.docx,STALE,,,,,roster_v1_corrupt_header,deployment: chosen own-folder document has a different date (2024-05-10),
2024-05-16,2024/5/16-5-2024/16-5-2024.docx,,2024/5/16-5-2024/يومية تشغيل السادة الضباط + كشف راحات السادة الضباط.docx,,,,2024/5/16-5-2024/16-5-2024 افراد.docx,,2024/5/16-5-2024/16.docx,,,,,,,,,,2024/5/16-5-2024/خطة انتشار 10-5-2024.docx,STALE,,,,,roster_v1_corrupt_header,deployment: chosen own-folder document has a different date (2024-05-10),
2024-05-17,2024/5/17-5-2024/17-5-2024.docx,,2024/5/17-5-2024/يومية تشغيل السادة الضباط + كشف راحات السادة الضباط.docx,,,,2024/5/17-5-2024/17-5-2024 افراد.docx,,2024/5/17-5-2024/17.docx,,,,,,,,,,2024/5/18-5-2024/خطة انتشار 17-5-2024.docx,,,,,,roster_v1_corrupt_header,deployment: 2024/5/19-5-2024/خطة انتشار 17-5-2024.docx,
2024-05-18,2024/5/18-5-2024/18-5-2024.docx,,2024/5/18-5-2024/يومية تشغيل السادة الضباط + كشف راحات السادة الضباط.docx,,,,2024/5/18-5-2024/18-5-2024 افراد.docx,,2024/5/18-5-2024/18.docx,,,,,,,,,,2024/5/18-5-2024/خطة انتشار 17-5-2024.docx,STALE,,,,,roster_v1_corrupt_header,deployment: chosen own-folder document has a different date (2024-05-17),
2024-05-19,2024/5/19-5-2024/19-5-2024.docx,,2024/5/19-5-2024/يومية تشغيل السادة الضباط + كشف راحات السادة الضباط.docx,,,,2024/5/19-5-2024/19-5-2024 افراد.docx,,2024/5/19-5-2024/19.docx,,,,,,,,,,2024/5/19-5-2024/خطة انتشار 17-5-2024.docx,STALE,,,,,roster_v1_corrupt_header,deployment: chosen own-folder document has a different date (2024-05-17),
2024-05-20,2024/5/20-5-2024/20-5-2024.docx,,2024/5/20-5-2024/يومية تشغيل السادة الضباط + كشف راحات السادة الضباط.docx,,,,2024/5/20-5-2024/20-5-2024 افراد.docx,,2024/5/20-5-2024/20.docx,,,,,,,,,,2024/5/20-5-2024/خطة انتشار 17-5-2024.docx,STALE,,,,,roster_v1_corrupt_header,deployment: chosen own-folder document has a different date (2024-05-17),
2024-05-21,2024/5/21-5-2024/21-5-2024.docx,,2024/5/21-5-2024/يومية تشغيل السادة الضباط + كشف راحات السادة الضباط.docx,,,,2024/5/21-5-2024/21-5-2024 افراد.docx,,2024/5/21-5-2024/21.docx,,,,,,,,,,2024/5/21-5-2024/خطة انتشار 17-5-2024.docx,STALE,,,,,roster_v1_corrupt_header,deployment: chosen own-folder document has a different date (2024-05-17),
2024-05-22,2024/5/22-5-2024/22-5-2024.docx,,2024/5/22-5-2024/يومية تشغيل السادة الضباط + كشف راحات السادة الضباط.docx,,,,2024/5/22-5-2024/22-5-2024 افراد.docx,,2024/5/22-5-2024/22.docx,,,,,,,,,,2024/5/22-5-2024/خطة انتشار 17-5-2024.docx,STALE,,,,,roster_v1_corrupt_header,deployment: chosen own-folder document has a different date (2024-05-17),
2024-05-23,2024/5/23-5-2024/23-5-2024.docx,,2024/5/23-5-2024/يومية تشغيل السادة الضباط + كشف راحات السادة الضباط.docx,,,,2024/5/23-5-2024/23-5-2024 افراد.docx,,2024/5/23-5-2024/23.docx,,,,,,,,,,2024/5/23-5-2024/خطة انتشار 17-5-2024.docx,STALE,,,,,roster_v1_corrupt_header,deployment: chosen own-folder document has a different date (2024-05-17),
2024-05-24,2024/5/24-5-2024/24-5-2024.docx,,2024/5/24-5-2024/يومية تشغيل السادة الضباط + كشف راحات السادة الضباط.docx,,,,2024/5/24-5-2024/24-5-2024 افراد.docx,,2024/5/24-5-2024/24.docx,,,,,,,,,,2024/5/24-5-2024/خطة انتشار 24-5-2024.docx,,,,,,roster_v1_corrupt_header,,
2024-05-25,2024/5/25-5-2024/25-5-2024.docx,,2024/5/25-5-2024/يومية تشغيل السادة الضباط + كشف راحات السادة الضباط.docx,,,,2024/5/25-5-2024/25-5-2024 افراد.docx,,2024/5/25-5-2024/23.docx,,,,,,,,,,2024/5/25-5-2024/خطة انتشار 24-5-2024.docx,STALE,,,,,roster_v1_corrupt_header,deployment: chosen own-folder document has a different date (2024-05-24),
2024-05-26,2024/5/26-5-2024/26-5-2024.docx,,2024/5/26-5-2024/يومية تشغيل السادة الضباط + كشف راحات السادة الضباط.docx,,,,2024/5/26-5-2024/26-5-2024 افراد.docx,,2024/5/26-5-2024/26.docx,,,,,,,,,,2024/5/26-5-2024/خطة انتشار 24-5-2024.docx,STALE,,,,,roster_v1_corrupt_header,duty_list: chosen own-folder document has a different date (2024-05-25); deployment: chosen own-folder document has a different date (2024-05-24),
2024-05-27,2024/5/27-5-2024/27-5-2024.docx,,2024/5/27-5-2024/يومية تشغيل السادة الضباط + كشف راحات السادة الضباط.docx,,,,2024/5/27-5-2024/27-5-2024 افراد.docx,,2024/5/28-5-2024/27.docx,,,,,,,,,,2024/5/27-5-2024/خطة انتشار 24-5-2024.docx,STALE,,,,,roster_v1_corrupt_header,deployment: chosen own-folder document has a different date (2024-05-24),
2024-05-28,2024/5/28-5-2024/28-5-2024.docx,,2024/5/28-5-2024/يومية تشغيل السادة الضباط + كشف راحات السادة الضباط.docx,,,,2024/5/29-5-2024/28-5-2024 افراد.docx,,2024/5/27-5-2024/27.docx,,,,,,,,,,2024/5/28-5-2024/خطة انتشار 24-5-2024.docx,STALE,,,,,roster_v1_corrupt_header,deployment: chosen own-folder document has a different date (2024-05-24),
2024-05-29,2024/5/29-5-2024/29-5-2024.docx,,2024/5/29-5-2024/يومية تشغيل السادة الضباط + كشف راحات السادة الضباط.docx,,,,2024/5/29-5-2024/28-5-2024 افراد.docx,STALE,2024/5/29-5-2024/29.docx,,,,,,,,,,2024/5/29-5-2024/خطة انتشار 24-5-2024.docx,STALE,,,,,roster_v1_corrupt_header,afraad: chosen own-folder document has a different date (2024-05-28); deployment: chosen own-folder document has a different date (2024-05-24),
2024-05-30,2024/5/30-5-2024/30-5-2024.docx,,2024/5/30-5-2024/يومية تشغيل السادة الضباط + كشف راحات السادة الضباط.docx,,,,2024/5/31-5-2024/30-5-2024 افراد.docx,,2024/5/30-5-2024/29.docx,,,,,,,,,,2024/5/30-5-2024/خطة انتشار 24-5-2024.docx,STALE,,,,,roster_v1_corrupt_header,deployment: chosen own-folder document has a different date (2024-05-24),
2024-05-31,2024/5/31-5-2024/31-5-2024.docx,,2024/5/31-5-2024/يومية تشغيل السادة الضباط + كشف راحات السادة الضباط.docx,STALE,,,2024/5/30-5-2024/31-5-2024 افراد.docx,,2024/5/31-5-2024/24.docx,,,,,,,,,,2024/5/31-5-2024/خطة انتشار 24-5-2024.docx,,,,,,roster_v1_corrupt_header,old_officer_sheet: chosen own-folder document has a different date (2024-05-30); deployment: chosen own-folder document has a different date (2024-05-24),
2024-06-01,2024/6/1-6-2024/1-6-2024.docx,,2024/6/1-6-2024/يومية تشغيل السادة الضباط + كشف راحات السادة الضباط.docx,,,,2024/6/1-6-2024/1-6-2024 افراد.docx,,2024/6/1-6-2024/24.docx,,,,,,,,,,2024/6/1-6-2024/خطة انتشار 24-5-2024.docx,,,,,,roster_v1_corrupt_header,deployment: chosen own-folder document has a different date (2024-05-24),
2024-06-02,2024/6/2-6-2024/2-6-2024.docx,,2024/6/2-6-2024/يومية تشغيل السادة الضباط + كشف راحات السادة الضباط.docx,,,,2024/6/2-6-2024/2-6-2024 افراد.docx,,2024/6/2-6-2024/2.docx,,,,,,,,,,2024/6/2-6-2024/خطة انتشار 24-5-2024.docx,STALE,,,,,roster_v1_corrupt_header,"deployment: chosen own-folder document has a different date (2024-05-24, 2024-06-01)",
2024-06-03,2024/6/3-6-2024/3-6-2024.docx,,2024/6/3-6-2024/يومية تشغيل السادة الضباط + كشف راحات السادة الضباط.docx,,,,2024/6/3-6-2024/3-6-2024 افراد.docx,,2024/6/3-6-2024/3.docx,,,,,,,,,,2024/6/3-6-2024/خطة انتشار 24-5-2024.docx,STALE,,,,,roster_v1_corrupt_header,"deployment: chosen own-folder document has a different date (2024-05-24, 2024-06-01)",
2024-06-04,2024/6/4-6-2024/4-6-2024.docx,,2024/6/4-6-2024/يومية تشغيل السادة الضباط + كشف راحات السادة الضباط.docx,,,,2024/6/4-6-2024/4-6-2024 افراد.docx,,2024/6/4-6-2024/4.docx,,,,,,,,,,2024/6/4-6-2024/خطة انتشار 24-5-2024.docx,STALE,,,,,roster_v1_corrupt_header,"deployment: chosen own-folder document has a different date (2024-05-24, 2024-06-01)",
2024-06-05,2024/6/5-6-2024/5-6-2024.docx,,2024/6/5-6-2024/يومية تشغيل السادة الضباط + كشف راحات السادة الضباط.docx,,,,2024/6/5-6-2024/5-6-2024 افراد.docx,,2024/6/5-6-2024/5.docx,,,,,,,,,,2024/6/5-6-2024/خطة انتشار 24-5-2024.docx,STALE,,,,,roster_v1_corrupt_header,"deployment: chosen own-folder document has a different date (2024-05-24, 2024-06-01)",
2024-06-06,2024/6/6-6-2024/5-6-2024.docx,,2024/6/6-6-2024/يومية تشغيل السادة الضباط + كشف راحات السادة الضباط.docx,,,,2024/6/6-6-2024/6-6-2024 افراد.docx,,2024/6/6-6-2024/6.docx,,,,,,,,,,2024/6/6-6-2024/خطة انتشار 24-5-2024.docx,STALE,,,,,roster_v1_corrupt_header,"roster: chosen own-folder document has a different date (2024-06-05); deployment: chosen own-folder document has a different date (2024-05-24, 2024-06-01)",
2024-06-07,2024/6/7-6-2024/7-6-2024.docx,,2024/6/7-6-2024/يومية تشغيل السادة الضباط + كشف راحات السادة الضباط.docx,,,,2024/6/7-6-2024/7-6-2024 افراد.docx,,2024/6/7-6-2024/7.docx,,,,,,,,,,2024/6/7-6-2024/خطة انتشار 7-6-2024.docx,,,,,,roster_v1_corrupt_header,,
2024-06-08,2024/6/8-6-2024/8-6-2024.docx,,2024/6/8-6-2024/يومية تشغيل السادة الضباط + كشف راحات السادة الضباط.docx,,,,2024/6/8-6-2024/8-6-2024 افراد.docx,,2024/6/8-6-2024/8.docx,,,,,,,,,,2024/6/8-6-2024/خطة انتشار 7-6-2024.docx,STALE,,,,,roster_v1_corrupt_header,deployment: chosen own-folder document has a different date (2024-06-07),
2024-06-09,2024/6/9-6-2024/9-6-2024.docx,,2024/6/9-6-2024/يومية تشغيل السادة الضباط + كشف راحات السادة الضباط.docx,,,,2024/6/9-6-2024/9-6-2024 افراد.docx,,2024/6/9-6-2024/9.docx,,,,,,,,,,2024/6/9-6-2024/خطة انتشار 7-6-2024.docx,STALE,,,,,roster_v1_corrupt_header,deployment: chosen own-folder document has a different date (2024-06-07),
2024-06-10,2024/6/10-6-2024/10-6-2024.docx,,2024/6/10-6-2024/يومية تشغيل السادة الضباط + كشف راحات السادة الضباط.docx,,,,2024/6/10-6-2024/10-6-2024 افراد.docx,,2024/6/10-6-2024/10.docx,,,,,,,,,,2024/6/10-6-2024/خطة انتشار 7-6-2024.docx,STALE,,,,,roster_v1_corrupt_header,deployment: chosen own-folder document has a different date (2024-06-07),
2024-06-11,2024/6/11-6-2024/11-6-2024.docx,,2024/6/11-6-2024/يومية تشغيل السادة الضباط + كشف راحات السادة الضباط.docx,,,,2024/6/11-6-2024/11-6-2024 افراد.docx,,2024/6/11-6-2024/11.docx,,,,,,,,,,2024/6/11-6-2024/خطة انتشار 7-6-2024.docx,STALE,,,,,roster_v1_corrupt_header,deployment: chosen own-folder document has a different date (2024-06-07),
2024-06-12,2024/6/12-6-2024/12-6-2024.docx,,2024/6/12-6-2024/يومية تشغيل السادة الضباط + كشف راحات السادة الضباط.docx,,,,2024/6/12-6-2024/12-6-2024 افراد.docx,,2024/6/12-6-2024/12.docx,,,,,,,,2024/6/12-6-2024/ماتش.docx,,2024/6/12-6-2024/خطة انتشار 7-6-2024.docx,STALE,,,,,roster_v1_corrupt_header,deployment: chosen own-folder document has a different date (2024-06-07),
2024-06-13,2024/6/13-6-2024/13-6-2024.docx,,2024/6/13-6-2024/يومية تشغيل السادة الضباط + كشف راحات السادة الضباط.docx,,,,2024/6/13-6-2024/13-6-2024 افراد.docx,,2024/6/13-6-2024/13.docx,,,,,,,,,,,,,,,,roster_v1_corrupt_header,,
2024-06-14,2024/6/14-6-2024/14-6-2024.docx,,2024/6/14-6-2024/يومية تشغيل السادة الضباط + كشف راحات السادة الضباط.docx,,,,2024/6/14-6-2024/14-6-2024 افراد.docx,,2024/6/14-6-2024/14.docx,,,,,,,,,,2024/6/14-6-2024/خطة انتشار 14-6-2024.docx,,,,,,roster_v1_corrupt_header,,
2024-06-15,2024/6/15-6-2024/15-6-2024.docx,,2024/6/15-6-2024/يومية تشغيل السادة الضباط + كشف راحات السادة الضباط.docx,,,,2024/6/15-6-2024/15-6-2024 افراد.docx,,2024/6/15-6-2024/15.docx,,,,,,,,,,2024/6/15-6-2024/خطة انتشار 14-6-2024.docx,STALE,,,,,roster_v1_corrupt_header,deployment: chosen own-folder document has a different date (2024-06-14),
2024-06-16,2024/6/16-6-2024/16-6-2024.docx,,2024/6/16-6-2024/يومية تشغيل السادة الضباط + كشف راحات السادة الضباط.docx,,,,2024/6/16-6-2024/16-6-2024 افراد.docx,,2024/6/16-6-2024/16.docx,,,,,,,,,,2024/6/16-6-2024/خطة انتشار 14-6-2024.docx,STALE,,,,,roster_v1_corrupt_header,duty_list: chosen own-folder document has a different date (2024-06-15); deployment: chosen own-folder document has a different date (2024-06-14),
2024-06-17,2024/6/17-6-2024/17-6-2024.docx,,2024/6/17-6-2024/يومية تشغيل السادة الضباط + كشف راحات السادة الضباط.docx,,,,2024/6/17-6-2024/17-6-2024 افراد.docx,,2024/6/17-6-2024/17.docx,,,,,,,,,,2024/6/17-6-2024/خطة انتشار 14-6-2024.docx,STALE,,,,,roster_v1_corrupt_header,deployment: chosen own-folder document has a different date (2024-06-14),
2024-06-18,2024/6/18-6-2024/18-6-2024.docx,,2024/6/18-6-2024/يومية تشغيل السادة الضباط + كشف راحات السادة الضباط.docx,,,,2024/6/18-6-2024/18-6-2024 افراد.docx,,2024/6/18-6-2024/18.docx,,,,,,,,,,2024/6/18-6-2024/خطة انتشار 14-6-2024.docx,STALE,,,,,roster_v1_corrupt_header,deployment: chosen own-folder document has a different date (2024-06-14),
2024-06-19,2024/6/19-6-2024/19-6-2024.docx,,2024/6/19-6-2024/يومية تشغيل السادة الضباط + كشف راحات السادة الضباط.docx,,,,2024/6/19-6-2024/19-6-2024 افراد.docx,,2024/6/19-6-2024/19.docx,,,,,,,,2024/6/19-6-2024/المباراة.docx,,2024/6/19-6-2024/خطة انتشار 14-6-2024.docx,STALE,,,,,roster_v1_corrupt_header,deployment: chosen own-folder document has a different date (2024-06-14),
2024-06-20,2024/6/20-6-2024/20-6-2024.docx,,2024/6/20-6-2024/يومية تشغيل السادة الضباط + كشف راحات السادة الضباط.docx,,,,2024/6/20-6-2024/20-6-2024 افراد.docx,,2024/6/20-6-2024/20.docx,,,,,,,,2024/6/20-6-2024/ماتش.docx,,2024/6/20-6-2024/خطة انتشار 14-6-2024.docx,STALE,,,,,roster_v1_corrupt_header,deployment: chosen own-folder document has a different date (2024-06-14),
2024-06-21,2024/6/21-6-2024/21-6-2024.docx,,2024/6/21-6-2024/يومية تشغيل السادة الضباط + كشف راحات السادة الضباط.docx,,,,2024/6/21-6-2024/21-6-2024 افراد.docx,,2024/6/21-6-2024/21.docx,,,,,,,,,,2024/6/21-6-2024/خطة انتشار 21-6-2024.docx,,,,,,roster_v1_corrupt_header,,
2024-06-22,2024/6/22-6-2024/22-6-2024.docx,,2024/6/22-6-2024/يومية تشغيل السادة الضباط + كشف راحات السادة الضباط.docx,,,,2024/6/22-6-2024/22-6-2024 افراد.docx,,2024/6/22-6-2024/22.docx,,,,,,,,,,2024/6/22-6-2024/خطة انتشار 21-6-2024.docx,STALE,,,,,roster_v1_corrupt_header,deployment: chosen own-folder document has a different date (2024-06-21),
2024-06-23,2024/6/23-6-2024/23-6-2024.docx,,2024/6/23-6-2024/يومية تشغيل السادة الضباط + كشف راحات السادة الضباط.docx,,,,2024/6/23-6-2024/23-6-2024 افراد.docx,,2024/6/23-6-2024/23.docx,,,,,,,,,,2024/6/23-6-2024/خطة انتشار 21-6-2024.docx,STALE,,,,,roster_v1_corrupt_header,deployment: chosen own-folder document has a different date (2024-06-21),
2024-06-24,2024/6/24-6-2024/24-6-2024.docx,,2024/6/24-6-2024/يومية تشغيل السادة الضباط + كشف راحات السادة الضباط.docx,,,,2024/6/24-6-2024/24-6-2024 افراد.docx,,2024/6/24-6-2024/24.docx,,,,,,,,,,2024/6/24-6-2024/خطة انتشار 21-6-2024.docx,STALE,,,,,roster_v1_corrupt_header,deployment: chosen own-folder document has a different date (2024-06-21),
2024-06-25,2024/6/25-6-2024/25.6.2024.docx,,2024/6/25-6-2024/يومية تشغيل السادة الضباط + كشف راحات السادة الضباط.docx,,,,2024/6/25-6-2024/25-6-2024 افراد.docx,,2024/6/25-6-2024/25.docx,,,,,,,,,,2024/6/25-6-2024/خطة انتشار 21-6-2024.docx,STALE,,,,,roster_v1_corrupt_header,deployment: chosen own-folder document has a different date (2024-06-21),
2024-06-26,2024/6/26-6-2024/26.6.2024.docx,,2024/6/26-6-2024/يومية تشغيل السادة الضباط + كشف راحات السادة الضباط.docx,,,,2024/6/26-6-2024/26-6-2024 افراد.docx,,2024/6/26-6-2024/26.docx,,,,,,,,,,2024/6/26-6-2024/خطة انتشار 21-6-2024.docx,STALE,,,,,roster_v1_corrupt_header,deployment: chosen own-folder document has a different date (2024-06-21),
2024-06-27,2024/6/27-6-2024/27.6.2024.docx,,2024/6/27-6-2024/يومية تشغيل السادة الضباط + كشف راحات السادة الضباط.docx,,,,2024/6/27-6-2024/27-6-2024 افراد.docx,,2024/6/27-6-2024/27.docx,,,,,,,,,,2024/6/27-6-2024/خطة انتشار 21-6-2024.docx,STALE,,,,,roster_v1_corrupt_header,duty_list: chosen own-folder document has a different date (2024-06-26); deployment: chosen own-folder document has a different date (2024-06-21),
2024-06-28,2024/6/28-6-2024/28.6.2024.docx,,2024/6/28-6-2024/يومية تشغيل السادة الضباط + كشف راحات السادة الضباط.docx,,,,2024/6/28-6-2024/28-6-2024 افراد.docx,,2024/6/28-6-2024/28.docx,,,,,,,,,,2024/6/28-6-2024/خطة انتشار 28-6-2024.docx,,,,,,roster_v1_corrupt_header,,
2024-06-29,2024/6/29-6-2024/29-6-2024.docx,,2024/6/29-6-2024/يومية تشغيل السادة الضباط + كشف راحات السادة الضباط.docx,,,,2024/6/29-6-2024/29-6-2024 افراد.docx,,2024/6/29-6-2024/29.docx,,,,,,,,,,2024/6/29-6-2024/خطة انتشار 28-6-2024.docx,STALE,,,,,roster_v1_corrupt_header,deployment: chosen own-folder document has a different date (2024-06-28),
2024-06-30,2024/6/30-6-2024/30-6-2024.docx,,2024/6/30-6-2024/يومية تشغيل السادة الضباط + كشف راحات السادة الضباط.docx,,,,2024/6/30-6-2024/30-6-2024 افراد.docx,,2024/6/30-6-2024/29.docx,,,,,,,,,,2024/6/30-6-2024/خطة انتشار 30-6-2024.docx,,,,,,roster_v1_corrupt_header,,
2024-07-01,2024/7/1-7-2024/1-7-2024.docx,,2024/7/1-7-2024/يومية تشغيل السادة الضباط + كشف راحات السادة الضباط.docx,,,,2024/7/1-7-2024/1-7-2024 افراد.docx,,2024/7/1-7-2024/1.docx,,,,,,,,,,2024/7/1-7-2024/خطة انتشار 30-6-2024.docx,STALE,,,,,roster_v1_corrupt_header,deployment: chosen own-folder document has a different date (2024-06-30),
2024-07-02,2024/7/2-7-2024/2-7-2024.docx,,2024/7/2-7-2024/يومية تشغيل السادة الضباط + كشف راحات السادة الضباط.docx,,,,2024/7/2-7-2024/2-7-2024 افراد.docx,,2024/7/2-7-2024/2.docx,,,,,,,,,,2024/7/2-7-2024/خطة انتشار 30-6-2024.docx,STALE,,,,,roster_v1_corrupt_header,deployment: chosen own-folder document has a different date (2024-06-30),
2024-07-03,2024/7/3-7-2024/3-7-2024.docx,,2024/7/3-7-2024/يومية تشغيل السادة الضباط + كشف راحات السادة الضباط.docx,,,,2024/7/3-7-2024/3-7-2024 افراد.docx,,2024/7/3-7-2024/3.docx,,,,,,,,,,2024/7/3-7-2024/خطة انتشار 30-6-2024.docx,STALE,,,,,roster_v1_corrupt_header,deployment: chosen own-folder document has a different date (2024-06-30),
2024-07-04,2024/7/4-7-2024/4-7-2024.docx,,2024/7/4-7-2024/يومية تشغيل السادة الضباط + كشف راحات السادة الضباط.docx,,,,2024/7/4-7-2024/4-7-2024 افراد.docx,,2024/7/4-7-2024/3.docx,STALE,,,,,,,,,2024/7/4-7-2024/خطة انتشار 30-6-2024.docx,STALE,,,,,roster_v1_corrupt_header,duty_list: chosen own-folder document has a different date (2024-07-03); deployment: chosen own-folder document has a different date (2024-06-30),
2024-07-05,2024/7/5-7-2024/5-7-2024.docx,,2024/7/5-7-2024/يومية تشغيل السادة الضباط + كشف راحات السادة الضباط.docx,,,,2024/7/5-7-2024/5-7-2024 افراد.docx,,2024/7/5-7-2024/5.docx,,,,,,,,,,2024/7/5-7-2024/خطة انتشار 5-7-2024.docx,,,,,,roster_v1_corrupt_header,,
2024-07-06,2024/7/6-7-2024/6-7-2024.docx,,2024/7/6-7-2024/يومية تشغيل السادة الضباط + كشف راحات السادة الضباط.docx,,,,2024/7/6-7-2024/6-7-2024 افراد.docx,,2024/7/6-7-2024/6.docx,,,,,,,,,,2024/7/6-7-2024/خطة انتشار 5-7-2024.docx,STALE,,,,,roster_v1_corrupt_header,deployment: chosen own-folder document has a different date (2024-07-05),
2024-07-07,2024/7/7-7-2024/7-7-2024.docx,,2024/7/7-7-2024/يومية تشغيل السادة الضباط + كشف راحات السادة الضباط.docx,,,,2024/7/7-7-2024/7-7-2024 افراد.docx,,2024/7/7-7-2024/7.docx,,,,,,,,,,,,,,,,roster_v1_corrupt_header,,
2024-07-08,2024/7/8-7-2024/8-7-2024.docx,,2024/7/8-7-2024/يومية تشغيل السادة الضباط + كشف راحات السادة الضباط.docx,,,,2024/7/8-7-2024/8-7-2024 افراد.docx,,2024/7/8-7-2024/8.docx,,,,,,,,,,,,,,,,roster_v1_corrupt_header,,
2024-07-09,2024/7/9-7-2024/9-7-2024.docx,,2024/7/9-7-2024/يومية تشغيل السادة الضباط + كشف راحات السادة الضباط.docx,,,,2024/7/9-7-2024/9-7-2024 افراد.docx,,2024/7/9-7-2024/9.docx,,,,,,,,,,,,,,,,roster_v1_corrupt_header,,
2024-07-10,2024/7/10-7-2024/10-7-2024.docx,,2024/7/10-7-2024/يومية تشغيل السادة الضباط + كشف راحات السادة الضباط.docx,,,,2024/7/10-7-2024/10-7-2024 افراد.docx,,2024/7/10-7-2024/10.docx,,,,,,,,,,,,,,,,roster_v1_corrupt_header,,
2024-07-11,2024/7/11-7-2024/11-7-2024.docx,,2024/7/11-7-2024/يومية تشغيل السادة الضباط + كشف راحات السادة الضباط.docx,,,,2024/7/11-7-2024/11-7-2024 افراد.docx,,2024/7/11-7-2024/11.docx,,,,,,,,,,,,,,,,roster_v1_corrupt_header,,
2024-07-12,2024/7/12-7-2024/12-7-2024.docx,,2024/7/12-7-2024/يومية تشغيل السادة الضباط + كشف راحات السادة الضباط.docx,,,,2024/7/12-7-2024/12-7-2024 افراد.docx,,2024/7/12-7-2024/12.docx,,,,,,,,,,2024/7/12-7-2024/خطة انتشار 12-7-2024.docx,,,,,,roster_v1_corrupt_header,,
2024-07-13,2024/7/13-7-2024/13-7-2024.docx,,2024/7/13-7-2024/يومية تشغيل السادة الضباط + كشف راحات السادة الضباط.docx,,,,2024/7/13-7-2024/13-7-2024 افراد.docx,,2024/7/13-7-2024/13.docx,,,,,,,,,,2024/7/13-7-2024/خطة انتشار 12-7-2024.docx,STALE,,,,,roster_v1_corrupt_header,deployment: chosen own-folder document has a different date (2024-07-12),
2024-07-14,2024/7/14-7-2024/14-7-2024.docx,,2024/7/14-7-2024/يومية تشغيل السادة الضباط + كشف راحات السادة الضباط.docx,,,,2024/7/14-7-2024/14-7-2024 افراد.docx,,2024/7/14-7-2024/14.docx,,,,,,,,,,2024/7/14-7-2024/خطة انتشار 12-7-2024.docx,STALE,,,,,roster_v1_corrupt_header,deployment: chosen own-folder document has a different date (2024-07-12),
2024-07-15,2024/7/15-7-2024/15-7-2024.docx,,2024/7/15-7-2024/يومية تشغيل السادة الضباط + كشف راحات السادة الضباط.docx,,,,2024/7/15-7-2024/15-7-2024 افراد.docx,,2024/7/15-7-2024/14.docx,,,,,,,,,,2024/7/15-7-2024/خطة انتشار 12-7-2024.docx,STALE,,,,,roster_v1_corrupt_header,deployment: chosen own-folder document has a different date (2024-07-12),
2024-07-16,2024/7/16-7-2024/16-7-2024.docx,,2024/7/16-7-2024/يومية تشغيل السادة الضباط + كشف راحات السادة الضباط.docx,,,,2024/7/16-7-2024/16-7-2024 افراد.docx,,2024/7/16-7-2024/16.docx,,,,,,,,,,2024/7/16-7-2024/خطة انتشار 12-7-2024.docx,STALE,,,,,roster_v1_corrupt_header,deployment: chosen own-folder document has a different date (2024-07-12),
2024-07-17,2024/7/17-7-2024/17-7-2024.docx,,2024/7/17-7-2024/يومية تشغيل السادة الضباط + كشف راحات السادة الضباط.docx,,,,2024/7/17-7-2024/17-7-2024 افراد.docx,,2024/7/17-7-2024/17.docx,,,,,,,,,,2024/7/17-7-2024/خطة انتشار 12-7-2024.docx,STALE,,,,,roster_v1_corrupt_header,deployment: chosen own-folder document has a different date (2024-07-12),
2024-07-18,2024/7/18-7-2024/18-7-2024.docx,,2024/7/18-7-2024/يومية تشغيل السادة الضباط + كشف راحات السادة الضباط.docx,,,,2024/7/18-7-2024/18-7-2024 افراد.docx,,2024/7/18-7-2024/18.docx,,,,,,,,,,2024/7/18-7-2024/خطة انتشار 12-7-2024.docx,STALE,,,,,roster_v1_corrupt_header,deployment: chosen own-folder document has a different date (2024-07-12),
2024-07-19,2024/7/19-7-2024/19-7-2024.docx,,2024/7/19-7-2024/يومية تشغيل السادة الضباط + كشف راحات السادة الضباط.docx,,,,2024/7/19-7-2024/19-7-2024 افراد.docx,,2024/7/19-7-2024/19.docx,,,,,,,,,,2024/7/19-7-2024/خطة انتشار 19-7-2024.docx,,,,,,roster_v1_corrupt_header,,
2024-07-20,2024/7/20-7-2024/20-7-2024.docx,,2024/7/20-7-2024/يومية تشغيل السادة الضباط + كشف راحات السادة الضباط.docx,,,,2024/7/20-7-2024/20-7-2024 افراد.docx,,2024/7/20-7-2024/20.docx,,,,,,,,,,2024/7/20-7-2024/خطة انتشار 19-7-2024.docx,STALE,,,,,roster_v1_corrupt_header,deployment: chosen own-folder document has a different date (2024-07-19),
2024-07-21,2024/7/21-7-2024/21-7-2024.docx,,2024/7/21-7-2024/يومية تشغيل السادة الضباط + كشف راحات السادة الضباط.docx,,,,2024/7/21-7-2024/21-7-2024 افراد.docx,,2024/7/21-7-2024/21.docx,,,,,,,,,,2024/7/21-7-2024/خطة انتشار 19-7-2024.docx,STALE,,,,,roster_v1_corrupt_header,deployment: chosen own-folder document has a different date (2024-07-19),
2024-07-22,2024/7/22-7-2024/22-7-2024.docx,,2024/7/22-7-2024/يومية تشغيل السادة الضباط + كشف راحات السادة الضباط.docx,,,,2024/7/22-7-2024/22-7-2024 افراد.docx,,2024/7/22-7-2024/22.docx,,,,,,,,,,2024/7/22-7-2024/خطة انتشار 19-7-2024.docx,STALE,,,,,roster_v1_corrupt_header,deployment: chosen own-folder document has a different date (2024-07-19),
2024-07-23,2024/7/23-7-2024/23-7-2024.docx,,2024/7/23-7-2024/يومية تشغيل السادة الضباط + كشف راحات السادة الضباط.docx,,,,2024/7/23-7-2024/23-7-2024 افراد.docx,,2024/7/23-7-2024/23.docx,,,,,,,,,,2024/7/23-7-2024/خطة انتشار 19-7-2024.docx,STALE,,,,,roster_v1_corrupt_header,deployment: chosen own-folder document has a different date (2024-07-19),
2024-07-24,2024/7/24-7-2024/24-7-2024.docx,,2024/7/24-7-2024/يومية تشغيل السادة الضباط + كشف راحات السادة الضباط.docx,,,,2024/7/24-7-2024/24-7-2024 افراد.docx,,2024/7/24-7-2024/24.docx,,,,,,,,,,2024/7/24-7-2024/خطة انتشار 19-7-2024.docx,STALE,,,,,roster_v1_corrupt_header,deployment: chosen own-folder document has a different date (2024-07-19),
2024-07-25,2024/7/25-7-2024/25-7-2024.docx,,2024/7/25-7-2024/يومية تشغيل السادة الضباط + كشف راحات السادة الضباط.docx,,,,2024/7/25-7-2024/25-7-2024 افراد.docx,,2024/7/25-7-2024/25.docx,,,,,,,,,,2024/7/25-7-2024/خطة انتشار 19-7-2024.docx,STALE,,,,,roster_v1_corrupt_header,deployment: chosen own-folder document has a different date (2024-07-19),
2024-07-26,2024/7/26-7-2024/26-7-2024.docx,,2024/7/26-7-2024/يومية تشغيل السادة الضباط + كشف راحات السادة الضباط.docx,,,,2024/7/26-7-2024/26-7-2024 افراد.docx,,2024/7/26-7-2024/26.docx,,,,,,,,,,2024/7/26-7-2024/خطة انتشار 26-7-2024.docx,,,,,,roster_v1_corrupt_header,,
2024-07-27,2024/7/27-7-2024/27-7-2024.docx,,2024/7/27-7-2024/يومية تشغيل السادة الضباط + كشف راحات السادة الضباط.docx,,,,2024/7/27-7-2024/27-7-2024 افراد.docx,,2024/7/27-7-2024/27.docx,,,,,,,,,,2024/7/27-7-2024/خطة انتشار 26-7-2024.docx,STALE,,,,,roster_v1_corrupt_header,deployment: chosen own-folder document has a different date (2024-07-26),
2024-07-28,2024/7/28-7-2024/28-7-2024.docx,,2024/7/28-7-2024/يومية تشغيل السادة الضباط + كشف راحات السادة الضباط.docx,,,,2024/7/28-7-2024/28-7-2024 افراد.docx,,2024/7/28-7-2024/28.docx,,,,,,,,,,2024/7/28-7-2024/خطة انتشار 26-7-2024.docx,STALE,,,,,roster_v1_corrupt_header,old_officer_sheet: chosen own-folder document has a different date (2024-07-27); deployment: chosen own-folder document has a different date (2024-07-26),
2024-07-29,2024/7/29-7-2024/29-7-2024.docx,,2024/7/29-7-2024/يومية تشغيل السادة الضباط + كشف راحات السادة الضباط.docx,,,,2024/7/29-7-2024/29-7-2024 افراد.docx,,2024/7/29-7-2024/29.docx,,,,,,,,,,2024/7/29-7-2024/خطة انتشار 26-7-2024.docx,STALE,,,,,roster_v1_corrupt_header,deployment: chosen own-folder document has a different date (2024-07-26),
2024-07-30,2024/7/30-7-2024/30-7-2024.docx,,2024/7/30-7-2024/يومية تشغيل السادة الضباط + كشف راحات السادة الضباط.docx,,,,2024/7/30-7-2024/30-7-2024 افراد.docx,,2024/7/30-7-2024/30.docx,,,,,,,,,,2024/7/30-7-2024/خطة انتشار 26-7-2024.docx,STALE,,,,,roster_v1_corrupt_header,deployment: chosen own-folder document has a different date (2024-07-26),
2024-07-31,2024/7/31-7-2024/31-7-2024.docx,,2024/7/31-7-2024/يومية تشغيل السادة الضباط + كشف راحات السادة الضباط.docx,,,,2024/7/31-7-2024/31-7-2024 افراد.docx,,2024/7/31-7-2024/31.docx,,,,,,,,,,2024/7/31-7-2024/خطة انتشار 26-7-2024.docx,STALE,,,,,roster_v1_corrupt_header,deployment: chosen own-folder document has a different date (2024-07-26),
2024-08-01,2024/8/1-8-2024/1-8-2024.docx,,2024/8/1-8-2024/يومية تشغيل السادة الضباط + كشف راحات السادة الضباط.docx,,,,2024/8/1-8-2024/1-8-2024 افراد.docx,,2024/8/1-8-2024/1.docx,STALE,,,,,,,,,2024/8/1-8-2024/خطة انتشار 26-7-2024.docx,STALE,,,,,roster_v1_corrupt_header,duty_list: chosen own-folder document has a different date (2024-07-31); deployment: chosen own-folder document has a different date (2024-07-26),
2024-08-02,2024/8/2-8-2024/2-8-2024.docx,,2024/8/2-8-2024/يومية تشغيل السادة الضباط + كشف راحات السادة الضباط.docx,,,,2024/8/2-8-2024/2-8-2024 افراد.docx,,2024/8/2-8-2024/2.docx,,,,,,,,,,2024/8/2-8-2024/خطة انتشار 2-8-2024.docx,,,,,,roster_v1_corrupt_header,,
2024-08-03,2024/8/3-8-2024/3-8-2024.docx,,2024/8/3-8-2024/يومية تشغيل السادة الضباط + كشف راحات السادة الضباط.docx,,,,2024/8/3-8-2024/3-8-2024 افراد.docx,,2024/8/3-8-2024/3.docx,,,,,,,,,,2024/8/3-8-2024/خطة انتشار 2-8-2024.docx,STALE,,,,,roster_v1_corrupt_header,deployment: chosen own-folder document has a different date (2024-08-02),
2024-08-04,2024/8/4-8-2024/4-8-2024.docx,,2024/8/4-8-2024/يومية تشغيل السادة الضباط + كشف راحات السادة الضباط.docx,,,,2024/8/4-8-2024/4-8-2024 افراد.docx,,2024/8/4-8-2024/4.docx,,,,,,,,,,2024/8/4-8-2024/خطة انتشار 2-8-2024.docx,STALE,,,,,roster_v2_seniority,deployment: chosen own-folder document has a different date (2024-08-02),
2024-08-05,2024/8/5-8-2024/5-8-2024.docx,,2024/8/5-8-2024/يومية تشغيل السادة الضباط + كشف راحات السادة الضباط.docx,,,,2024/8/5-8-2024/5-8-2024 افراد.docx,,2024/8/5-8-2024/5.docx,,,,,,,,,,2024/8/5-8-2024/خطة انتشار 2-8-2024.docx,STALE,,,,,roster_v2_seniority,deployment: chosen own-folder document has a different date (2024-08-02),
2024-08-06,2024/8/6-8-2024/6-8-2024.docx,,2024/8/6-8-2024/يومية تشغيل السادة الضباط + كشف راحات السادة الضباط.docx,,,,2024/8/6-8-2024/6-8-2024 افراد.docx,,2024/8/6-8-2024/6.docx,,,,,,,,,,2024/8/6-8-2024/خطة انتشار 2-8-2024.docx,STALE,,,,,roster_v2_seniority,deployment: chosen own-folder document has a different date (2024-08-02),
2024-08-07,2024/8/7-8-2024/7-8-2024.docx,,2024/8/7-8-2024/يومية تشغيل السادة الضباط + كشف راحات السادة الضباط.docx,,,,2024/8/7-8-2024/7-8-2024 افراد.docx,,2024/8/7-8-2024/7.docx,,,,,,,,,,2024/8/7-8-2024/خطة انتشار 2-8-2024.docx,STALE,,,,,roster_v2_seniority,deployment: chosen own-folder document has a different date (2024-08-02),
2024-08-08,2024/8/8-8-2024/8-8-2024.docx,,2024/8/8-8-2024/يومية تشغيل السادة الضباط + كشف راحات السادة الضباط.docx,,,,2024/8/8-8-2024/8-8-2024 افراد.docx,,2024/8/8-8-2024/8.docx,,,,,,,,,,2024/8/8-8-2024/خطة انتشار 2-8-2024.docx,STALE,,,,,roster_v2_seniority,deployment: chosen own-folder document has a different date (2024-08-02),
2024-08-09,2024/8/9-8-2024/9-8-2024.docx,,2024/8/9-8-2024/يومية تشغيل السادة الضباط + كشف راحات السادة الضباط.docx,,,,2024/8/9-8-2024/9-8-2024 افراد.docx,,2024/8/9-8-2024/9.docx,,,,,,,,,,2024/8/9-8-2024/خطة انتشار 9-8-2024.docx,,,,,,roster_v2_seniority,,
2024-08-10,2024/8/10-8-2024/10-8-2024.docx,,2024/8/10-8-2024/يومية تشغيل السادة الضباط + كشف راحات السادة الضباط.docx,,,,2024/8/10-8-2024/10-8-2024 افراد.docx,,2024/8/10-8-2024/10.docx,,,,,,,,,,2024/8/10-8-2024/خطة انتشار 9-8-2024.docx,STALE,,,,,roster_v2_seniority,deployment: chosen own-folder document has a different date (2024-08-09),
2024-08-11,2024/8/11-8-2024/11-8-2024.docx,,2024/8/11-8-2024/يومية تشغيل السادة الضباط + كشف راحات السادة الضباط.docx,,,,2024/8/11-8-2024/11-8-2024 افراد.docx,,2024/8/11-8-2024/11.docx,,,,,,,,,,,,,,,,roster_v2_seniority,,
2024-08-12,2024/8/12-8-2024/12-8-2024.docx,,2024/8/12-8-2024/يومية تشغيل السادة الضباط + كشف راحات السادة الضباط.docx,,,,2024/8/12-8-2024/12-8-2024 افراد.docx,,2024/8/12-8-2024/12.docx,,,,,,,,,,,,,,,,roster_v2_seniority,,
2024-08-13,2024/8/13-8-2024/13-8-2024.docx,,2024/8/13-8-2024/يومية تشغيل السادة الضباط + كشف راحات السادة الضباط.docx,,,,2024/8/13-8-2024/13-8-2024 افراد.docx,,2024/8/13-8-2024/13.docx,,,,,,,,,,,,,,,,roster_v2_seniority,,
2024-08-14,2024/8/14-8-2024/14-8-2024.docx,,2024/8/14-8-2024/يومية تشغيل السادة الضباط + كشف راحات السادة الضباط.docx,,,,2024/8/14-8-2024/14-8-2024 افراد.docx,,2024/8/14-8-2024/14.docx,,,,,,,,,,2024/8/14-8-2024/خطة انتشار 9-8-2024.docx,,,,,,roster_v2_seniority,deployment: chosen own-folder document has a different date (2024-08-09),
2024-08-15,2024/8/15-8-2024/15-8-2024.docx,,2024/8/15-8-2024/يومية تشغيل السادة الضباط + كشف راحات السادة الضباط.docx,,,,2024/8/15-8-2024/15-8-2024 افراد.docx,,2024/8/15-8-2024/15.docx,,,,,,,,,,2024/8/15-8-2024/خطة انتشار 9-8-2024.docx,STALE,,,,,roster_v2_seniority,deployment: chosen own-folder document has a different date (2024-08-09),
2024-08-16,2024/8/16-8-2024/16-8-2024.docx,,2024/8/16-8-2024/يومية تشغيل السادة الضباط + كشف راحات السادة الضباط.docx,,,,2024/8/16-8-2024/16-8-2024 افراد.docx,,2024/8/16-8-2024/16.docx,,,,,,,,,,2024/8/16-8-2024/خطة انتشار 16-8-2024.docx,,,,,,roster_v2_seniority,,
2024-08-17,2024/8/17-8-2024/17-8-2024.docx,,2024/8/17-8-2024/يومية تشغيل السادة الضباط + كشف راحات السادة الضباط.docx,,,,2024/8/17-8-2024/17-8-2024 افراد.docx,,2024/8/17-8-2024/17.docx,,,,,,,,,,2024/8/17-8-2024/خطة انتشار 16-8-2024.docx,STALE,,,,,roster_v2_seniority,deployment: chosen own-folder document has a different date (2024-08-16),
2024-08-18,2024/8/18-8-2024/18-8-2024.docx,,2024/8/18-8-2024/يومية تشغيل السادة الضباط + كشف راحات السادة الضباط.docx,,,,2024/8/18-8-2024/18-8-2024 افراد.docx,,2024/8/18-8-2024/18.docx,,,,,,,,,,2024/8/18-8-2024/خطة انتشار 16-8-2024.docx,STALE,,,,,roster_v2_seniority,deployment: chosen own-folder document has a different date (2024-08-16),
2024-08-19,2024/8/19-8-2024/19-8-2024.docx,,2024/8/19-8-2024/يومية تشغيل السادة الضباط + كشف راحات السادة الضباط.docx,,,,2024/8/19-8-2024/19-8-2024 افراد.docx,,2024/8/19-8-2024/19.docx,,,,,,,,,,,,,,,,roster_v2_seniority,,
2024-08-20,2024/8/20-8-2024/20-8-2024.docx,,2024/8/20-8-2024/يومية تشغيل السادة الضباط + كشف راحات السادة الضباط.docx,,,,2024/8/20-8-2024/20-8-2024 افراد.docx,,2024/8/20-8-2024/20.docx,,,,,,,,,,2024/8/20-8-2024/خطة انتشار 16-8-2024.docx,,,,,,roster_v2_seniority,deployment: chosen own-folder document has a different date (2024-08-16),
2024-08-21,2024/8/21-8-2024/21-8-2024.docx,,2024/8/21-8-2024/يومية تشغيل السادة الضباط + كشف راحات السادة الضباط.docx,,,,2024/8/21-8-2024/21-8-2024 افراد.docx,,2024/8/21-8-2024/21.docx,,,,,,,,,,2024/8/21-8-2024/خطة انتشار 16-8-2024.docx,STALE,,,,,roster_v2_seniority,deployment: chosen own-folder document has a different date (2024-08-16),
2024-08-22,2024/8/22-8-2024/22-8-2024.docx,,2024/8/22-8-2024/يومية تشغيل السادة الضباط + كشف راحات السادة الضباط.docx,,,,2024/8/22-8-2024/22-8-2024 افراد.docx,,2024/8/22-8-2024/22.docx,,,,,,,,,,2024/8/22-8-2024/خطة انتشار 16-8-2024.docx,STALE,,,,,roster_v2_seniority,deployment: chosen own-folder document has a different date (2024-08-16),
2024-08-23,2024/8/23-8-2024/23-8-2024.docx,,2024/8/23-8-2024/يومية تشغيل السادة الضباط + كشف راحات السادة الضباط.docx,,,,2024/8/23-8-2024/22-8-2024 افراد.docx,,2024/8/23-8-2024/23.docx,,,,,,,,,,2024/8/23-8-2024/خطة انتشار 23-8-2024.docx,,,,,,roster_v2_seniority,afraad: chosen own-folder document has a different date (2024-08-22),
2024-08-24,2024/8/24-8-2024/24-8-2024 بند.docx,,2024/8/24-8-2024/يومية تشغيل السادة الضباط + كشف راحات السادة الضباط.docx,,,,2024/8/24-8-2024/23-8-2024 افراد.docx,,2024/8/24-8-2024/24.docx,,,,,,,,,,2024/8/24-8-2024/خطة انتشار 23-8-2024.docx,STALE,,,,,roster_v2_seniority,afraad: chosen own-folder document has a different date (2024-08-23); deployment: chosen own-folder document has a different date (2024-08-23),
2024-08-25,2024/8/25-8-2024/25-8-2024.docx,,2024/8/25-8-2024/يومية تشغيل السادة الضباط + كشف راحات السادة الضباط.docx,,2024/8/25-8-2024/يومية انهاردة.docx,,2024/8/25-8-2024/25-8-2024 افراد.docx,STALE,2024/8/25-8-2024/25.docx,STALE,,,,,,,,,2024/8/25-8-2024/خطة انتشار 23-8-2024.docx,STALE,,,,,roster_v2_seniority,afraad: chosen own-folder document has a different date (2024-08-24); duty_list: chosen own-folder document has a different date (2024-08-24); deployment: chosen own-folder document has a different date (2024-08-23),
2024-08-26,2024/8/26-8-2024/26-8-2024.docx,,2024/8/26-8-2024/يومية تشغيل السادة الضباط + كشف راحات السادة الضباط.docx,,2024/8/26-8-2024/يومية انهاردة.docx,,2024/8/26-8-2024/26-8-2024 افراد.docx,,2024/8/26-8-2024/26.docx,,,,,,,,,,2024/8/26-8-2024/خطة انتشار 23-8-2024.docx,STALE,,,,,roster_v2_seniority,deployment: chosen own-folder document has a different date (2024-08-23),
2024-08-27,2024/8/27-8-2024/27-8-2024.docx,,2024/8/27-8-2024/يومية تشغيل السادة الضباط + كشف راحات السادة الضباط.docx,,2024/8/27-8-2024/يومية انهارده..docx,,2024/8/27-8-2024/27-8-2024 افراد.docx,,2024/8/27-8-2024/27.docx,,,,,,,,,,2024/8/27-8-2024/خطة انتشار 23-8-2024.docx,STALE,,,,,roster_v2_seniority,deployment: chosen own-folder document has a different date (2024-08-23),
2024-08-28,2024/8/28-8-2024/28-8-2024.docx,,2024/8/28-8-2024/يومية تشغيل السادة الضباط + كشف راحات السادة الضباط.docx,,2024/8/28-8-2024/يومية انهاردة.docx,,2024/8/28-8-2024/28-8-2024 افراد.docx,,2024/8/28-8-2024/28.docx,,,,,,,,,,2024/8/28-8-2024/خطة انتشار 23-8-2024.docx,STALE,,,,,roster_v2_seniority,deployment: chosen own-folder document has a different date (2024-08-23),
2024-08-29,2024/8/29-8-2024/29-8-2024.docx,,2024/8/29-8-2024/يومية تشغيل السادة الضباط + كشف راحات السادة الضباط.docx,,2024/8/29-8-2024/يومية انهاردة..docx,,2024/8/29-8-2024/29-8-2024 افراد.docx,,2024/8/29-8-2024/29.docx,,,,,,,,,,2024/8/29-8-2024/خطة انتشار 23-8-2024.docx,STALE,,,,,roster_v2_seniority,deployment: chosen own-folder document has a different date (2024-08-23),
2024-08-30,2024/8/30-8-2024/30-8-2024.docx,,2024/8/30-8-2024/يومية تشغيل السادة الضباط + كشف راحات السادة الضباط.docx,,2024/8/30-8-2024/يومية انهاردة.docx,,2024/8/30-8-2024/30-8-2024 افراد.docx,,2024/8/30-8-2024/30.docx,,,,,,,,,,2024/8/30-8-2024/خطة انتشار 29-8-2024.docx,,,,,,roster_v2_seniority,deployment: chosen own-folder document has a different date (2024-08-29),
2024-08-31,2024/8/30-8-2024 - Copy/30-8-2024.docx,,2024/8/30-8-2024 - Copy/يومية تشغيل السادة الضباط + كشف راحات السادة الضباط.docx,,2024/8/30-8-2024 - Copy/يومية انهاردة.docx,,2024/8/30-8-2024 - Copy/31-8-2024 افراد.docx,,2024/8/30-8-2024 - Copy/31.docx,,,,,,,,,,2024/8/30-8-2024 - Copy/توزيعة سيارات خطة الانتشار لامر الخدمة.docx,,,,,,roster_v2_seniority,roster: chosen own-folder document has a different date (2024-08-30); deployment: 2024/8/30-8-2024 - Copy/خطة انتشار 29-8-2024.docx,recovered-from-copy-folder
2024-09-01,2024/9/1/1-9-2024.docx,,2024/9/1/يومية تشغيل السادة الضباط + كشف راحات السادة الضباط.docx,,2024/9/1/يومية انهاردة.docx,,2024/9/1/1-9-2024 افراد.docx,,2024/9/1/1.docx,,,,,,,,,,2024/9/1/توزيعة سيارات خطة الانتشار لامر الخدمة.docx,STALE,,,,,roster_v2_seniority,deployment: 2024/9/1/خطة انتشار 29-8-2024.docx,
2024-09-02,2024/9/2/2-9-2024.docx,,2024/9/2/يومية تشغيل السادة الضباط + كشف راحات السادة الضباط.docx,,2024/9/2/يومية انهاردة.docx,,2024/9/2/1-9-2024 افراد.docx,,2024/9/2/2.docx,,,,,,,,,,2024/9/2/توزيعة سيارات خطة الانتشار لامر الخدمة.docx,STALE,,,,,roster_v2_seniority,afraad: chosen own-folder document has a different date (2024-09-01); deployment: 2024/9/2/خطة انتشار 29-8-2024.docx,
2024-09-03,2024/9/3/3-9-2024.docx,,2024/9/3/يومية تشغيل السادة الضباط + كشف راحات السادة الضباط.docx,,2024/9/3/يومية انهاردة.docx,,2024/9/3/3-9-2024 افراد.docx,,2024/9/3/3.docx,,,,,,,,,,2024/9/3/توزيعة سيارات خطة الانتشار لامر الخدمة.docx,STALE,,,,,roster_v2_seniority,deployment: 2024/9/3/خطة انتشار 29-8-2024.docx,
2024-09-04,2024/9/4/4-9-2024.docx,,2024/9/4/يومية تشغيل السادة الضباط + كشف راحات السادة الضباط.docx,,2024/9/4/يومية انهاردة.docx,,2024/9/4/4-9-2024 افراد.docx,,2024/9/4/4.docx,,,,,,,,,,2024/9/4/توزيعة سيارات خطة الانتشار لامر الخدمة.docx,STALE,,,,,roster_v2_seniority,deployment: 2024/9/4/خطة انتشار 29-8-2024.docx,
2024-09-05,2024/9/5/5-9-2024.docx,,2024/9/5/يومية تشغيل السادة الضباط + كشف راحات السادة الضباط.docx,,2024/9/5/يومية انهاردة.docx,,2024/9/5/5-9-2024 افراد.docx,,2024/9/5/5.docx,,,,,,,,,,2024/9/5/توزيعة سيارات خطة الانتشار لامر الخدمة.docx,STALE,,,,,roster_v2_seniority,deployment: 2024/9/5/خطة انتشار 29-8-2024.docx,
2024-09-06,2024/9/6/6-9-2024.docx,,2024/9/6/يومية تشغيل السادة الضباط + كشف راحات السادة الضباط.docx,,2024/9/6/يومية انهاردة.docx,,2024/9/6/5-9-2024 افراد.docx,,2024/9/6/6 (1).docx,,,,,,,,,,2024/9/6/خطة انتشار 6-9-2024.docx,,,,,,roster_v2_seniority,"roster: chosen own-folder document has a different date (2024-09-07); afraad: chosen own-folder document has a different date (2024-09-05, 2024-09-07)",
2024-09-07,2024/9/7/7-9-2024.docx,,2024/9/7/يومية تشغيل السادة الضباط + كشف راحات السادة الضباط.docx,,2024/9/7/يومية انهاردة.docx,,2024/9/7/7-9-2024 افراد.docx,,2024/9/7/7.docx,,,,,,,,,,,,,,,,roster_v2_seniority,,
2024-09-08,2024/9/8/8-9-2024.docx,,2024/9/8/يومية تشغيل السادة الضباط + كشف راحات السادة الضباط.docx,,2024/9/8/يومية انهاردة.docx,,2024/9/8/8-9-2024 افراد.docx,,2024/9/8/8.docx,STALE,,,,,,,,,,,,,,,roster_v2_seniority,duty_list: 2024/9/8/أمر الخدمة.docx; duty_list: chosen own-folder document has a different date (2024-09-07),
2024-09-09,2024/9/9/9-9-2024.docx,,,,2024/9/9/يومية 9-9.docx,,2024/9/9/9-9-2024 افراد.docx,,2024/9/9/9.docx,,,,,,,,,,,,,,,,roster_v2_seniority,,
2024-09-10,2024/9/10/10-9-2024.docx,,2024/9/10/يومية تشغيل السادة الضباط + كشف راحات السادة الضباط.docx,,2024/9/10/يومية 10-9.docx,,2024/9/10/10-9-2024 افراد.docx,,2024/9/10/10.docx,,,,,,,,,,,,,,,,roster_v2_seniority,old_officer_sheet: chosen own-folder document has a different date (2024-09-08),
2024-09-11,2024/9/11/11-9-2024.docx,,2024/9/11/يومية تشغيل السادة الضباط + كشف راحات السادة الضباط.docx,,2024/9/11/يومية انهاردة.docx,,2024/9/11/11-9-2024 افراد.docx,,2024/9/11/11.docx,,,,,,,,,,,,,,,,roster_v2_seniority,,
2024-09-12,2024/9/12/12-9-2024.docx,,2024/9/12/يومية تشغيل السادة الضباط + كشف راحات السادة الضباط.docx,,2024/9/12/يومية انهاردة.docx,,2024/9/12/11-9-2024 افراد.docx,,2024/9/12/11.docx,,,,,,,,,,,,,,,,roster_v2_seniority,old_officer_sheet: chosen own-folder document has a different date (2024-09-08); afraad: chosen own-folder document has a different date (2024-09-11); duty_list: 2024/9/12/أمر الخدمة.docx; duty_list: chosen own-folder document has a different date (2024-09-11),
2024-09-13,2024/9/13/13-9-2024.docx,,2024/9/13/يومية تشغيل السادة الضباط + كشف راحات السادة الضباط.docx,STALE,2024/9/13/يومية انهاردة.docx,,2024/9/13/13-9-2024 افراد.docx,,2024/9/13/13.docx,,,,,,,,,,2024/9/13/خطة انتشار 6-9-2024.docx,,,,,,roster_v2_seniority,old_officer_sheet: chosen own-folder document has a different date (2024-09-08); deployment: chosen own-folder document has a different date (2024-09-06),
2024-09-14,2024/9/14/14-9-2024.docx,,2024/9/14/يومية تشغيل السادة الضباط + كشف راحات السادة الضباط.docx,STALE,2024/9/14/14-9.docx,,2024/9/14/14-9-2024 افراد.docx,,2024/9/14/14.docx,,,,,,,,,,2024/9/14/توزيعة سيارات خطة الانتشار لامر الخدمة.docx,,,,,,roster_v2_seniority,old_officer_sheet: chosen own-folder document has a different date (2024-09-08); deployment: 2024/9/14/خطة انتشار 6-9-2024.docx,
2024-09-15,2024/9/15/15-9-2024.docx,,,,2024/9/15/15-9.docx,,2024/9/15/15-9-2024 افراد.docx,,2024/9/15/15.docx,,,,,,,,,,2024/9/15/توزيعة سيارات خطة الانتشار لامر الخدمة.docx,STALE,,,,,roster_v2_seniority,deployment: 2024/9/15/خطة انتشار 6-9-2024.docx,
2024-09-16,2024/9/16/16-9-2024.docx,,,,2024/9/16/16-9.docx,,2024/9/16/16-9-2024 افراد.docx,,2024/9/16/16.docx,,,,,,,,,,2024/9/16/توزيعة سيارات خطة الانتشار لامر الخدمة.docx,STALE,,,,,roster_v2_seniority,deployment: 2024/9/16/خطة انتشار 6-9-2024.docx,
2024-09-17,2024/9/17/17-9-2024.docx,,,,2024/9/17/17-9.docx,,2024/9/17/17-9-2024 افراد.docx,,2024/9/17/17.docx,,,,,,,,,,2024/9/17/توزيعة سيارات خطة الانتشار لامر الخدمة.docx,STALE,,,,,roster_v2_seniority,deployment: 2024/9/17/خطة انتشار 6-9-2024.docx,
2024-09-18,2024/9/18/18-9-2024.docx,,,,2024/9/18/18-9.docx,,2024/9/18/18-9-2024 افراد.docx,,2024/9/18/18.docx,,,,,,,,,,2024/9/18/توزيعة سيارات خطة الانتشار لامر الخدمة.docx,STALE,,,,,roster_v2_seniority,deployment: 2024/9/18/خطة انتشار 6-9-2024.docx,
2024-09-19,2024/9/19/19-9-2024.docx,,,,2024/9/19/19-9.docx,,2024/9/19/19-9-2024 افراد.docx,,2024/9/19/19.docx,,,,,,,,,,2024/9/19/توزيعة سيارات خطة الانتشار لامر الخدمة.docx,STALE,,,,,roster_v2_seniority,afraad: chosen own-folder document has a different date (2024-09-20); deployment: 2024/9/19/خطة انتشار 6-9-2024.docx,
2024-09-20,2024/9/20/20-9-2024.docx,,,,2024/9/20/19-9.docx,STALE,2024/9/20/19-9-2024 افراد.docx,STALE,2024/9/20/20.docx,,,,,,,,,,2024/9/20/خطة انتشار 20-9-2024.docx,,,,,,roster_v2_seniority,afraad: chosen own-folder document has a different date (2024-09-19),
2024-09-21,2024/9/21/21-9-2024.docx,,,,2024/9/21/21-9.docx,,2024/9/21/21-9-2024 افراد.docx,,2024/9/21/21.docx,,,,,,,,,,2024/9/21/توزيعة سيارات خطة الانتشار لامر الخدمة.docx,,,,,,roster_v2_seniority,deployment: 2024/9/21/خطة انتشار 20-9-2024.docx,
2024-09-22,2024/9/22/22-9-2024.docx,,,,2024/9/22/22-9.docx,,2024/9/22/22-9-2024 افراد.docx,,2024/9/22/22.docx,,,,,,,,,,2024/9/22/توزيعة سيارات خطة الانتشار لامر الخدمة.docx,STALE,,,,,roster_v2_seniority,deployment: 2024/9/22/خطة انتشار 20-9-2024.docx,
2024-09-23,2024/9/23/23-9-2024.docx,,,,2024/9/23/23-9.docx,,2024/9/23/23-9-2024 افراد.docx,,2024/9/23/23.docx,,,,,,,,,,2024/9/23/توزيعة سيارات خطة الانتشار لامر الخدمة.docx,STALE,,,,,roster_v2_seniority,deployment: 2024/9/23/خطة انتشار 20-9-2024.docx,
2024-09-24,2024/9/24/24-9-2024.docx,,,,2024/9/24/24-9.docx,,2024/9/24/24-9-2024 افراد.docx,,2024/9/24/24.docx,,,,,,,,,,2024/9/24/توزيعة سيارات خطة الانتشار لامر الخدمة.docx,STALE,,,,,roster_v2_seniority,deployment: 2024/9/24/خطة انتشار 20-9-2024.docx,
2024-09-25,2024/9/25/25-9-2024.docx,,,,2024/9/25/24-9.docx,,2024/9/25/25-9-2024 افراد.docx,,2024/9/25/25.docx,,,,,,,,,,2024/9/25/توزيعة سيارات خطة الانتشار لامر الخدمة.docx,STALE,,,,,roster_v2_seniority,deployment: 2024/9/25/خطة انتشار 20-9-2024.docx,
2024-09-26,2024/9/26/26-9-2024.docx,,,,2024/9/26/24-9.docx,STALE,2024/9/26/26-9-2024 افراد.docx,,2024/9/26/26.docx,,,,,,,,,,2024/9/26/توزيعة سيارات خطة الانتشار لامر الخدمة.docx,STALE,,,,,roster_v2_seniority,deployment: 2024/9/26/خطة انتشار 20-9-2024.docx,
2024-09-27,2024/9/27/27-9-2024.docx,,2024/9/27/يومية تشغيل السادة الضباط + كشف راحات السادة الضباط.docx,,2024/9/27/27-9.docx,,2024/9/27/27-9-2024 افراد.docx,,2024/9/27/27.docx,,,,,,,,,,2024/9/27/خطة انتشار 27-9-2024.docx,,,,,,roster_v2_seniority,,
2024-09-28,2024/9/28/28-9-2024.docx,,2024/9/28/يومية تشغيل السادة الضباط + كشف راحات السادة الضباط.docx,STALE,2024/9/28/27-9.docx,STALE,2024/9/28/28-9-2024 افراد.docx,,2024/9/28/28.docx,,,,,,,,,,2024/9/28/توزيعة سيارات خطة الانتشار لامر الخدمة.docx,,,,,,roster_v2_seniority,old_officer_sheet: chosen own-folder document has a different date (2024-09-27); deployment: 2024/9/28/خطة انتشار 27-9-2024.docx,
2024-09-29,2024/9/29/29-9-2024.docx,,2024/9/29/يومية تشغيل السادة الضباط + كشف راحات السادة الضباط.docx,STALE,2024/9/29/27-9.docx,STALE,2024/9/29/29-9-2024 افراد.docx,,2024/9/29/29.docx,,,,,,,,,,2024/9/29/توزيعة سيارات خطة الانتشار لامر الخدمة.docx,STALE,,,,,roster_v2_seniority,old_officer_sheet: chosen own-folder document has a different date (2024-09-27); deployment: 2024/9/29/خطة انتشار 27-9-2024.docx,
2024-09-30,2024/9/30/30-9-2024.docx,,2024/9/30/يومية تشغيل السادة الضباط + كشف راحات السادة الضباط.docx,STALE,2024/9/30/27-9.docx,STALE,2024/9/30/30-9-2024 افراد.docx,,2024/9/30/30.docx,,,,,,,,,,2024/9/30/توزيعة سيارات خطة الانتشار لامر الخدمة.docx,STALE,,,,,roster_v2_seniority,old_officer_sheet: chosen own-folder document has a different date (2024-09-27); deployment: 2024/9/30/خطة انتشار 27-9-2024.docx,
2024-10-01,2024/10/1/1-10-2024.docx,,2024/10/1/يومية تشغيل السادة الضباط + كشف راحات السادة الضباط.docx,STALE,,,2024/10/1/1-10-2024 افراد.docx,,2024/10/1/1.docx,,,,,,,,,,2024/10/1/توزيعة سيارات خطة الانتشار لامر الخدمة.docx,STALE,,,,,roster_v2_seniority,old_officer_sheet: chosen own-folder document has a different date (2024-09-27); deployment: 2024/10/1/خطة انتشار 27-9-2024.docx,
2024-10-02,2024/10/2/2-10-2024.docx,,2024/10/2/يومية تشغيل السادة الضباط + كشف راحات السادة الضباط.docx,STALE,2024/10/2/2.10.docx,,2024/10/2/2-10-2024 افراد.docx,,2024/10/2/2.docx,,,,,,,,,,2024/10/2/توزيعة سيارات خطة الانتشار لامر الخدمة.docx,STALE,,,,,roster_v2_seniority,old_officer_sheet: chosen own-folder document has a different date (2024-09-27); deployment: 2024/10/2/خطة انتشار 27-9-2024.docx,
2024-10-03,2024/10/3/3-10-2024.docx,,2024/10/3/يومية تشغيل السادة الضباط + كشف راحات السادة الضباط.docx,STALE,2024/10/3/2.10.docx,STALE,2024/10/3/3-10-2024 افراد.docx,,2024/10/3/3.docx,,,,,,,,,,2024/10/3/توزيعة سيارات خطة الانتشار لامر الخدمة.docx,STALE,,,,,roster_v2_seniority,old_officer_sheet: chosen own-folder document has a different date (2024-09-27); deployment: 2024/10/3/خطة انتشار 27-9-2024.docx,
2024-10-04,2024/10/4/4-10-2024.docx,,2024/10/4/يومية تشغيل السادة الضباط + كشف راحات السادة الضباط.docx,,2024/10/4/4.10.2024.docx,,2024/10/4/4-10-2024 افراد.docx,,2024/10/4/4.docx,,,,,,,,,,2024/10/4/خطة انتشار 4-10-2024.docx,,,,,,roster_v2_seniority,,
2024-10-05,2024/10/5/5-10-2024.docx,,2024/10/5/يومية تشغيل السادة الضباط + كشف راحات السادة الضباط.docx,STALE,2024/10/5/5.10.2024.docx,,2024/10/5/5-10-2024 افراد.docx,,2024/10/5/4.docx,,,,,,,,,,2024/10/5/خطة انتشار 5-10-2024.docx,,,,,,roster_v2_seniority,old_officer_sheet: chosen own-folder document has a different date (2024-10-04),
2024-10-06,2024/10/6/6-10-2024.docx,,2024/10/6/يومية تشغيل السادة الضباط + كشف راحات السادة الضباط.docx,STALE,2024/10/6/6.10.2024.docx,,2024/10/6/6-10-2024 افراد.docx,,2024/10/6/6.docx,,,,,,,,,,2024/10/6/خطة انتشار 6-10-2024.docx,,,,,,roster_v2_seniority,old_officer_sheet: chosen own-folder document has a different date (2024-10-04),
2024-10-07,2024/10/7/7-10-2024.docx,,2024/10/7/يومية تشغيل السادة الضباط + كشف راحات السادة الضباط.docx,,2024/10/7/7.10.2024.docx,,2024/10/7/7-10-2024 افراد.docx,,2024/10/7/7.docx,,,,,,,,,,2024/10/7/خطة انتشار 7-10-2024.docx,,,,,,roster_v2_seniority,,
2024-10-08,2024/10/8/8-10-2024.docx,,2024/10/8/يومية تشغيل السادة الضباط + كشف راحات السادة الضباط.docx,STALE,2024/10/8/2.10.docx,,2024/10/8/8-10-2024 افراد.docx,,2024/10/8/8.docx,,,,,,,,,,2024/10/8/توزيعة سيارات خطة الانتشار لامر الخدمة.docx,,,,,,roster_v2_seniority,old_officer_sheet: chosen own-folder document has a different date (2024-10-07); board: 2024/10/8/7.10.2024.docx; deployment: 2024/10/8/خطة انتشار 7-10-2024.docx,
2024-10-09,2024/10/9/9-10-2024.docx,,2024/10/9/يومية تشغيل السادة الضباط + كشف راحات السادة الضباط.docx,,2024/10/9/9.10.2024.docx,,2024/10/9/9-10-2024 افراد.docx,,2024/10/9/9.docx,,,,,,,,,,2024/10/9/توزيعة سيارات خطة الانتشار لامر الخدمة.docx,STALE,,,,,roster_v2_seniority,deployment: 2024/10/9/خطة انتشار 7-10-2024.docx,
2024-10-10,2024/10/10/10-10-2024.docx,,2024/10/10/يومية تشغيل السادة الضباط + كشف راحات السادة الضباط.docx,STALE,2024/10/10/10.10.2024.docx,,2024/10/10/10-10-2024 افراد.docx,,2024/10/10/10.docx,,,,,,,,,,2024/10/10/توزيعة سيارات خطة الانتشار لامر الخدمة.docx,STALE,,,,,roster_v2_seniority,old_officer_sheet: chosen own-folder document has a different date (2024-10-09); deployment: 2024/10/10/خطة انتشار 7-10-2024.docx,
2024-10-11,2024/10/11/11-10-2024.docx,,2024/10/11/يومية تشغيل السادة الضباط + كشف راحات السادة الضباط.docx,STALE,2024/10/11/11.10.2024.docx,,2024/10/11/11-10-2024 افراد.docx,,2024/10/11/11.docx,,,,,,,,,,2024/10/11/خطة انتشار 11-10-2024.docx,,,,,,roster_v2_seniority,old_officer_sheet: chosen own-folder document has a different date (2024-10-09),
2024-10-12,2024/10/12/12-10-2024.docx,,2024/10/12/يومية تشغيل السادة الضباط + كشف راحات السادة الضباط.docx,STALE,2024/10/12/12.10.2024.docx,,2024/10/12/12-10-2024 افراد.docx,,2024/10/12/12.docx,,,,,,,,,,2024/10/12/توزيعة سيارات خطة الانتشار لامر الخدمة.docx,,,,,,roster_v2_seniority,old_officer_sheet: chosen own-folder document has a different date (2024-10-09); deployment: 2024/10/12/خطة انتشار 11-10-2024.docx,
2024-10-13,2024/10/13/13-10-2024.docx,,2024/10/13/يومية تشغيل السادة الضباط + كشف راحات السادة الضباط.docx,STALE,2024/10/13/13.10.2024.docx,,2024/10/13/13-10-2024 افراد.docx,,2024/10/13/13.docx,,,,,,,,,,2024/10/13/توزيعة سيارات خطة الانتشار لامر الخدمة.docx,STALE,,,,,roster_v2_seniority,old_officer_sheet: chosen own-folder document has a different date (2024-10-09); deployment: 2024/10/13/خطة انتشار 11-10-2024.docx,
2024-10-14,2024/10/14/14-10-2024.docx,,2024/10/14/يومية تشغيل السادة الضباط + كشف راحات السادة الضباط.docx,STALE,2024/10/14/14.10.2024.docx,,2024/10/14/14-10-2024 افراد.docx,,2024/10/14/14.docx,,,,,,,,,,2024/10/14/توزيعة سيارات خطة الانتشار لامر الخدمة.docx,STALE,,,,,roster_v2_seniority,old_officer_sheet: chosen own-folder document has a different date (2024-10-09); deployment: 2024/10/14/خطة انتشار 11-10-2024.docx,
2024-10-15,2024/10/15/15 -10-2024.docx,,2024/10/15/يومية تشغيل السادة الضباط + كشف راحات السادة الضباط.docx,STALE,2024/10/15/15.10.2024.docx,,2024/10/15/15-10-2024 افراد.docx,,2024/10/15/15.docx,,,,,,,,,,2024/10/15/توزيعة سيارات خطة الانتشار لامر الخدمة.docx,STALE,,,,,roster_v2_seniority,old_officer_sheet: chosen own-folder document has a different date (2024-10-09); deployment: 2024/10/15/خطة انتشار 11-10-2024.docx,
2024-10-16,2024/10/16/16-10-2024.docx,,2024/10/16/يومية تشغيل السادة الضباط + كشف راحات السادة الضباط.docx,STALE,2024/10/16/16.10.2024.docx,,2024/10/16/16-10-2024 افراد.docx,,2024/10/16/16.docx,,,,,,,,,,2024/10/16/توزيعة سيارات خطة الانتشار لامر الخدمة.docx,STALE,,,,,roster_v2_seniority,old_officer_sheet: chosen own-folder document has a different date (2024-10-09); deployment: 2024/10/16/خطة انتشار 11-10-2024.docx,
2024-10-17,2024/10/17/17 -10-2024.docx,,2024/10/17/يومية تشغيل السادة الضباط + كشف راحات السادة الضباط.docx,STALE,2024/10/17/17.10.2024.docx,,2024/10/17/17-10-2024 افراد.docx,,2024/10/17/17.docx,,,,,,,,,,2024/10/17/توزيعة سيارات خطة الانتشار لامر الخدمة.docx,STALE,,,,,roster_v2_seniority,old_officer_sheet: chosen own-folder document has a different date (2024-10-09); deployment: 2024/10/17/خطة انتشار 11-10-2024.docx,
2024-10-18,2024/10/18/18-10-2024.docx,,2024/10/18/يومية تشغيل السادة الضباط + كشف راحات السادة الضباط.docx,STALE,2024/10/18/18.10.2024.docx,,2024/10/18/18-10-2024 افراد.docx,,2024/10/18/18.docx,,,,,,,,,,2024/10/18/خطة انتشار 18-10-2024.docx,,,,,,roster_v2_seniority,old_officer_sheet: chosen own-folder document has a different date (2024-10-09),
2024-10-19,2024/10/19/19-10-2024.docx,,2024/10/19/يومية تشغيل السادة الضباط + كشف راحات السادة الضباط.docx,STALE,2024/10/19/19.10.2024.docx,,2024/10/19/19-10-2024 افراد.docx,,2024/10/19/19.docx,,,,,,,,,,2024/10/19/توزيعة سيارات خطة الانتشار لامر الخدمة.docx,,,,,,roster_v2_seniority,old_officer_sheet: chosen own-folder document has a different date (2024-10-09); deployment: 2024/10/19/خطة انتشار 18-10-2024.docx,
2024-10-20,2024/10/20/20 -10-2024.docx,,2024/10/20/يومية تشغيل السادة الضباط + كشف راحات السادة الضباط.docx,STALE,2024/10/20/20.10.2024.docx,,2024/10/20/20-10-2024 افراد.docx,,2024/10/20/20.docx,,,,,,,,,,2024/10/20/توزيعة سيارات خطة الانتشار لامر الخدمة.docx,STALE,,,,,roster_v2_seniority,old_officer_sheet: chosen own-folder document has a different date (2024-10-09); deployment: 2024/10/20/خطة انتشار 18-10-2024.docx,
2024-10-21,2024/10/21/21-10-2024.docx,,2024/10/21/يومية تشغيل السادة الضباط + كشف راحات السادة الضباط.docx,STALE,2024/10/21/21.10.2024.docx,,2024/10/21/21-10-2024 افراد.docx,,2024/10/21/21.docx,,,,,,,,,,2024/10/21/توزيعة سيارات خطة الانتشار لامر الخدمة.docx,,,,,,roster_v2_seniority,old_officer_sheet: chosen own-folder document has a different date (2024-10-09); deployment: 2024/10/21/خطة انتشار 11-10-2024.docx,
2024-10-22,2024/10/22/22-10-2024.docx,,2024/10/22/يومية تشغيل السادة الضباط + كشف راحات السادة الضباط.docx,STALE,2024/10/22/22.10.2024.docx,,2024/10/22/22-10-2024 افراد.docx,,2024/10/22/22.docx,,,,,,,,,,2024/10/22/توزيعة سيارات خطة الانتشار لامر الخدمة.docx,STALE,,,,,roster_v2_seniority,old_officer_sheet: chosen own-folder document has a different date (2024-10-09); deployment: 2024/10/22/خطة انتشار 11-10-2024.docx,
2024-10-23,2024/10/23/23-10-2024.docx,,2024/10/23/يومية تشغيل السادة الضباط + كشف راحات السادة الضباط.docx,STALE,2024/10/23/23.10.2024.docx,,2024/10/23/23-10-2024 افراد.docx,,2024/10/23/23.docx,,,,,,,,,,2024/10/23/توزيعة سيارات خطة الانتشار لامر الخدمة.docx,STALE,,,,,roster_v2_seniority,old_officer_sheet: chosen own-folder document has a different date (2024-10-09); duty_list: 2024/10/23/أمر الخدمة.docx; duty_list: chosen own-folder document has a different date (2024-10-22); deployment: 2024/10/23/خطة انتشار 11-10-2024.docx,
2024-10-24,2024/10/24/24-10-2024.docx,,2024/10/24/يومية تشغيل السادة الضباط + كشف راحات السادة الضباط.docx,STALE,2024/10/24/24.10.2024.docx,,2024/10/24/24-10-2024 افراد.docx,,2024/10/24/24.docx,,,,,,,,,,2024/10/24/خطة انتشار 24-10-2024.docx,,,,,,roster_v2_seniority,old_officer_sheet: chosen own-folder document has a different date (2024-10-09),
2024-10-25,2024/10/25/25-10-2024.docx,,2024/10/25/يومية تشغيل السادة الضباط + كشف راحات السادة الضباط.docx,STALE,2024/10/25/24.10.2024.docx,,2024/10/25/25-10-2024 افراد.docx,,2024/10/25/25.docx,,,,,,,,,,2024/10/25/خطة انتشار 25-10-2024.docx,,,,,,roster_v2_seniority,old_officer_sheet: chosen own-folder document has a different date (2024-10-09); board: chosen own-folder document has a different date (2024-10-24),
2024-10-26,2024/10/26/26-10-2024.docx,,2024/10/26/يومية تشغيل السادة الضباط + كشف راحات السادة الضباط.docx,STALE,2024/10/26/26.10.2024.docx,,2024/10/26/26-10-2024 افراد.docx,,2024/10/26/26.docx,,,,,,,,,,2024/10/26/توزيعة سيارات خطة الانتشار لامر الخدمة.docx,,,,,,roster_v2_seniority,old_officer_sheet: chosen own-folder document has a different date (2024-10-09); deployment: 2024/10/26/خطة انتشار 25-10-2024.docx,
2024-10-27,2024/10/27/27-10-2024.docx,,2024/10/27/يومية تشغيل السادة الضباط + كشف راحات السادة الضباط.docx,STALE,2024/10/27/27.10.2024.docx,,2024/10/27/27-10-2024 افراد.docx,,2024/10/27/27.docx,,,,,,,,,,2024/10/27/توزيعة سيارات خطة الانتشار لامر الخدمة.docx,STALE,,,,,roster_v2_seniority,old_officer_sheet: chosen own-folder document has a different date (2024-10-09); deployment: 2024/10/27/خطة انتشار 25-10-2024.docx,
2024-10-28,2024/10/28/28-10-2024.docx,,2024/10/28/يومية تشغيل السادة الضباط + كشف راحات السادة الضباط.docx,STALE,2024/10/28/28.10.2024.docx,,2024/10/28/28-10-2024 افراد.docx,,2024/10/28/28.docx,,,,,,,,,,2024/10/28/توزيعة سيارات خطة الانتشار لامر الخدمة.docx,STALE,,,,,roster_v2_seniority,old_officer_sheet: chosen own-folder document has a different date (2024-10-09); deployment: 2024/10/28/خطة انتشار 25-10-2024.docx,
2024-10-29,2024/10/29/29-10-2024.docx,,2024/10/29/يومية تشغيل السادة الضباط + كشف راحات السادة الضباط.docx,STALE,,,2024/10/29/28-10-2024 افراد.docx,,2024/10/29/29.docx,,,,,,,,,,2024/10/29/توزيعة سيارات خطة الانتشار لامر الخدمة.docx,STALE,,,,,roster_v2_seniority,old_officer_sheet: chosen own-folder document has a different date (2024-10-09); afraad: chosen own-folder document has a different date (2024-10-28); deployment: 2024/10/29/خطة انتشار 25-10-2024.docx,
2024-10-30,2024/10/30/30-10-2024.docx,,2024/10/30/يومية تشغيل السادة الضباط + كشف راحات السادة الضباط.docx,STALE,2024/10/30/30.docx,,2024/10/30/30-10-2024 افراد.docx,,2024/10/30/30..docx,,,,,,,,2024/10/30/ماتش.docx,,2024/10/30/توزيعة سيارات خطة الانتشار لامر الخدمة.docx,STALE,,,,,roster_v2_seniority,old_officer_sheet: chosen own-folder document has a different date (2024-10-09); deployment: 2024/10/30/خطة انتشار 25-10-2024.docx,
2024-10-31,2024/10/31/31-10-2024.docx,,2024/10/31/يومية تشغيل السادة الضباط + كشف راحات السادة الضباط.docx,STALE,2024/10/31/31.docx,,2024/10/31/31-10-2024 افراد.docx,,2024/10/31/30.docx,,,,,,,,,,2024/10/31/توزيعة سيارات خطة الانتشار لامر الخدمة.docx,STALE,,,,,roster_v2_seniority,old_officer_sheet: chosen own-folder document has a different date (2024-10-09); deployment: 2024/10/31/خطة انتشار 25-10-2024.docx,
2024-11-01,2024/11/1/1-11-2024.docx,,2024/11/1/يومية تشغيل السادة الضباط + كشف راحات السادة الضباط.docx,STALE,2024/11/1/1.docx,,2024/11/1/1-11-2024 افراد.docx,,2024/11/1/1..docx,,,,,,,,,,2024/11/1/خطة انتشار 1-11-2024.docx,,,,,,roster_v2_seniority,old_officer_sheet: chosen own-folder document has a different date (2024-10-09),
2024-11-02,2024/11/2/2-11-2024.docx,,2024/11/2/يومية تشغيل السادة الضباط + كشف راحات السادة الضباط.docx,STALE,2024/11/2/2.docx,,2024/11/2/2-11-2024 افراد.docx,,2024/11/2/2..docx,,,,,,,,,,2024/11/2/توزيعة سيارات خطة الانتشار لامر الخدمة.docx,,,,,,roster_v2_seniority,old_officer_sheet: chosen own-folder document has a different date (2024-10-09); deployment: 2024/11/2/خطة انتشار 1-11-2024.docx,
2024-11-03,2024/11/3/3-11-2024.docx,,2024/11/3/يومية تشغيل السادة الضباط + كشف راحات السادة الضباط.docx,STALE,2024/11/3/3.docx,,2024/11/3/3-11-2024 افراد.docx,,2024/11/3/3..docx,,,,,,,,,,2024/11/3/توزيعة سيارات خطة الانتشار لامر الخدمة.docx,STALE,,,,,roster_v2_seniority,old_officer_sheet: chosen own-folder document has a different date (2024-10-09); deployment: 2024/11/3/خطة انتشار 1-11-2024.docx,
2024-11-04,2024/11/4/4-11-2024.docx,,2024/11/4/يومية تشغيل السادة الضباط + كشف راحات السادة الضباط.docx,STALE,2024/11/4/4.docx,,2024/11/4/4-11-2024 افراد.docx,,2024/11/4/4..docx,,,,,,,,,,2024/11/4/توزيعة سيارات خطة الانتشار لامر الخدمة.docx,STALE,,,,,roster_v2_seniority,old_officer_sheet: chosen own-folder document has a different date (2024-10-09); deployment: 2024/11/4/خطة انتشار 1-11-2024.docx,
2024-11-05,2024/11/5/5-11-2024.docx,,2024/11/5/يومية تشغيل السادة الضباط + كشف راحات السادة الضباط.docx,STALE,2024/11/5/5.docx,,2024/11/5/5-11-2024 افراد.docx,,2024/11/5/5..docx,,,,,,,,,,2024/11/5/توزيعة سيارات خطة الانتشار لامر الخدمة.docx,STALE,,,,,roster_v2_seniority,old_officer_sheet: chosen own-folder document has a different date (2024-10-09); deployment: 2024/11/5/خطة انتشار 1-11-2024.docx,
2024-11-06,2024/11/6/6-11-2024.docx,,2024/11/6/يومية تشغيل السادة الضباط + كشف راحات السادة الضباط.docx,STALE,2024/11/6/6.docx,,2024/11/6/6-11-2024 افراد.docx,,2024/11/6/6..docx,,,,,,,,,,2024/11/6/توزيعة سيارات خطة الانتشار لامر الخدمة.docx,STALE,,,,,roster_v2_seniority,old_officer_sheet: chosen own-folder document has a different date (2024-10-09); deployment: 2024/11/6/خطة انتشار 1-11-2024.docx,
2024-11-07,2024/11/7/7 -11-2024.docx,,2024/11/7/يومية تشغيل السادة الضباط + كشف راحات السادة الضباط.docx,STALE,2024/11/7/7.docx,,2024/11/7/7-11-2024 افراد.docx,,2024/11/7/7..docx,,,,,,,,,,2024/11/7/توزيعة سيارات خطة الانتشار لامر الخدمة.docx,STALE,,,,,roster_v2_seniority,old_officer_sheet: chosen own-folder document has a different date (2024-10-09); deployment: 2024/11/7/خطة انتشار 1-11-2024.docx,
2024-11-08,2024/11/8/8-11-2024.docx,,2024/11/8/يومية تشغيل السادة الضباط + كشف راحات السادة الضباط.docx,STALE,2024/11/8/8.docx,,2024/11/8/7-11-2024 افراد.docx,,2024/11/8/8..docx,,,,,,,,,,2024/11/8/خطة انتشار 8-11-2024.docx,,,,,,roster_v2_seniority,old_officer_sheet: chosen own-folder document has a different date (2024-10-09); afraad: chosen own-folder document has a different date (2024-11-07),
2024-11-09,2024/11/9/9-11-2024.docx,,2024/11/9/يومية تشغيل السادة الضباط + كشف راحات السادة الضباط.docx,STALE,2024/11/9/9.docx,,2024/11/9/9-11-2024 افراد.docx,,2024/11/9/9..docx,,,,,,,,2024/11/9/ماتش.docx,,2024/11/9/توزيعة سيارات خطة الانتشار لامر الخدمة.docx,,,,,,roster_v2_seniority,roster: chosen own-folder document has a different date (2024-11-10); old_officer_sheet: chosen own-folder document has a different date (2024-10-09); deployment: 2024/11/9/خطة انتشار 8-11-2024.docx,
2024-11-10,2024/11/10/10-11-2024.docx,,2024/11/10/يومية تشغيل السادة الضباط + كشف راحات السادة الضباط.docx,STALE,2024/11/10/10.docx,,2024/11/10/9-11-2024 افراد.docx,,2024/11/10/9..docx,,,,,,,,2024/11/10/ماتش.docx,,2024/11/10/توزيعة سيارات خطة الانتشار لامر الخدمة.docx,STALE,,,,,roster_v2_seniority,old_officer_sheet: chosen own-folder document has a different date (2024-10-09); afraad: chosen own-folder document has a different date (2024-11-09); deployment: 2024/11/10/خطة انتشار 8-11-2024.docx,
2024-11-11,2024/11/11/11-11-2024.docx,,2024/11/11/يومية تشغيل السادة الضباط + كشف راحات السادة الضباط.docx,STALE,2024/11/11/11.docx,,2024/11/11/11 -11-2024 افراد.docx,,2024/11/11/11..docx,,,,,,,,,,2024/11/11/توزيعة سيارات خطة الانتشار لامر الخدمة.docx,STALE,,,,,roster_v2_seniority,old_officer_sheet: chosen own-folder document has a different date (2024-10-09),
2024-11-12,2024/11/12/12-11-2024.docx,,2024/11/12/يومية تشغيل السادة الضباط + كشف راحات السادة الضباط.docx,STALE,2024/11/12/12.docx,,2024/11/12/12-11-2024 افراد.docx,,2024/11/12/12..docx,,,,,,,,,,2024/11/12/توزيعة سيارات خطة الانتشار لامر الخدمة.docx,STALE,,,,,roster_v2_seniority,old_officer_sheet: chosen own-folder document has a different date (2024-10-09),
2024-11-13,2024/11/13/13-11-2024.docx,,2024/11/13/يومية تشغيل السادة الضباط + كشف راحات السادة الضباط.docx,STALE,2024/11/13/13.docx,,2024/11/13/13-11-2024 افراد.docx,,2024/11/13/13..docx,,,,,,,,,,2024/11/13/توزيعة سيارات خطة الانتشار لامر الخدمة.docx,STALE,,,,,roster_v2_seniority,old_officer_sheet: chosen own-folder document has a different date (2024-10-09),
2024-11-14,2024/11/14/14-11-2024.docx,,2024/11/14/يومية تشغيل السادة الضباط + كشف راحات السادة الضباط.docx,STALE,2024/11/14/14.docx,,2024/11/14/14-11-2024 افراد.docx,,2024/11/14/14..docx,,,,,,,,,,2024/11/14/توزيعة سيارات خطة الانتشار لامر الخدمة.docx,STALE,,,,,roster_v2_seniority,old_officer_sheet: chosen own-folder document has a different date (2024-10-09),
2024-11-15,2024/11/15/15-11-2024.docx,,2024/11/15/يومية تشغيل السادة الضباط + كشف راحات السادة الضباط.docx,STALE,2024/11/15/15.docx,,2024/11/15/15-11-2024 افراد.docx,,2024/11/15/15..docx,,,,,,,,,,2024/11/15/خطة انتشار 15-11-2024.docx,,,,,,roster_v2_seniority,old_officer_sheet: chosen own-folder document has a different date (2024-10-09),
2024-11-16,2024/11/16/16-11-2024.docx,,2024/11/16/يومية تشغيل السادة الضباط + كشف راحات السادة الضباط.docx,STALE,2024/11/16/16.docx,,2024/11/16/16-11-2024 افراد.docx,,2024/11/16/16..docx,,,,,,,,,,2024/11/16/توزيعة سيارات خطة الانتشار لامر الخدمة.docx,,,,,,roster_v2_seniority,old_officer_sheet: chosen own-folder document has a different date (2024-10-09),
2024-11-17,2024/11/17/17-11-2024.docx,,2024/11/17/يومية تشغيل السادة الضباط + كشف راحات السادة الضباط.docx,STALE,2024/11/17/17.docx,,2024/11/17/17-11-2024 افراد.docx,,2024/11/17/17..docx,,,,,,,,2024/11/17/الزيارة.docx,,2024/11/17/توزيعة سيارات خطة الانتشار لامر الخدمة.docx,STALE,,,,,roster_v2_seniority,old_officer_sheet: chosen own-folder document has a different date (2024-10-09); duty_list: 2024/11/17/أمر الخدمة.docx; duty_list: chosen own-folder document has a different date (2024-11-16); match: 2024/11/17/ماتش.docx,
2024-11-18,2024/11/18/18-11-2024.docx,,2024/11/18/يومية تشغيل السادة الضباط + كشف راحات السادة الضباط.docx,STALE,2024/11/18/18.docx,,2024/11/18/18-11-2024 افراد.docx,,2024/11/18/18..docx,,,,,,,,2024/11/18/الزيارة.docx,STALE,2024/11/18/توزيعة سيارات خطة الانتشار لامر الخدمة.docx,STALE,,,,,roster_v2_seniority,old_officer_sheet: chosen own-folder document has a different date (2024-10-09),
2024-11-19,2024/11/19/19-11-2024.docx,,2024/11/19/يومية تشغيل السادة الضباط + كشف راحات السادة الضباط.docx,STALE,2024/11/19/19.docx,,2024/11/19/19-11-2024 افراد.docx,,2024/11/19/18..docx,,,,,,,,2024/11/19/الزيارة.docx,STALE,2024/11/19/توزيعة سيارات خطة الانتشار لامر الخدمة.docx,STALE,,,,,roster_v2_seniority,old_officer_sheet: chosen own-folder document has a different date (2024-10-09),
2024-11-20,2024/11/20/20-11-2024.docx,,2024/11/20/يومية تشغيل السادة الضباط + كشف راحات السادة الضباط.docx,STALE,2024/11/20/20.docx,,2024/11/20/20-11-2024 افراد.docx,,2024/11/20/20..docx,,,,,,,,2024/11/20/الزيارة.docx,STALE,2024/11/20/توزيعة سيارات خطة الانتشار لامر الخدمة.docx,STALE,,,,,roster_v2_seniority,old_officer_sheet: chosen own-folder document has a different date (2024-10-09),
2024-11-21,2024/11/21/21-11-2024.docx,,2024/11/21/يومية تشغيل السادة الضباط + كشف راحات السادة الضباط.docx,STALE,2024/11/21/21.docx,,2024/11/21/21-11-2024 افراد.docx,,2024/11/21/21..docx,,,,,,,,,,2024/11/21/توزيعة سيارات خطة الانتشار لامر الخدمة.docx,STALE,,,,,roster_v2_seniority,old_officer_sheet: chosen own-folder document has a different date (2024-10-09),
2024-11-22,2024/11/22/22-11-2024.docx,,2024/11/22/يومية تشغيل السادة الضباط + كشف راحات السادة الضباط.docx,STALE,2024/11/22/21.docx,,2024/11/22/22-11-2024 افراد.docx,,2024/11/22/22..docx,,,,,,,,,,2024/11/22/خطة انتشار 22-11-2024.docx,,,,,,roster_v2_seniority,old_officer_sheet: chosen own-folder document has a different date (2024-10-09),
2024-11-23,2024/11/23/23-11-2024.docx,,2024/11/23/يومية تشغيل السادة الضباط + كشف راحات السادة الضباط.docx,STALE,2024/11/23/23.docx,,2024/11/23/23-11-2024 افراد.docx,,2024/11/23/23..docx,,,,,,,,,,2024/11/23/توزيعة سيارات خطة الانتشار لامر الخدمة.docx,,,,,,roster_v2_seniority,old_officer_sheet: chosen own-folder document has a different date (2024-10-09); deployment: 2024/11/23/خطة انتشار 22-11-2024.docx,
2024-11-24,2024/11/24/24-11-2024.docx,,2024/11/24/يومية تشغيل السادة الضباط + كشف راحات السادة الضباط.docx,STALE,2024/11/24/24.docx,,2024/11/24/24-11-2024 افراد.docx,,2024/11/24/24..docx,,,,,,,,2024/11/24/ماتش.docx,,2024/11/24/توزيعة سيارات خطة الانتشار لامر الخدمة.docx,STALE,,,,,roster_v2_seniority,old_officer_sheet: chosen own-folder document has a different date (2024-10-09); deployment: 2024/11/24/خطة انتشار 22-11-2024.docx,
2024-11-25,2024/11/25/25-11-2024.docx,,2024/11/25/يومية تشغيل السادة الضباط + كشف راحات السادة الضباط.docx,STALE,2024/11/25/25.docx,,2024/11/25/25-11-2024 افراد.docx,,2024/11/25/25..docx,,,,,,,,2024/11/25/ماتش.docx,STALE,2024/11/25/توزيعة سيارات خطة الانتشار لامر الخدمة.docx,STALE,,,,,roster_v2_seniority,old_officer_sheet: chosen own-folder document has a different date (2024-10-09); deployment: 2024/11/25/خطة انتشار 22-11-2024.docx,
2024-11-26,2024/11/26/بنود الحضور.docx,,2024/11/26/يومية تشغيل السادة الضباط + كشف راحات السادة الضباط.docx,STALE,2024/11/26/26.docx,,2024/11/26/26-11-2024 افراد.docx,,2024/11/26/26..docx,,,,,,,,2024/11/26/ماتش.docx,STALE,2024/11/26/توزيعة سيارات خطة الانتشار لامر الخدمة.docx,STALE,,,,,roster_v1_corrupt_header,roster: chosen own-folder document has a different date (2024-08-30); old_officer_sheet: chosen own-folder document has a different date (2024-10-09); deployment: 2024/11/26/خطة انتشار 22-11-2024.docx,
2024-11-27,2024/11/27/27-11-2024.docx,,2024/11/27/يومية تشغيل السادة الضباط + كشف راحات السادة الضباط.docx,STALE,2024/11/27/27.docx,,2024/11/27/27-11-2024 افراد.docx,,2024/11/27/27..docx,,,,,,,,2024/11/27/ماتش المصري.docx,,2024/11/27/توزيعة سيارات خطة الانتشار لامر الخدمة.docx,STALE,,,,,roster_v2_seniority,old_officer_sheet: chosen own-folder document has a different date (2024-10-09); match: 2024/11/27/ماتش.docx; deployment: 2024/11/27/خطة انتشار 22-11-2024.docx,
2024-11-28,2024/11/28/28-11-2024.docx,,2024/11/28/يومية تشغيل السادة الضباط + كشف راحات السادة الضباط.docx,STALE,2024/11/28/28.docx,,2024/11/28/28-11-2024 افراد.docx,,2024/11/28/28..docx,,,,,,,,2024/11/28/ماتش المصري.docx,STALE,2024/11/28/توزيعة سيارات خطة الانتشار لامر الخدمة.docx,STALE,,,,,roster_v2_seniority,old_officer_sheet: chosen own-folder document has a different date (2024-10-09); match: 2024/11/28/ماتش.docx; deployment: 2024/11/28/خطة انتشار 22-11-2024.docx,
2024-11-29,2024/11/29/29-11-2024.docx,,2024/11/29/يومية تشغيل السادة الضباط + كشف راحات السادة الضباط.docx,STALE,2024/11/29/29.docx,,2024/11/29/29-11-2024 افراد.docx,,2024/11/29/29..docx,,,,,,,,2024/11/29/ماتش المصري.docx,STALE,2024/11/29/خطة انتشار 29-11-2024.docx,,,,,,roster_v2_seniority,old_officer_sheet: chosen own-folder document has a different date (2024-10-09); match: 2024/11/29/ماتش.docx,
2024-11-30,2024/11/30/30-11-2024.docx,,2024/11/30/يومية تشغيل السادة الضباط + كشف راحات السادة الضباط.docx,STALE,2024/11/30/30.docx,,2024/11/30/30-11-2024 افراد.docx,,2024/11/30/30..docx,,,,,,,,2024/11/30/ماتش المصري.docx,STALE,2024/11/30/توزيعة سيارات خطة الانتشار لامر الخدمة.docx,,,,,,roster_v2_seniority,old_officer_sheet: chosen own-folder document has a different date (2024-10-09); match: 2024/11/30/ماتش.docx; deployment: 2024/11/30/خطة انتشار 29-11-2024.docx,
2024-12-01,2024/12/1/1-12-2024.docx,,2024/12/1/يومية تشغيل السادة الضباط + كشف راحات السادة الضباط.docx,STALE,2024/12/1/1.docx,,2024/12/1/1-12-2024 افراد.docx,,2024/12/1/1..docx,,,,,,,,2024/12/1/ماتش المصري.docx,STALE,2024/12/1/توزيعة سيارات خطة الانتشار لامر الخدمة.docx,STALE,,,,,roster_v2_seniority,old_officer_sheet: chosen own-folder document has a different date (2024-10-09); match: 2024/12/1/ماتش.docx; deployment: 2024/12/1/خطة انتشار 29-11-2024.docx,
2024-12-02,2024/12/2/2-12-2024.docx,,2024/12/2/يومية تشغيل السادة الضباط + كشف راحات السادة الضباط.docx,STALE,2024/12/2/2.docx,,2024/12/2/2-12-2024 افراد.docx,,2024/12/2/1..docx,,,,,,,,2024/12/2/ماتش المصري.docx,STALE,2024/12/2/توزيعة سيارات خطة الانتشار لامر الخدمة.docx,STALE,,,,,roster_v2_seniority,roster: chosen own-folder document has a different date (2024-12-03); old_officer_sheet: chosen own-folder document has a different date (2024-10-09); match: 2024/12/2/ماتش.docx; deployment: 2024/12/2/خطة انتشار 29-11-2024.docx,
2024-12-03,2024/12/3/3-12-2024.docx,,2024/12/3/يومية تشغيل السادة الضباط + كشف راحات السادة الضباط.docx,STALE,2024/12/3/3.docx,,2024/12/3/3-12-2024 افراد.docx,,2024/12/3/3..docx,,,,,,,,,,2024/12/3/توزيعة سيارات خطة الانتشار لامر الخدمة.docx,STALE,,,,,roster_v2_seniority,old_officer_sheet: chosen own-folder document has a different date (2024-10-09); deployment: 2024/12/3/خطة انتشار 29-11-2024.docx,
2024-12-04,2024/12/4/بنود الحضور.docx,,2024/12/4/يومية تشغيل السادة الضباط + كشف راحات السادة الضباط.docx,STALE,2024/12/4/4.docx,,2024/12/4/4-12-2024 افراد.docx,,2024/12/4/4..docx,,,,,,,,,,2024/12/4/توزيعة سيارات خطة الانتشار لامر الخدمة.docx,STALE,,,,,roster_v1_corrupt_header,roster: chosen own-folder document has a different date (2024-08-30); old_officer_sheet: chosen own-folder document has a different date (2024-10-09); deployment: 2024/12/4/خطة انتشار 29-11-2024.docx,
2024-12-05,2024/12/5/5-12-2024.docx,,,,2024/12/5/5.docx,,2024/12/5/5-12-2024 افراد.docx,,2024/12/5/5..docx,,,,2024/12/5/يومية القائد.docx,,,,,,,,,,,,roster_v2_seniority,,
2024-12-06,2024/12/6/6-12-2024.docx,,,,2024/12/6/6.docx,,2024/12/6/6-12-2024 افراد.docx,,2024/12/6/6..docx,,,,2024/12/6/يومية القائد.docx,,,,,,2024/12/6/خطة انتشار 6-12-2024.docx,,,,,,roster_v2_seniority,,
2024-12-07,2024/12/7/7-12-2024.docx,,,,2024/12/7/7.docx,,2024/12/7/7-12-2024 افراد.docx,,2024/12/7/7..docx,,,,2024/12/7/يومية القائد.docx,,,,,,,,,,,,roster_v2_seniority,,
2024-12-08,2024/12/8/8-12-2024.docx,,,,2024/12/8/8.docx,,2024/12/8/8-12-2024 افراد.docx,,2024/12/8/8..docx,,,,2024/12/8/يومية القائد.docx,,,,2024/12/8/ماتش.docx,,,,,,,,roster_v2_seniority,,
2024-12-09,2024/12/9/9-12-2024.docx,,,,2024/12/9/9.docx,,2024/12/9/9-12-2024 افراد.docx,,2024/12/9/9..docx,,,,2024/12/9/يومية القائد.docx,,,,,,,,,,,,roster_v2_seniority,,
2024-12-10,2024/12/10/10-12-2024.docx,,,,2024/12/10/10.docx,,2024/12/10/10-12-2024 افراد.docx,,2024/12/10/10..docx,,,,2024/12/10/يومية القائد.docx,,,,,,,,,,,,roster_v2_seniority,,
2024-12-11,2024/12/11/11-12-2024.docx,,,,2024/12/11/11.docx,,2024/12/11/11-12-2024 افراد.docx,,2024/12/11/11..docx,,,,2024/12/11/يومية القائد.docx,,,,,,,,,,,,roster_v2_seniority,,
2024-12-12,2024/12/12/12-12-2024.docx,,,,2024/12/12/12.docx,,2024/12/12/12-12-2024 افراد.docx,,2024/12/12/12..docx,,,,2024/12/12/يومية القائد.docx,,,,,,,,,,,,roster_v2_seniority,,
2024-12-13,2024/12/13/13-12-2024.docx,,,,2024/12/13/13.docx,,2024/12/13/13-12-2024 افراد.docx,,2024/12/13/13..docx,,,,2024/12/13/يومية القائد.docx,,,,,,2024/12/13/خطة انتشار 13-12-2024.docx,,,,,,roster_v2_seniority,board: 2024/12/13/33.docx,
2024-12-14,2024/12/14/14-12-2024.docx,,,,2024/12/14/14.docx,,2024/12/14/14-12-2024 افراد.docx,,2024/12/14/14..docx,,,,2024/12/14/يومية القائد.docx,,,,,,,,,,,,roster_v2_seniority,,
2024-12-15,2024/12/15/15-12-2024.docx,,,,2024/12/15/15.docx,,2024/12/15/15-12-2024 افراد.docx,,2024/12/15/15..docx,,,,2024/12/15/يومية القائد.docx,,,,2024/12/15/ماتش عادي.docx,,,,,,,,roster_v2_seniority,,
2024-12-16,2024/12/16/16-12-2024.docx,,,,2024/12/16/16.docx,,2024/12/16/16-12-2024 افراد.docx,,2024/12/16/16..docx,,,,2024/12/16/يومية القائد.docx,,,,,,,,,,,,roster_v2_seniority,afraad: chosen own-folder document has a different date (2024-12-15),
2024-12-17,2024/12/17/17-12-2024.docx,,,,2024/12/17/17.docx,,2024/12/17/17-12-2024 افراد.docx,,2024/12/17/17..docx,,,,2024/12/17/يومية القائد.docx,,,,,,,,,,,,roster_v2_seniority,,
2024-12-18,2024/12/18/18-12-2024.docx,,,,2024/12/18/18.docx,,2024/12/18/18-12-2024 افراد.docx,,2024/12/18/18..docx,,,,2024/12/18/يومية القائد.docx,,,,,,,,,,,,roster_v2_seniority,,
2024-12-19,2024/12/19/19-12-2024.docx,,,,2024/12/19/19.docx,,2024/12/19/19-12-2024 افراد.docx,,2024/12/19/19..docx,,,,2024/12/19/يومية القائد.docx,,,,2024/12/19/ماتش المصري العادي.docx,,,,,,,,roster_v2_seniority,,
2024-12-20,2024/12/20/20-12-2024.docx,,,,2024/12/20/20.docx,,2024/12/20/20-12-2024 افراد.docx,,2024/12/20/20..docx,,,,2024/12/20/يومية القائد.docx,,,,,,2024/12/20/خطة انتشار 20-12-2024.docx,,,,,,roster_v2_seniority,,
2024-12-21,2024/12/21/21-12-2024.docx,,,,2024/12/21/21.docx,,2024/12/21/21-12-2024 افراد.docx,,2024/12/21/21..docx,,,,2024/12/21/يومية القائد.docx,,,,,,,,,,,,roster_v2_seniority,,
2024-12-22,2024/12/22/22-12-2024.docx,,,,2024/12/22/22.docx,,2024/12/22/22-12-2024 افراد.docx,,2024/12/22/22..docx,,,,2024/12/22/يومية القائد.docx,,,,,,,,,,,,roster_v2_seniority,,
2024-12-23,2024/12/23/23-12-2024.docx,,,,2024/12/23/23.docx,,2024/12/23/23-12-2024 افراد.docx,,2024/12/23/23..docx,,,,2024/12/23/يومية القائد.docx,,,,,,,,,,,,roster_v2_seniority,,
2024-12-24,2024/12/24/24-12-2024.docx,,,,2024/12/24/24.docx,,2024/12/24/24-12-2024 افراد.docx,,2024/12/24/24..docx,,,,2024/12/24/يومية القائد.docx,,,,,,,,,,,,roster_v2_seniority,,
2024-12-25,2024/12/25/25-12-2024 للمديرية.docx,,,,2024/12/25/25.docx,,2024/12/25/25-12-2024 افراد.docx,,2024/12/25/25..docx,,,,2024/12/25/يومية القائد.docx,,,,,,,,,,,,roster_v4_rest,roster: 2024/12/25/25-12-2024.docx,
2024-12-26,2024/12/26/26-12-2024.docx,,,,2024/12/26/26.docx,,2024/12/26/26-12-2024 افراد.docx,,2024/12/26/25..docx,,,,2024/12/26/يومية القائد.docx,,,,2024/12/26/ماتش عادي.docx,,,,,,,,roster_v2_seniority,,
2024-12-27,2024/12/27/27-12-2024 للمديرية.docx,,,,2024/12/27/27.docx,,2024/12/27/27-12-2024 افراد.docx,,2024/12/27/27..docx,,,,2024/12/27/يومية القائد.docx,,,,2024/12/27/ماتش عادي.docx,STALE,2024/12/27/خطة انتشار 27-12-2024.docx,,,,,,roster_v4_rest,roster: 2024/12/27/27-12-2024.docx,
2024-12-28,2024/12/28/28-12-2024 للمديرية.docx,,,,2024/12/28/28.docx,,2024/12/28/28-12-2024 افراد.docx,,2024/12/28/28..docx,,,,2024/12/28/يومية القائد.docx,,,,2024/12/28/ماتش عادي.docx,STALE,2024/12/28/توزيعة سيارات خطة الانتشار لامر الخدمة.docx,,,,,,roster_v4_rest,roster: 2024/12/28/28-12-2024.docx; deployment: 2024/12/28/خطة انتشار 27-12-2024.docx,
2024-12-29,2024/12/29/29-12-2024 للمديرية.docx,,,,,,2024/12/29/29-12-2024 افراد.docx,,2024/12/29/29.docx,,,,2024/12/29/يومية القائد.docx,,,,2024/12/29/ماتش عادي.docx,,2024/12/29/توزيعة سيارات خطة الانتشار لامر الخدمة.docx,STALE,,,,,roster_v4_rest,roster: 2024/12/29/29-12-2024.docx; deployment: 2024/12/29/خطة انتشار 27-12-2024.docx,
2024-12-30,2024/12/30/30-12-2024 للمديرية.docx,,,,2024/12/30/30.docx,,2024/12/30/30-12-2024 افراد.docx,,2024/12/30/30..docx,,,,2024/12/30/يومية القائد.docx,,,,2024/12/30/ماتش عادي.docx,,2024/12/30/توزيعة سيارات خطة الانتشار لامر الخدمة.docx,STALE,,,,,roster_v4_rest,deployment: 2024/12/30/خطة انتشار 27-12-2024.docx,
2024-12-31,2024/12/31/31-12-2024 للمديرية.docx,,,,2024/12/31/31.docx,,2024/12/31/31-12-2024 افراد.docx,,2024/12/31/31..docx,,,,2024/12/31/يومية القائد.docx,,,,2024/12/31/ماتش المصري العادي.docx,,2024/12/31/خطة انتشار 31-12-2024.docx,,,,,,roster_v4_rest,,
2025-01-01,2025/1/1/1-1-2025للمديرية.docx,,,,2025/1/1/1.docx,,2025/1/1/1-1-2025افراد.docx,,2025/1/1/1..docx,,,,2025/1/1/يومية القائد.docx,STALE,,,2025/1/1/ماتش المصري العادي.docx,STALE,2025/1/1/توزيعة سيارات خطة الانتشار لامر الخدمة.docx,,,,,,roster_v4_rest,counts_leader: chosen own-folder document has a different date (2024-12-31); deployment: 2025/1/1/خطة انتشار 31-12-2024.docx,
2025-01-02,2025/1/2/2-1-2025للمديرية.docx,,,,2025/1/2/2.docx,,2025/1/2/2-1-2025افراد.docx,,2025/1/2/2..docx,,,,2025/1/2/يومية القائد.docx,STALE,,,2025/1/2/ماتش المصري العادي.docx,STALE,2025/1/2/توزيعة سيارات خطة الانتشار لامر الخدمة.docx,STALE,,,,,roster_v4_rest,counts_leader: chosen own-folder document has a different date (2024-12-31); deployment: 2025/1/2/خطة انتشار 31-12-2024.docx,
2025-01-03,2025/1/3/3-1-2025للمديرية.docx,,,,2025/1/3/3.docx,,2025/1/3/3-1-2025افراد.docx,,2025/1/3/3..docx,,,,2025/1/3/يومية القائد.docx,,,,,,2025/1/3/خطة انتشار 3-1-2025.docx,,,,,,roster_v4_rest,,
2025-01-04,2025/1/4/4-1-2025 للمديرية.docx,,,,2025/1/4/4.docx,,2025/1/4/4-1-2025 افراد.docx,,2025/1/4/4..docx,,,,2025/1/4/يومية القائد.docx,STALE,,,,,2025/1/4/توزيعة سيارات خطة الانتشار لامر الخدمة.docx,,,,,,roster_v4_rest,counts_leader: chosen own-folder document has a different date (2025-01-03),
2025-01-05,2025/1/5/5-1-2025 للمديرية.docx,,,,2025/1/5/5.docx,,2025/1/5/5-1-2025 افراد.docx,,2025/1/5/5..docx,,,,2025/1/5/يومية القائد.docx,,,,,,2025/1/5/توزيعة سيارات خطة الانتشار لامر الخدمة.docx,STALE,,,,,roster_v4_rest,,
2025-01-06,2025/1/6/6-1-2025 للمديرية.docx,,,,2025/1/6/31.docx,,2025/1/6/6-1-2024 افراد.docx,,2025/1/6/6..docx,,,,2025/1/6/يومية القائد.docx,,,,,,2025/1/6/خطة انتشار 6-1-2025.docx,,,,,,roster_v4_rest,board: 2025/1/6/6.docx,afraad: name year typo
2025-01-07,2025/1/7/7-1-2025 للمديرية.docx,,,,2025/1/7/7.docx,,2025/1/7/7-1-2024 افراد.docx,,2025/1/7/7..docx,,,,2025/1/7/يومية القائد.docx,,,,,,2025/1/7/توزيعة سيارات خطة الانتشار لامر الخدمة.docx,,,,,,roster_v4_rest,deployment: 2025/1/7/خطة انتشار 6-1-2025.docx,afraad: name year typo
2025-01-08,2025/1/8/8-1-2025للمديرية.docx,,,,2025/1/8/8.docx,,2025/1/8/8-1-2024 افراد.docx,,2025/1/8/8..docx,,,,2025/1/8/يومية القائد.docx,,,,2025/1/8/ماتش المصري العادي.docx,,2025/1/8/توزيعة سيارات خطة الانتشار لامر الخدمة.docx,STALE,,,,,roster_v4_rest,deployment: 2025/1/8/خطة انتشار 31-12-2024.docx,afraad: name year typo
2025-01-09,2025/1/9/9-1-2025للمديرية.docx,,,,2025/1/9/9.docx,,2025/1/9/9-1-2024 افراد.docx,,2025/1/9/9..docx,,,,2025/1/9/يومية القائد.docx,,,,,,,,,,,,roster_v4_rest,,afraad: name year typo
2025-01-10,2025/1/10/10-1-2025للمديرية.docx,,,,2025/1/10/10.docx,,2025/1/10/10-1-2025افراد.docx,,2025/1/10/10..docx,,,,2025/1/10/يومية القائد.docx,,,,,,2025/1/10/خطة انتشار 10-1-2025.docx,,,,,,roster_v4_rest,,
2025-01-11,2025/1/11/11-1-2025للمديرية.docx,,,,2025/1/11/11.docx,,2025/1/11/11-1-2024 افراد.docx,,2025/1/11/11..docx,,,,2025/1/11/يومية القائد.docx,,,,,,,,,,,,roster_v4_rest,,afraad: name year typo
2025-01-12,2025/1/12/12-1-2025للمديرية.docx,,,,2025/1/12/12.docx,,2025/1/12/12-1-2024 افراد.docx,,2025/1/12/12..docx,,,,2025/1/12/يومية القائد.docx,,,,,,,,,,,,roster_v4_rest,,afraad: name year typo
2025-01-13,2025/1/13/13-1-2025للمديرية.docx,,,,2025/1/13/13.docx,,2025/1/13/13-1-2024 افراد.docx,,2025/1/13/13..docx,,,,2025/1/13/يومية القائد.docx,,,,,,,,,,,,roster_v4_rest,,afraad: name year typo
2025-01-14,2025/1/14/14-1-2025للمديرية.docx,,,,2025/1/14/14.docx,,2025/1/14/14-1-2024 افراد.docx,,2025/1/14/14..docx,,,,2025/1/14/يومية القائد.docx,,,,,,,,,,,,roster_v4_rest,,afraad: name year typo
2025-01-15,2025/1/15/15-1-2025للمديرية.docx,,,,2025/1/15/15.docx,,2025/1/15/15-1-2024 افراد.docx,,2025/1/15/15..docx,,,,2025/1/15/يومية القائد.docx,,,,,,,,,,,,roster_v4_rest,,afraad: name year typo
2025-01-16,2025/1/16/16-1-2025للمديرية.docx,,,,2025/1/16/16.docx,,2025/1/16/16-1-2024 افراد.docx,,2025/1/16/16..docx,,,,2025/1/16/يومية القائد.docx,,,,,,,,,,,,roster_v4_rest,,afraad: name year typo
2025-01-17,2025/1/17/17-1-2025 للمديرية.docx,,,,2025/1/17/17.docx,,2025/1/17/17-1-2025 افراد.docx,,2025/1/17/17..docx,,,,2025/1/17/يومية القائد.docx,,,,,,2025/1/17/خطة انتشار 17-1-2025.docx,,,,,,roster_v4_rest,,
2025-01-18,2025/1/18/18-1-2025 للمديرية.docx,,,,2025/1/18/18.docx,,2025/1/18/18-1-2024 افراد.docx,,2025/1/18/18..docx,,,,2025/1/18/يومية القائد.docx,,,,,,2025/1/18/خطة انتشار 18-1-2025.docx,,,,,,roster_v4_rest,,afraad: name year typo
2025-01-19,2025/1/19/19-1-2025 للمديرية.docx,,,,2025/1/19/19.docx,,2025/1/19/19-1-2024 افراد.docx,,2025/1/19/19..docx,,,,2025/1/19/يومية القائد.docx,,,,,,,,,,,,roster_v4_rest,,afraad: name year typo
2025-01-20,2025/1/20/20-1-2025 للمديرية.docx,,,,2025/1/20/20.docx,,2025/1/20/20-1-2024 افراد.docx,,2025/1/20/20..docx,,,,2025/1/20/يومية القائد.docx,,,,,,,,,,,,roster_v4_rest,,afraad: name year typo
2025-01-21,2025/1/21/21-1-2025 للمديرية.docx,,,,2025/1/21/21.docx,,2025/1/21/21-1-2024 افراد.docx,,2025/1/21/21..docx,,,,2025/1/21/يومية القائد.docx,,,,,,,,,,,,roster_v4_rest,,afraad: name year typo
2025-01-22,2025/1/22/22-1-2025 للمديرية.docx,,,,2025/1/22/22.docx,,2025/1/22/22-1-2024 افراد.docx,,2025/1/22/22..docx,,,,2025/1/22/يومية القائد.docx,,,,,,,,,,,,roster_v4_rest,,afraad: name year typo
2025-01-23,2025/1/23/23-1-2025 للمديرية.docx,,,,2025/1/23/23.docx,,2025/1/23/23-1-2024 افراد.docx,,2025/1/23/23..docx,,,,2025/1/23/يومية القائد.docx,,,,2025/1/23/ماتش عادي.docx,,2025/1/23/خطة انتشار 23-1-2025.docx,,,,,,roster_v4_rest,,afraad: name year typo
2025-01-24,2025/1/24/24-1-2025 للمديرية.docx,,,,2025/1/24/24.docx,,2025/1/24/24-1-2024 افراد.docx,,2025/1/24/24..docx,,,,2025/1/24/يومية القائد.docx,,,,,,2025/1/24/خطة انتشار 24-1-2025.docx,,,,,,unknown,,afraad: name year typo
2025-01-25,2025/1/25/25-1-2025 للمديرية.docx,,,,2025/1/25/25.docx,,2025/1/25/25-1-2024 افراد.docx,,2025/1/25/25..docx,,,,2025/1/25/يومية القائد.docx,,,,,,2025/1/25/خطة انتشار 25-1-2025.docx,,,,,,roster_v4_rest,,afraad: name year typo
2025-01-26,2025/1/26/26-1-2025 للمديرية.docx,,,,2025/1/26/26.docx,,2025/1/26/26-1-2024 افراد.docx,,2025/1/26/26..docx,,,,2025/1/26/يومية القائد.docx,,,,2025/1/26/ماتش عادي.docx,,2025/1/26/خطة انتشار 26-1-2025.docx,,,,,,roster_v4_rest,,afraad: name year typo
2025-01-27,2025/1/27/27-1-2025 للمديرية.docx,,,,2025/1/27/27.docx,,2025/1/27/27-1-2024 افراد.docx,,2025/1/27/27..docx,,,,2025/1/27/يومية القائد.docx,,,,2025/1/27/ماتش المصري العادي.docx,,2025/1/27/الانتشار.docx,,,,,,roster_v4_rest,,afraad: name year typo
2025-01-28,2025/1/28/28-1-2025 للمديرية.docx,,,,2025/1/28/28.docx,,2025/1/28/28-1-2024 افراد.docx,,2025/1/28/28..docx,,,,2025/1/28/يومية القائد.docx,,,,2025/1/28/ماتش المصري العادي.docx,STALE,2025/1/28/الانتشار.docx,STALE,,,,,roster_v4_rest,afraad: chosen own-folder document has a different date (2025-01-27); counts_leader: chosen own-folder document has a different date (2025-01-27),afraad: name year typo
2025-01-29,2025/1/29/29-1-2025 للمديرية.docx,,,,2025/1/29/29.docx,,2025/1/29/29-1-2024 افراد.docx,,2025/1/29/28..docx,,,,2025/1/29/يومية القائد.docx,STALE,,,2025/1/29/ماتش المصري العادي.docx,STALE,2025/1/29/الانتشار.docx,STALE,,,,,roster_v4_rest,counts_leader: chosen own-folder document has a different date (2025-01-27),afraad: name year typo
2025-01-30,2025/1/30/31-1-2025 للمديرية.docx,,,,2025/1/30/30.docx,,2025/1/30/30-1-2024 افراد.docx,,2025/1/30/30..docx,,,,2025/1/30/يومية القائد.docx,,,,2025/1/30/ماتش المصري العادي.docx,STALE,2025/1/30/الانتشار.docx,STALE,,,,,roster_v4_rest,roster: chosen own-folder document has a different date (2025-01-31),afraad: name year typo
2025-01-31,2025/1/31/31-1-2025 للمديرية.docx,,,,2025/1/31/31.docx,,2025/1/31/31-1-2024 افراد.docx,,2025/1/31/31..docx,,,,2025/1/31/يومية القائد.docx,,,,2025/1/31/ماتش المصري العادي.docx,STALE,2025/1/31/خطة انتشار 31-1-2025.docx,,,,,,roster_v4_rest,,afraad: name year typo
2025-02-01,2025/2/1/1-2-2025 للمديرية.docx,,,,2025/2/1/1.docx,,2025/2/1/1-2-2024 افراد.docx,,2025/2/1/1..docx,,,,2025/2/1/يومية القائد.docx,,,,2025/2/1/ماتش المصري العادي.docx,,2025/2/1/الانتشار.docx,,,,,,roster_v4_rest,,afraad: name year typo
2025-02-02,2025/2/2/2-2-2025 للمديرية.docx,,,,2025/2/2/2.docx,,2025/2/2/2-2-2024 افراد.docx,,2025/2/2/2..docx,,,,2025/2/2/يومية القائد.docx,,,,2025/2/2/ماتش المصري العادي.docx,STALE,2025/2/2/الانتشار.docx,STALE,,,,,roster_v4_rest,,afraad: name year typo
2025-02-03,2025/2/3/3-2-2025 للمديرية.docx,,,,2025/2/3/3.docx,,2025/2/3/3-2-2024 افراد.docx,,2025/2/3/3..docx,,,,2025/2/3/يومية القائد.docx,,,,2025/2/3/ماتش المصري العادي.docx,STALE,2025/2/3/الانتشار.docx,STALE,,,,,roster_v4_rest,match: 2025/2/3/ماتش عادي.docx,afraad: name year typo
2025-02-04,2025/2/4/4-2-2025 للمديرية.docx,,,,2025/2/4/4.docx,,2025/2/4/4-2-2024 افراد.docx,,2025/2/4/4..docx,,,,2025/2/4/يومية القائد.docx,,,,2025/2/4/ماتش المصري العادي.docx,,2025/2/4/الانتشار.docx,STALE,,,,,roster_v4_rest,match: 2025/2/4/ماتش عادي.docx,afraad: name year typo
2025-02-05,2025/2/5/5-2-2025 للمديرية.docx,,,,2025/2/5/5.docx,,2025/2/5/5-2-2024 افراد.docx,,2025/2/5/5..docx,,,,2025/2/5/يومية القائد.docx,STALE,,,2025/2/5/ماتش المصري العادي.docx,STALE,2025/2/5/الانتشار.docx,STALE,,,,,roster_v4_rest,counts_leader: chosen own-folder document has a different date (2025-02-04); match: 2025/2/5/ماتش عادي.docx,afraad: name year typo
2025-02-06,2025/2/6/6-2-2025 للمديرية.docx,,,,2025/2/6/6.docx,,2025/2/6/6-2-2024 افراد.docx,,2025/2/6/6..docx,,,,2025/2/6/يومية القائد.docx,STALE,,,2025/2/6/ماتش المصري العادي.docx,STALE,2025/2/6/الانتشار.docx,STALE,,,,,roster_v4_rest,counts_leader: chosen own-folder document has a different date (2025-02-04); match: 2025/2/6/ماتش عادي.docx,afraad: name year typo
2025-02-07,2025/2/7/7-2-2025 للمديرية.docx,,,,2025/2/7/7.docx,,2025/2/7/7-2-2024 افراد.docx,,2025/2/7/7..docx,,,,2025/2/7/يومية القائد.docx,STALE,,,2025/2/7/ماتش المصري العادي.docx,STALE,2025/2/7/خطة انتشار 7-2-2025.docx,,,,,,roster_v4_rest,roster: chosen own-folder document has a different date (2025-02-08); counts_leader: chosen own-folder document has a different date (2025-02-04); match: 2025/2/7/ماتش عادي.docx,afraad: name year typo
2025-02-08,2025/2/8/8-2-2025 للمديرية.docx,,,,2025/2/8/7.docx,STALE,2025/2/8/8-2-2024 افراد.docx,,2025/2/8/8..docx,,,,2025/2/8/يومية القائد.docx,,,,2025/2/8/ماتش المصري العادي.docx,STALE,2025/2/8/الانتشار.docx,,,,,,roster_v4_rest,board: 2025/2/8/8.docx; match: 2025/2/8/ماتش عادي.docx,afraad: name year typo
2025-02-09,2025/2/9/9-2-2025 للمديرية.docx,,,,2025/2/9/7.docx,STALE,2025/2/9/9-2-2024 افراد.docx,,2025/2/9/9..docx,,,,2025/2/9/يومية القائد.docx,,,,2025/2/9/ماتش المصري العادي.docx,STALE,2025/2/9/الانتشار.docx,STALE,,,,,roster_v4_rest,match: 2025/2/9/ماتش عادي.docx,afraad: name year typo
2025-02-10,2025/2/10/10-2-2025 للمديرية.docx,,,,2025/2/10/7.docx,STALE,2025/2/10/10-2-2024 افراد.docx,,2025/2/10/10..docx,,,,2025/2/10/يومية القائد.docx,,,,2025/2/10/ماتش المصري العادي.docx,STALE,2025/2/10/الانتشار.docx,STALE,,,,,roster_v4_rest,match: 2025/2/10/ماتش عادي.docx,afraad: name year typo
2025-02-11,2025/2/11/11-2-2025 للمديرية.docx,,,,2025/2/11/7.docx,STALE,2025/2/11/11-2-2024 افراد.docx,,2025/2/11/11..docx,,,,2025/2/11/يومية القائد.docx,,,,2025/2/11/ماتش المصري العادي.docx,STALE,2025/2/11/الانتشار.docx,STALE,,,,,roster_v4_rest,match: 2025/2/11/ماتش عادي.docx,afraad: name year typo
2025-02-12,2025/2/12/12-2-2025 للمديرية.docx,,,,2025/2/12/7.docx,STALE,2025/2/12/12-2-2024 افراد.docx,,2025/2/12/12.docx,,,,2025/2/13/يومية القائد.docx,,,,2025/2/12/ماتش المصري العادي.docx,,2025/2/12/الانتشار.docx,STALE,,,,,roster_v4_rest,match: 2025/2/12/ماتش عادي.docx,afraad: name year typo
2025-02-13,2025/2/13/13-2-2025 للمديرية.docx,,,,2025/2/13/13.docx,STALE,2025/2/13/13-2-2024 افراد.docx,,2025/2/13/13..docx,,,,2025/2/13/يومية القائد.docx,STALE,,,2025/2/13/ماتش المصري العادي.docx,STALE,2025/2/13/الانتشار.docx,STALE,,,,,roster_v4_rest,counts_leader: chosen own-folder document has a different date (2025-02-12); match: 2025/2/13/ماتش عادي.docx,afraad: name year typo
2025-02-14,2025/2/14/14-2-2025 للمديرية.docx,,,,2025/2/14/14.docx,,2025/2/14/14-2-2024 افراد.docx,,2025/2/14/14..docx,,,,2025/2/14/يومية القائد.docx,,,,2025/2/14/ماتش المصري العادي.docx,STALE,2025/2/14/خطة انتشار 8-2-2025.docx,,,,,,roster_v4_rest,match: 2025/2/14/ماتش عادي.docx; deployment: chosen own-folder document has a different date (2025-02-08),afraad: name year typo
2025-02-15,2025/2/15/15-2-2025 للمديرية.docx,,,,2025/2/15/15.docx,,2025/2/15/15-2-2024 افراد.docx,,2025/2/15/15..docx,,,,2025/2/15/يومية القائد.docx,,,,2025/2/15/ماتش المصري العادي.docx,STALE,2025/2/15/الانتشار.docx,,,,,,roster_v4_rest,match: 2025/2/15/ماتش عادي.docx; deployment: 2025/2/15/خطة انتشار 8-2-2025.docx,afraad: name year typo
2025-02-16,2025/2/16/16-2-2025 للمديرية.docx,,,,2025/2/16/16.docx,,2025/2/16/16-2-2024 افراد.docx,,2025/2/16/16..docx,,,,2025/2/16/يومية القائد.docx,STALE,,,2025/2/16/ماتش المصري العادي.docx,STALE,2025/2/16/الانتشار.docx,STALE,,,,,roster_v4_rest,counts_leader: chosen own-folder document has a different date (2025-02-15); match: 2025/2/16/ماتش عادي.docx; deployment: 2025/2/16/خطة انتشار 8-2-2025.docx,afraad: name year typo
2025-02-17,2025/2/17/17-2-2025 للمديرية.docx,,,,2025/2/17/17.docx,,2025/2/17/17-2-2024 افراد.docx,,2025/2/17/17..docx,,,,2025/2/17/يومية القائد.docx,STALE,,,2025/2/17/ماتش المصري العادي.docx,STALE,2025/2/17/الانتشار.docx,STALE,,,,,roster_v4_rest,counts_leader: chosen own-folder document has a different date (2025-02-15); match: 2025/2/17/ماتش عادي.docx; deployment: 2025/2/17/خطة انتشار 8-2-2025.docx,afraad: name year typo
2025-02-18,2025/2/18/18-2-2025 للمديرية.docx,,,,2025/2/18/18.docx,,2025/2/18/18-2-2024 افراد.docx,,2025/2/18/18..docx,,,,2025/2/18/يومية القائد.docx,,,,2025/2/18/ماتش المصري العادي.docx,STALE,2025/2/18/الانتشار.docx,STALE,,,,,roster_v4_rest,match: 2025/2/18/ماتش عادي.docx; deployment: 2025/2/18/خطة انتشار 8-2-2025.docx,afraad: name year typo
2025-02-19,2025/2/19/19-2-2025 للمديرية.docx,,,,2025/2/19/19.docx,,2025/2/19/19-2-2024 افراد.docx,,2025/2/19/19..docx,,,,2025/2/19/يومية القائد.docx,,,,2025/2/19/ماتش المصري العادي.docx,STALE,2025/2/19/الانتشار.docx,STALE,,,,,roster_v4_rest,match: 2025/2/19/ماتش عادي.docx; deployment: 2025/2/19/خطة انتشار 8-2-2025.docx,afraad: name year typo
2025-02-20,2025/2/20/20-2-2025 للمديرية.docx,,,,2025/2/20/20.docx,,2025/2/20/20-2-2024 افراد.docx,,2025/2/20/20..docx,,,,2025/2/20/يومية القائد.docx,,,,2025/2/20/ماتش المصري العادي.docx,STALE,2025/2/20/الانتشار.docx,STALE,,,,,roster_v4_rest,match: 2025/2/20/ماتش عادي.docx; deployment: 2025/2/20/خطة انتشار 8-2-2025.docx,afraad: name year typo
2025-02-21,2025/2/21/21-2-2025 للمديرية.docx,,,,2025/2/21/21.docx,,2025/2/21/21-2-2024 افراد.docx,,2025/2/21/21..docx,,,,2025/2/21/يومية القائد.docx,,,,2025/2/21/ماتش المصري العادي.docx,STALE,2025/2/21/خطة انتشار 21-2-2025.docx,,,,,,roster_v4_rest,match: 2025/2/21/ماتش عادي.docx,afraad: name year typo
2025-02-22,2025/2/22/22-2-2025 للمديرية.docx,,,,2025/2/22/22.docx,,2025/2/22/22-2-2024 افراد.docx,,2025/2/22/22..docx,,,,2025/2/22/يومية القائد.docx,,,,2025/2/22/ماتش المصري العادي.docx,STALE,2025/2/22/الانتشار.docx,,,,,,roster_v4_rest,match: 2025/2/22/ماتش عادي.docx; deployment: 2025/2/22/خطة انتشار 21-2-2025.docx,afraad: name year typo
2025-02-23,2025/2/23/23-2-2025 للمديرية.docx,,,,2025/2/23/23.docx,,2025/2/23/23-2-2024 افراد.docx,,2025/2/23/23..docx,,,,2025/2/23/يومية القائد.docx,STALE,,,2025/2/23/ماتش المصري العادي.docx,STALE,2025/2/23/الانتشار.docx,STALE,,,,,roster_v4_rest,counts_leader: chosen own-folder document has a different date (2025-02-22); match: 2025/2/23/ماتش عادي.docx; deployment: 2025/2/23/خطة انتشار 21-2-2025.docx,afraad: name year typo
2025-02-24,2025/2/24/24-2-2025 للمديرية.docx,,,,2025/2/24/24.docx,,2025/2/24/24-2-2024 افراد.docx,,2025/2/24/24..docx,,,,2025/2/24/يومية القائد.docx,STALE,,,2025/2/24/ماتش المصري العادي.docx,STALE,2025/2/24/الانتشار.docx,STALE,,,,,roster_v4_rest,counts_leader: chosen own-folder document has a different date (2025-02-22); match: 2025/2/24/ماتش عادي.docx; deployment: 2025/2/24/خطة انتشار 21-2-2025.docx,afraad: name year typo
2025-02-25,2025/2/25/25-2-2025 للمديرية.docx,,,,2025/2/25/25.docx,,2025/2/25/25-2-2024 افراد.docx,,2025/2/25/25..docx,,,,2025/2/25/يومية القائد.docx,,,,2025/2/25/ماتش المصري العادي.docx,STALE,2025/2/25/الانتشار.docx,STALE,,,,,roster_v4_rest,match: 2025/2/25/ماتش عادي.docx; deployment: 2025/2/25/خطة انتشار 21-2-2025.docx,afraad: name year typo
2025-02-26,2025/2/26/26-2-2025 للمديرية.docx,,,,2025/2/26/26.docx,,2025/2/26/26-2-2024 افراد.docx,,2025/2/26/26..docx,,,,2025/2/26/يومية القائد.docx,,,,2025/2/26/ماتش المصري العادي.docx,STALE,2025/2/26/الانتشار.docx,STALE,,,,,roster_v4_rest,roster: chosen own-folder document has a different date (2025-02-27); duty_list: chosen own-folder document has a different date (2025-02-25); match: 2025/2/26/ماتش عادي.docx; deployment: 2025/2/26/خطة انتشار 21-2-2025.docx,afraad: name year typo
2025-02-27,2025/2/27/27-2-2025 للمديرية.docx,,,,2025/2/27/27.docx,,2025/2/27/27-2-2024 افراد.docx,,2025/2/27/27..docx,,,,2025/2/27/يومية القائد.docx,,,,2025/2/27/ماتش المصري العادي.docx,,2025/2/27/الانتشار.docx,STALE,,,,,roster_v4_rest,counts_leader: chosen own-folder document has a different date (2025-02-26); match: 2025/2/27/ماتش عادي.docx; deployment: 2025/2/27/خطة انتشار 21-2-2025.docx,afraad: name year typo
2025-02-28,2025/2/28/28-2-2025 للمديرية.docx,,,,2025/2/28/28.docx,,2025/2/28/28-2-2024 افراد.docx,,2025/2/28/28..docx,,,,2025/2/28/يومية القائد.docx,,,,2025/2/28/ماتش المصري العادي.docx,STALE,2025/2/28/خطة انتشار 28-2-2025.docx,,,,,,roster_v4_rest,match: 2025/2/28/ماتش عادي.docx,afraad: name year typo
2025-03-01,2025/3/1/1-3-2025 للمديرية.docx,,,,2025/3/1/1.docx,,2025/3/1/1-3-2024 افراد.docx,,2025/3/1/1..docx,,,,2025/3/1/يومية القائد.docx,,,,2025/3/1/ماتش المصري العادي.docx,STALE,2025/3/1/الانتشار.docx,,,,,,roster_v4_rest,match: 2025/3/1/ماتش عادي.docx; deployment: 2025/3/1/خطة انتشار 28-2-2025.docx,afraad: name year typo
2025-03-02,2025/3/2/2-3-2025 للمديرية.docx,,,,2025/3/2/2.docx,,2025/3/2/2-3-2024 افراد.docx,,2025/3/2/2..docx,,,,2025/3/2/يومية القائد.docx,,,,2025/3/2/ماتش المصري العادي.docx,STALE,2025/3/2/الانتشار.docx,STALE,,,,,roster_v4_rest,match: 2025/3/2/ماتش عادي.docx; deployment: 2025/3/2/خطة انتشار 28-2-2025.docx,afraad: name year typo
2025-03-03,2025/3/3/3-3-2025 للمديرية.docx,,,,2025/3/3/3.docx,,2025/3/3/3-3-2024 افراد.docx,,2025/3/3/3..docx,,,,2025/3/3/يومية القائد.docx,STALE,,,2025/3/3/ماتش المصري العادي.docx,,2025/3/3/الانتشار.docx,STALE,,,,,roster_v4_rest,duty_list: chosen own-folder document has a different date (2025-03-02); counts_leader: chosen own-folder document has a different date (2025-03-02); match: 2025/3/3/ماتش عادي.docx; deployment: 2025/3/3/خطة انتشار 28-2-2025.docx,afraad: name year typo
2025-03-04,2025/3/4/4-3-2025 للمديرية.docx,,,,2025/3/4/4.docx,,2025/3/4/4-3-2024 افراد.docx,,2025/3/4/4..docx,,,,2025/3/4/يومية القائد.docx,,,,2025/3/4/ماتش المصري العادي.docx,STALE,2025/3/4/الانتشار.docx,STALE,,,,,roster_v4_rest,match: 2025/3/4/ماتش عادي.docx; deployment: 2025/3/4/خطة انتشار 28-2-2025.docx,afraad: name year typo
2025-03-05,2025/3/5/5-3-2025 للمديرية.docx,,,,2025/3/5/5.docx,,2025/3/5/5-3-2024 افراد.docx,,2025/3/5/5..docx,,,,2025/3/5/يومية القائد.docx,,,,2025/3/5/ماتش المصري العادي.docx,STALE,2025/3/5/الانتشار.docx,STALE,,,,,roster_v4_rest,afraad: chosen own-folder document has a different date (2025-03-04); match: 2025/3/5/ماتش عادي.docx; deployment: 2025/3/5/خطة انتشار 28-2-2025.docx,afraad: name year typo
2025-03-06,2025/3/6/6-3-2025 للمديرية.docx,,,,2025/3/6/6.docx,,2025/3/6/6-3-2024 افراد.docx,,2025/3/6/6..docx,,,,2025/3/6/يومية القائد.docx,,,,2025/3/6/ماتش المصري العادي.docx,STALE,2025/3/6/الانتشار.docx,STALE,,,,,roster_v4_rest,match: 2025/3/6/ماتش عادي.docx; deployment: 2025/3/6/خطة انتشار 28-2-2025.docx,afraad: name year typo
2025-03-07,2025/3/7/7-3-2025 للمديرية.docx,,,,2025/3/7/7.docx,,2025/3/7/7-3-2024 افراد.docx,,2025/3/7/7..docx,,,,2025/3/7/يومية القائد.docx,,,,2025/3/7/ماتش المصري العادي.docx,STALE,2025/3/7/خطة انتشار 7-3-2025.docx,,,,,,roster_v4_rest,match: 2025/3/7/ماتش عادي.docx,afraad: name year typo
2025-03-08,2025/3/8/8-3-2025 للمديرية.docx,,,,2025/3/8/8.docx,,2025/3/8/8-3-2024 افراد.docx,,2025/3/8/8..docx,,,,2025/3/8/يومية القائد.docx,STALE,,,2025/3/8/ماتش المصري العادي.docx,STALE,2025/3/8/الانتشار.docx,,,,,,roster_v4_rest,counts_leader: chosen own-folder document has a different date (2025-03-07); match: 2025/3/8/ماتش عادي.docx; deployment: 2025/3/8/خطة انتشار 7-3-2025.docx,afraad: name year typo
2025-03-09,2025/3/9/9-3-2025 للمديرية.docx,,,,2025/3/9/9.docx,,2025/3/9/9-3-2024 افراد.docx,,2025/3/9/9..docx,,,,2025/3/9/يومية القائد.docx,STALE,,,2025/3/9/ماتش المصري العادي.docx,STALE,2025/3/9/الانتشار.docx,STALE,,,,,roster_v4_rest,counts_leader: chosen own-folder document has a different date (2025-03-07); match: 2025/3/9/ماتش عادي.docx; deployment: 2025/3/9/خطة انتشار 7-3-2025.docx,afraad: name year typo
2025-03-10,2025/3/10/10-3-2025 للمديرية.docx,,,,2025/3/10/10.docx,,2025/3/10/10-3-2024 افراد.docx,,2025/3/10/10..docx,,,,2025/3/10/يومية القائد.docx,STALE,,,2025/3/10/ماتش المصري العادي.docx,STALE,2025/3/10/الانتشار.docx,STALE,,,,,roster_v4_rest,counts_leader: chosen own-folder document has a different date (2025-03-07); match: 2025/3/10/ماتش عادي.docx; deployment: 2025/3/10/خطة انتشار 7-3-2025.docx,afraad: name year typo
2025-03-11,2025/3/11/11-3-2025 للمديرية.docx,,,,2025/3/11/11.docx,,2025/3/11/11-3-2024 افراد.docx,,2025/3/11/11..docx,,,,2025/3/11/يومية القائد.docx,STALE,,,2025/3/11/انتشااااار.docx,,2025/3/11/خطة انتشار 10-3- 2025.docx,,,,,,roster_v4_rest,counts_leader: chosen own-folder document has a different date (2025-03-07); match: 2025/3/11/ماتش المصري العادي.docx | 2025/3/11/ماتش عادي.docx; deployment: chosen own-folder document has a different date (2025-03-10),afraad: name year typo
2025-03-12,2025/3/12/12-3-2025 للمديرية.docx,,,,2025/3/12/12.docx,,2025/3/12/12-3-2024 افراد.docx,,2025/3/12/12..docx,,,,2025/3/12/يومية القائد.docx,STALE,,,2025/3/12/انتشااااار.docx,,2025/3/12/الانتشار.docx,,,,,,roster_v4_rest,roster: chosen own-folder document has a different date (2025-03-13); counts_leader: chosen own-folder document has a different date (2025-03-07); match: 2025/3/12/ماتش المصري العادي.docx | 2025/3/12/ماتش عادي.docx; deployment: 2025/3/12/خطة انتشار 10-3- 2025.docx,afraad: name year typo
2025-03-13,2025/3/13/13-3-2025 للمديرية.docx,,,,2025/3/13/13.docx,,2025/3/13/13-3-2024 افراد.docx,,2025/3/13/13..docx,,,,2025/3/13/يومية القائد.docx,STALE,,,2025/3/13/انتشااااار.docx,STALE,2025/3/13/الانتشار.docx,STALE,,,,,roster_v4_rest,counts_leader: chosen own-folder document has a different date (2025-03-07); match: 2025/3/13/ماتش المصري العادي.docx | 2025/3/13/ماتش عادي.docx; deployment: 2025/3/13/خطة انتشار 10-3- 2025.docx,afraad: name year typo
2025-03-14,2025/3/14/14-3-2025 للمديرية.docx,,,,2025/3/14/14.docx,,2025/3/14/14-3-2024 افراد.docx,,2025/3/14/14..docx,,,,2025/3/14/يومية القائد.docx,STALE,,,2025/3/14/انتشااااار.docx,STALE,2025/3/14/خطة انتشار 14-3-2025.docx,,,,,,roster_v4_rest,counts_leader: chosen own-folder document has a different date (2025-03-07); match: 2025/3/14/ماتش المصري العادي.docx | 2025/3/14/ماتش عادي.docx,afraad: name year typo
2025-03-15,2025/3/15/15-3-2025 للمديرية.docx,,,,2025/3/15/15.docx,,2025/3/15/15-3-2024 افراد.docx,,2025/3/15/15..docx,,,,2025/3/15/يومية القائد.docx,STALE,,,2025/3/15/انتشااااار.docx,STALE,2025/3/15/الانتشار.docx,,,,,,roster_v4_rest,counts_leader: chosen own-folder document has a different date (2025-03-07); match: 2025/3/15/ماتش المصري العادي.docx | 2025/3/15/ماتش عادي.docx; deployment: 2025/3/15/خطة انتشار 14-3-2025.docx,afraad: name year typo
2025-03-16,2025/3/16/16-3-2025 للمديرية.docx,,,,2025/3/16/16.docx,,2025/3/16/16-3-2024 افراد.docx,,2025/3/16/16..docx,,,,2025/3/16/يومية القائد.docx,STALE,,,2025/3/16/انتشااااار.docx,STALE,2025/3/16/الانتشار.docx,STALE,,,,,roster_v4_rest,counts_leader: chosen own-folder document has a different date (2025-03-07); match: 2025/3/16/ماتش المصري العادي.docx | 2025/3/16/ماتش عادي.docx; deployment: 2025/3/16/خطة انتشار 14-3-2025.docx,afraad: name year typo
2025-03-17,2025/3/17/17-3-2025 للمديرية.docx,,,,2025/3/17/17.docx,,2025/3/17/17-3-2024 افراد.docx,,2025/3/17/17..docx,,,,2025/3/17/يومية القائد.docx,STALE,,,2025/3/17/انتشااااار.docx,STALE,2025/3/17/الانتشار.docx,STALE,,,,,roster_v4_rest,counts_leader: chosen own-folder document has a different date (2025-03-07); match: 2025/3/17/ماتش المصري العادي.docx | 2025/3/17/ماتش عادي.docx; deployment: 2025/3/17/خطة انتشار 14-3-2025.docx,afraad: name year typo
2025-03-18,2025/3/18/17-3-2025 للمديرية.docx,,,,2025/3/18/18.docx,,2025/3/18/18-3-2024 افراد.docx,,2025/3/18/18..docx,,,,2025/3/18/يومية القائد.docx,,,,2025/3/18/انتشااااار.docx,STALE,2025/3/18/الانتشار.docx,STALE,,,,,roster_v4_rest,roster: chosen own-folder document has a different date (2025-03-17); match: 2025/3/18/ماتش المصري العادي.docx | 2025/3/18/ماتش عادي.docx; deployment: 2025/3/18/خطة انتشار 14-3-2025.docx,afraad: name year typo
2025-03-19,2025/3/19/19-3-2025 للمديرية.docx,,,,2025/3/19/19.docx,,2025/3/19/19-3-2024 افراد.docx,,2025/3/19/19..docx,,,,2025/3/19/يومية القائد.docx,,,,2025/3/19/انتشااااار.docx,STALE,2025/3/19/الانتشار.docx,STALE,,,,,roster_v4_rest,match: 2025/3/19/ماتش المصري العادي.docx | 2025/3/19/ماتش عادي.docx; deployment: 2025/3/19/خطة انتشار 14-3-2025.docx,afraad: name year typo
2025-03-20,2025/3/20/20-3-2025 للمديرية.docx,,,,2025/3/20/20.docx,,2025/3/20/19-3-2024 افراد.docx,STALE,2025/3/20/19..docx,,,,2025/3/20/يومية القائد.docx,STALE,,,2025/3/20/انتشااااار.docx,STALE,2025/3/20/الانتشار.docx,STALE,,,,,roster_v4_rest,"afraad: chosen own-folder document has a different date (2024-03-19, 2025-03-19); duty_list: chosen own-folder document has a different date (2025-03-19); counts_leader: chosen own-folder document has a different date (2025-03-19); match: 2025/3/20/ماتش المصري العادي.docx | 2025/3/20/ماتش عادي.docx; deployment: 2025/3/20/خطة انتشار 14-3-2025.docx",
2025-03-21,2025/3/21/21-3-2025 للمديرية.docx,,,,2025/3/21/21.docx,,2025/3/21/21-3-2024 افراد.docx,,2025/3/21/21..docx,,,,2025/3/21/يومية القائد.docx,,,,2025/3/21/انتشااااار.docx,STALE,2025/3/21/خطة انتشار 21-3-2025.docx,,,,,,roster_v4_rest,match: 2025/3/21/ماتش المصري العادي.docx | 2025/3/21/ماتش عادي.docx,afraad: name year typo
2025-03-22,2025/3/22/22-3-2025 للمديرية.docx,,,,2025/3/22/22.docx,,2025/3/22/22-3-2024 افراد.docx,,2025/3/22/22..docx,,,,2025/3/22/يومية القائد.docx,,,,2025/3/22/انتشااااار.docx,STALE,2025/3/22/الانتشار.docx,,,,,,roster_v4_rest,match: 2025/3/22/ماتش المصري العادي.docx | 2025/3/22/ماتش عادي.docx; deployment: 2025/3/22/خطة انتشار 21-3-2025.docx,afraad: name year typo
2025-03-23,2025/3/23/22-3-2025 للمديرية.docx,,,,2025/3/23/23.docx,,2025/3/23/23-3-2024 افراد.docx,,2025/3/23/23..docx,,,,2025/3/23/يومية القائد.docx,,,,2025/3/23/انتشااااار.docx,STALE,2025/3/23/الانتشار.docx,STALE,,,,,roster_v4_rest,roster: chosen own-folder document has a different date (2025-03-22); counts_leader: chosen own-folder document has a different date (2025-03-22); match: 2025/3/23/ماتش المصري العادي.docx | 2025/3/23/ماتش عادي.docx; deployment: 2025/3/23/خطة انتشار 21-3-2025.docx,afraad: name year typo
2025-03-24,2025/3/24/24-3-2025 للمديرية.docx,,,,2025/3/24/24.docx,,2025/3/24/24-3-2024 افراد.docx,,2025/3/24/24..docx,,,,2025/3/24/يومية القائد.docx,STALE,,,2025/3/24/انتشااااار.docx,STALE,2025/3/24/الانتشار.docx,STALE,,,,,roster_v4_rest,duty_list: chosen own-folder document has a different date (2025-03-23); counts_leader: chosen own-folder document has a different date (2025-03-22); match: 2025/3/24/ماتش المصري العادي.docx | 2025/3/24/ماتش عادي.docx; deployment: 2025/3/24/خطة انتشار 21-3-2025.docx,afraad: name year typo
2025-03-25,2025/3/25/25-3-2025 للمديرية.docx,,,,2025/3/25/25.docx,,2025/3/25/25-3-2024 افراد.docx,,2025/3/25/25..docx,,,,2025/3/25/يومية القائد.docx,STALE,,,2025/3/25/انتشااااار.docx,STALE,2025/3/25/الانتشار.docx,STALE,,,,,roster_v4_rest,board: 2025/3/25/رقم 22.docx; counts_leader: chosen own-folder document has a different date (2025-03-22); match: 2025/3/25/ماتش المصري العادي.docx | 2025/3/25/ماتش عادي.docx; deployment: 2025/3/25/خطة انتشار 21-3-2025.docx,afraad: name year typo
2025-03-26,2025/3/26/26-3-2025 للمديرية.docx,,,,2025/3/26/26.docx,,2025/3/26/26-3-2024 افراد.docx,,2025/3/26/26..docx,,,,2025/3/26/يومية القائد.docx,STALE,,,2025/3/26/انتشااااار.docx,STALE,2025/3/26/الانتشار.docx,STALE,,,,,roster_v4_rest,counts_leader: chosen own-folder document has a different date (2025-03-22); match: 2025/3/26/ماتش المصري العادي.docx | 2025/3/26/ماتش عادي.docx; deployment: 2025/3/26/خطة انتشار 21-3-2025.docx,afraad: name year typo
2025-03-27,2025/3/27/27-3-2025 للمديرية.docx,,,,2025/3/27/29.docx,,2025/3/27/27-3-2024 افراد.docx,,2025/3/27/27..docx,,,,2025/3/27/يومية القائد.docx,STALE,,,2025/3/27/انتشااااار.docx,STALE,2025/3/27/الانتشار.docx,STALE,,,,,roster_v4_rest,counts_leader: chosen own-folder document has a different date (2025-03-22); match: 2025/3/27/ماتش المصري العادي.docx | 2025/3/27/ماتش عادي.docx; deployment: 2025/3/27/خطة انتشار 21-3-2025.docx,afraad: name year typo
2025-03-28,2025/3/28/28-3-2025 للمديرية.docx,,,,2025/3/28/28.docx,,2025/3/28/28-3-2024 افراد.docx,,2025/3/28/28..docx,,,,2025/3/28/يومية القائد.docx,STALE,,,2025/3/28/انتشااااار.docx,STALE,2025/3/28/خطة انتشار 28-3-2025.docx,,,,,,roster_v4_rest,counts_leader: chosen own-folder document has a different date (2025-03-22); match: 2025/3/28/ماتش المصري العادي.docx | 2025/3/28/ماتش عادي.docx,afraad: name year typo
2025-03-29,,,,,2025/3/29/29.docx,,2025/3/29/29-3-2024 افراد.docx,,2025/3/29/29..docx,,,,2025/3/29/يومية القائد.docx,STALE,,,2025/3/29/انتشااااار.docx,STALE,2025/3/29/الانتشار.docx,,,,,,,counts_leader: chosen own-folder document has a different date (2025-03-22); match: 2025/3/29/ماتش المصري العادي.docx | 2025/3/29/ماتش عادي.docx; deployment: 2025/3/29/خطة انتشار 28-3-2025.docx,afraad: name year typo
2025-03-30,2025/3/30/30-3-2025 للمديرية.docx,,,,2025/3/30/30.docx,,2025/3/30/30-3-2024 افراد.docx,,2025/3/30/30..docx,,,,2025/3/30/يومية القائد.docx,STALE,,,2025/3/30/انتشااااار.docx,STALE,2025/3/30/الانتشار.docx,STALE,,,,,roster_v4_rest,counts_leader: chosen own-folder document has a different date (2025-03-22); match: 2025/3/30/ماتش المصري العادي.docx | 2025/3/30/ماتش عادي.docx; deployment: 2025/3/30/خطة انتشار 28-3-2025.docx,afraad: name year typo
2025-03-31,2025/3/31/31-3-2025 للمديرية.docx,,,,2025/3/31/31.docx,,2025/3/31/31-3-2024 افراد.docx,,2025/3/31/31..docx,,,,2025/3/31/يومية القائد.docx,STALE,,,2025/3/31/انتشااااار.docx,STALE,2025/3/31/الانتشار.docx,STALE,,,,,roster_v4_rest,counts_leader: chosen own-folder document has a different date (2025-03-22); match: 2025/3/31/ماتش المصري العادي.docx | 2025/3/31/ماتش عادي.docx; deployment: 2025/3/31/خطة انتشار 28-3-2025.docx,afraad: name year typo
2025-04-01,2025/4/1/1-4-2025 للمديرية.docx,,,,2025/4/1/1.docx,,2025/4/1/1-4-2024 افراد.docx,,2025/4/1/1..docx,,,,2025/4/1/يومية القائد.docx,STALE,,,2025/4/1/انتشااااار.docx,STALE,2025/4/1/الانتشار.docx,STALE,,,,,roster_v4_rest,counts_leader: chosen own-folder document has a different date (2025-03-22); match: 2025/4/1/ماتش المصري العادي.docx | 2025/4/1/ماتش عادي.docx; deployment: 2025/4/1/خطة انتشار 28-3-2025.docx,afraad: name year typo
2025-04-02,2025/4/2/2-4-2025 للمديرية.docx,,,,2025/4/2/2.docx,,2025/4/2/2-4-2024 افراد.docx,,2025/4/2/2..docx,,,,2025/4/2/يومية القائد.docx,STALE,,,2025/4/2/11212.docx,,2025/4/2/الانتشار.docx,STALE,,,,,roster_v4_rest,counts_leader: chosen own-folder document has a different date (2025-03-22); match: 2025/4/2/انتشااااار.docx | 2025/4/2/ماتش المصري العادي.docx | 2025/4/2/ماتش المصري الكونفيدرالية.docx | 2025/4/2/ماتش عادي.docx; deployment: 2025/4/2/خطة انتشار 28-3-2025.docx,afraad: name year typo
2025-04-03,2025/4/3/3-4-2025 للمديرية.docx,,,,2025/4/3/3.docx,,2025/4/3/3-4-2024 افراد.docx,,2025/4/3/3..docx,,,,2025/4/3/يومية القائد.docx,STALE,,,,,2025/4/3/الانتشار.docx,STALE,,,,,roster_v4_rest,counts_leader: chosen own-folder document has a different date (2025-03-22); deployment: 2025/4/3/خطة انتشار 4-4-2025.docx,afraad: name year typo
2025-04-04,2025/4/4/4-4-2025 للمديرية.docx,,,,2025/4/4/4.docx,,2025/4/4/4-4-2024 افراد.docx,,2025/4/4/4..docx,,,,2025/4/4/يومية القائد.docx,STALE,,,,,2025/4/4/خطة انتشار 4-4-2025.docx,,,,,,roster_v4_rest,counts_leader: chosen own-folder document has a different date (2025-03-22),afraad: name year typo
2025-04-05,2025/4/5/5-4-2025 للمديرية.docx,,,,2025/4/5/5.docx,,2025/4/5/5-4-2024 افراد.docx,,2025/4/5/5..docx,,,,2025/4/5/يومية القائد.docx,STALE,,,2025/4/5/ماتش المصري العادي.docx,,2025/4/5/الانتشار.docx,,,,,,roster_v4_rest,counts_leader: chosen own-folder document has a different date (2025-03-22); deployment: 2025/4/5/خطة انتشار 28-3-2025.docx | 2025/4/5/خطة انتشار 4-4-2025.docx,afraad: name year typo
2025-04-06,2025/4/6/6-4-2025 للمديرية.docx,,,,2025/4/6/6.docx,,2025/4/6/6-4-2024 افراد.docx,,2025/4/6/6..docx,,,,2025/4/6/يومية القائد.docx,STALE,,,2025/4/6/ماتش المصري العادي.docx,STALE,2025/4/6/الانتشار.docx,STALE,,,,,roster_v4_rest,counts_leader: chosen own-folder document has a different date (2025-03-22); deployment: 2025/4/6/خطة انتشار 28-3-2025.docx | 2025/4/6/خطة انتشار 4-4-2025.docx,afraad: name year typo
2025-04-07,2025/4/7/7-4-2025 للمديرية.docx,,,,2025/4/7/7.docx,,2025/4/7/7-4-2024 افراد.docx,,2025/4/7/7..docx,,,,2025/4/7/يومية القائد.docx,STALE,,,2025/4/7/ماتش المصري العادي.docx,STALE,2025/4/7/الانتشار.docx,STALE,,,,,roster_v4_rest,counts_leader: chosen own-folder document has a different date (2025-03-22); deployment: 2025/4/7/خطة انتشار 28-3-2025.docx | 2025/4/7/خطة انتشار 4-4-2025.docx,afraad: name year typo
2025-04-08,2025/4/8/8-4-2025 للمديرية.docx,,,,2025/4/8/8.docx,,2025/4/8/8-4-2024 افراد.docx,,2025/4/8/8..docx,,,,2025/4/8/يومية القائد.docx,STALE,,,2025/4/8/ماتش المصري العادي.docx,STALE,2025/4/8/الانتشار.docx,STALE,,,,,roster_v4_rest,counts_leader: chosen own-folder document has a different date (2025-03-22); deployment: 2025/4/8/خطة انتشار 28-3-2025.docx | 2025/4/8/خطة انتشار 4-4-2025.docx,afraad: name year typo
2025-04-09,2025/4/9/9-4-2025 للمديرية.docx,,,,2025/4/9/9.docx,,2025/4/9/9-4-2024 افراد.docx,,2025/4/9/9..docx,,,,2025/4/9/يومية القائد.docx,,,,2025/4/9/ماتش المصري العادي.docx,STALE,2025/4/9/الانتشار.docx,STALE,,,,,roster_v4_rest,match: 2025/4/9/ماتش عادي.docx; deployment: 2025/4/9/خطة انتشار 28-3-2025.docx | 2025/4/9/خطة انتشار 4-4-2025.docx,afraad: name year typo
2025-04-10,2025/4/10/10-4-2025 للمديرية.docx,,,,2025/4/10/10.docx,,2025/4/10/10-4-2024 افراد.docx,,2025/4/10/10..docx,,,,2025/4/10/يومية القائد.docx,,,,2025/4/10/ماتش المصري العادي.docx,STALE,2025/4/10/الانتشار.docx,STALE,,,,,roster_v4_rest,match: 2025/4/10/ماتش عادي.docx; deployment: 2025/4/10/خطة انتشار 28-3-2025.docx | 2025/4/10/خطة انتشار 4-4-2025.docx,afraad: name year typo
2025-04-11,2025/4/11/11-4-2025 للمديرية.docx,,,,2025/4/11/11.docx,,2025/4/11/11-4-2024 افراد.docx,,2025/4/11/11..docx,,,,2025/4/11/يومية القائد.docx,,,,2025/4/11/ماتش المصري العادي.docx,STALE,2025/4/11/خطة انتشار 4-4-2025.docx,,,,,,roster_v4_rest,match: 2025/4/11/ماتش عادي.docx; deployment: chosen own-folder document has a different date (2025-04-04),afraad: name year typo
2025-04-12,2025/4/12/12-4-2025 للمديرية.docx,,,,2025/4/12/12.docx,,2025/4/12/12-4-2025 افراد.docx,,2025/4/12/12..docx,,,,2025/4/12/يومية القائد.docx,,,,2025/4/12/ماتش المصري العادي.docx,STALE,2025/4/12/الانتشار.docx,,,,,,roster_v4_rest,match: 2025/4/12/ماتش عادي.docx; deployment: 2025/4/12/خطة انتشار 4-4-2025.docx,
2025-04-13,2025/4/13/13-4-2025 للمديرية.docx,,,,2025/4/13/13.docx,,2025/4/13/13-4-2025 افراد.docx,,2025/4/13/12..docx,,,,2025/4/13/يومية القائد.docx,STALE,,,2025/4/13/ماتش المصري العادي.docx,,2025/4/13/الانتشار.docx,STALE,,,,,roster_v4_rest,counts_leader: chosen own-folder document has a different date (2025-04-12); match: 2025/4/13/ماتش عادي.docx; deployment: 2025/4/13/خطة انتشار 4-4-2025.docx,
2025-04-14,2025/4/14/14-4-2025 للمديرية.docx,,,,2025/4/14/14.docx,,2025/4/14/14-4-2025 افراد.docx,,2025/4/14/14..docx,,,,2025/4/14/يومية القائد.docx,STALE,,,2025/4/14/ماتش المصري العادي.docx,STALE,2025/4/14/الانتشار.docx,STALE,,,,,roster_v4_rest,counts_leader: chosen own-folder document has a different date (2025-04-12); match: 2025/4/14/ماتش عادي.docx; deployment: 2025/4/14/خطة انتشار 4-4-2025.docx,
2025-04-15,2025/4/15/15-4-2025 للمديرية.docx,,,,2025/4/15/15.docx,,2025/4/15/15-4-2025 افراد.docx,,2025/4/15/15..docx,,,,2025/4/15/يومية القائد.docx,STALE,,,2025/4/15/ماتش المصري العادي.docx,STALE,2025/4/15/الانتشار.docx,STALE,,,,,roster_v4_rest,counts_leader: chosen own-folder document has a different date (2025-04-12); match: 2025/4/15/ماتش عادي.docx; deployment: 2025/4/15/خطة انتشار 4-4-2025.docx,
2025-04-16,2025/4/16/16-4-2025 للمديرية.docx,,,,2025/4/16/16.docx,,2025/4/16/16-4-2025 افراد.docx,,2025/4/16/16..docx,,,,2025/4/16/يومية القائد.docx,STALE,,,2025/4/16/ماتش المصري العادي.docx,STALE,2025/4/16/خطة انتشار 4-4-2025.docx,,,,,,roster_v4_rest,"counts_leader: chosen own-folder document has a different date (2025-04-12); match: 2025/4/16/ماتش عادي.docx; deployment: chosen own-folder document has a different date (2025-04-04, 2025-04-11)",
2025-04-17,2025/4/17/17-4-2025 للمديرية.docx,,,,2025/4/17/17.docx,,2025/4/17/17-4-2025 افراد.docx,,2025/4/17/17..docx,,,,2025/4/17/يومية القائد.docx,STALE,,,2025/4/17/ماتش المصري العادي.docx,,2025/4/17/خطة انتشار 17-4-2025.docx,,,,,,roster_v4_rest,counts_leader: chosen own-folder document has a different date (2025-04-12); match: 2025/4/17/ماتش عادي.docx,
2025-04-18,2025/4/18/18-4-2025 للمديرية.docx,,,,2025/4/18/18.docx,,2025/4/18/18-4-2025 افراد.docx,,2025/4/18/18..docx,,,,2025/4/18/يومية القائد.docx,STALE,,,2025/4/18/ماتش المصري العادي.docx,STALE,2025/4/18/خطة انتشار 18-4-2025.docx,,,,,,roster_v4_rest,counts_leader: chosen own-folder document has a different date (2025-04-12); match: 2025/4/18/ماتش عادي.docx,
2025-04-19,2025/4/19/19-4-2025 للمديرية.docx,,,,2025/4/19/19.docx,,2025/4/19/19-4-2025 افراد.docx,,2025/4/19/19..docx,,,,2025/4/19/يومية القائد.docx,STALE,,,2025/4/19/ماتش المصري العادي.docx,STALE,2025/4/19/خطة انتشار 19-4-2025.docx,,,,,,roster_v4_rest,counts_leader: chosen own-folder document has a different date (2025-04-12); match: 2025/4/19/ماتش عادي.docx,
2025-04-20,2025/4/20/20-4-2025 للمديرية.docx,,,,2025/4/20/20.docx,,2025/4/20/20-4-2025 افراد.docx,,2025/4/20/20..docx,,,,2025/4/20/يومية القائد.docx,STALE,,,2025/4/20/ماتش المصري العادي.docx,STALE,2025/4/20/خطة انتشار 19-4-2025.docx,,,,,,roster_v4_rest,counts_leader: chosen own-folder document has a different date (2025-04-12); match: 2025/4/20/ماتش عادي.docx; deployment: chosen own-folder document has a different date (2025-04-19),
2025-04-21,2025/4/21/21-4-2025 للمديرية.docx,,,,2025/4/21/21.docx,,2025/4/21/21-4-2025 افراد.docx,,2025/4/21/21..docx,,,,2025/4/21/يومية القائد.docx,STALE,,,2025/4/21/ماتش المصري العادي.docx,STALE,2025/4/21/الانتشار.docx,,,,,,roster_v4_rest,counts_leader: chosen own-folder document has a different date (2025-04-12); match: 2025/4/21/ماتش عادي.docx; deployment: 2025/4/21/خطة انتشار 19-4-2025.docx,
2025-04-22,2025/4/22/22-4-2025 للمديرية.docx,,,,2025/4/22/22.docx,,2025/4/22/22-4-2025 افراد.docx,,2025/4/22/22..docx,,,,2025/4/22/يومية القائد.docx,STALE,,,2025/4/22/ماتش المصري العادي.docx,STALE,2025/4/22/الانتشار.docx,STALE,,,,,roster_v4_rest,counts_leader: chosen own-folder document has a different date (2025-04-12); match: 2025/4/22/ماتش عادي.docx; deployment: 2025/4/22/خطة انتشار 19-4-2025.docx,
2025-04-23,2025/4/23/23-4-2025 للمديرية.docx,,,,2025/4/23/23.docx,,2025/4/23/23-4-2025 افراد.docx,,2025/4/23/23..docx,,,,2025/4/23/يومية القائد.docx,STALE,,,2025/4/23/ماتش المصري العادي.docx,STALE,2025/4/23/الانتشار.docx,STALE,,,,,roster_v4_rest,counts_leader: chosen own-folder document has a different date (2025-04-12); match: 2025/4/23/ماتش عادي.docx; deployment: 2025/4/23/خطة انتشار 19-4-2025.docx,
2025-04-24,2025/4/24/24-4-2025 للمديرية.docx,,,,2025/4/24/24.docx,,2025/4/24/24-4-2025 افراد.docx,,2025/4/24/24..docx,,,,2025/4/24/يومية القائد.docx,STALE,,,2025/4/24/ماتش المصري العادي.docx,STALE,2025/4/24/الانتشار.docx,STALE,,,,,roster_v4_rest,counts_leader: chosen own-folder document has a different date (2025-04-12); match: 2025/4/24/ماتش عادي.docx; deployment: 2025/4/24/خطة انتشار 19-4-2025.docx,
2025-04-25,2025/4/25/25-4-2025 للمديرية.docx,,,,2025/4/25/25.docx,,2025/4/25/25-4-2025 افراد.docx,,2025/4/25/25..docx,,,,2025/4/25/يومية القائد.docx,STALE,,,2025/4/25/ماتش المصري العادي.docx,STALE,2025/4/25/الانتشار.docx,STALE,,,,,roster_v4_rest,counts_leader: chosen own-folder document has a different date (2025-04-12); match: 2025/4/25/ماتش عادي.docx; deployment: 2025/4/25/خطة انتشار 19-4-2025.docx,
2025-04-26,2025/4/26/26-4-2025 للمديرية.docx,,,,2025/4/26/26.docx,,2025/4/26/26-4-2025 افراد.docx,,2025/4/26/26..docx,,,,2025/4/26/يومية القائد.docx,STALE,,,2025/4/26/ماتش المصري العادي.docx,STALE,2025/4/26/الانتشار.docx,STALE,,,,,roster_v4_rest,counts_leader: chosen own-folder document has a different date (2025-04-12); match: 2025/4/26/ماتش عادي.docx; deployment: 2025/4/26/خطة انتشار 19-4-2025.docx,
2025-04-27,2025/4/27/27-4-2025 للمديرية.docx,,,,2025/4/27/27.docx,,2025/4/27/27-4-2025 افراد.docx,,2025/4/27/27..docx,,,,2025/4/27/يومية القائد.docx,,,,2025/4/27/ماتش المصري العادي.docx,STALE,2025/4/27/الانتشار.docx,STALE,,,,,roster_v4_rest,match: 2025/4/27/ماتش عادي.docx; deployment: 2025/4/27/خطة انتشار 19-4-2025.docx,
2025-04-28,2025/4/28/28-4-2025 للمديرية.docx,,,,2025/4/28/28.docx,,2025/4/28/28-4-2025 افراد.docx,,2025/4/28/28..docx,,,,2025/4/28/يومية القائد.docx,,,,2025/4/28/ماتش المصري العادي.docx,STALE,2025/4/28/الانتشار.docx,STALE,,,,,roster_v4_rest,match: 2025/4/28/ماتش عادي.docx; deployment: 2025/4/28/خطة انتشار 19-4-2025.docx,
2025-04-29,2025/4/29/29-4-2025 للمديرية.docx,,,,2025/4/29/29.docx,,2025/4/29/29-4-2025 افراد.docx,STALE,2025/4/29/29 ..docx,,,,2025/4/29/يومية القائد.docx,,,,2025/4/29/ماتش المصري العادي.docx,STALE,2025/4/29/الانتشار.docx,STALE,,,,,roster_v4_rest,afraad: chosen own-folder document has a different date (2025-04-28); match: 2025/4/29/ماتش عادي.docx; deployment: 2025/4/29/خطة انتشار 19-4-2025.docx,
2025-04-30,2025/4/30/30-4-2025 للمديرية.docx,,,,2025/4/30/30.docx,,2025/4/30/30-4-2025 افراد.docx,,2025/4/30/30 ..docx,,,,2025/4/30/يومية القائد.docx,,,,2025/4/30/ماتش المصري العادي.docx,STALE,2025/4/30/الانتشار.docx,STALE,,,,,roster_v4_rest,match: 2025/4/30/ماتش عادي.docx; deployment: 2025/4/30/خطة انتشار 19-4-2025.docx,
2025-05-01,2025/5/1/1-5-2025 للمديرية.docx,,,,2025/5/1/1.docx,,2025/5/1/1-5-2025 افراد.docx,,2025/5/1/1 ..docx,,,,2025/5/1/يومية القائد.docx,,,,2025/5/1/ماتش المصري العادي.docx,STALE,2025/5/1/الانتشار.docx,STALE,,,,,roster_v4_rest,match: 2025/5/1/ماتش عادي.docx; deployment: 2025/5/1/خطة انتشار 19-4-2025.docx,
2025-05-02,2025/5/2/2-5-2025 للمديرية.docx,,,,2025/5/2/2.docx,,2025/5/2/2-5-2025 افراد.docx,,2025/5/2/3..docx,,,,2025/5/2/يومية القائد.docx,,,,2025/5/2/ماتش المصري العادي.docx,STALE,2025/5/2/الانتشار.docx,STALE,,,,,roster_v4_rest,duty_list: chosen own-folder document has a different date (2025-05-03); match: 2025/5/2/ماتش عادي.docx; deployment: 2025/5/2/خطة انتشار 19-4-2025.docx,
2025-05-03,2025/5/3/3-5-2025 للمديرية.docx,,,,2025/5/3/3.docx,,2025/5/3/3-5-2025 افراد.docx,,2025/5/3/3..docx,,,,2025/5/3/يومية القائد.docx,,,,2025/5/3/ماتش المصري العادي.docx,STALE,2025/5/3/الانتشار.docx,STALE,,,,,roster_v4_rest,match: 2025/5/3/ماتش عادي.docx; deployment: 2025/5/3/خطة انتشار 19-4-2025.docx,
2025-05-04,2025/5/4/4-5-2025 للمديرية.docx,,,,2025/5/4/4.docx,,2025/5/4/4-5-2025 افراد.docx,,2025/5/4/4..docx,,,,2025/5/4/يومية القائد.docx,,,,2025/5/4/ماتش المصري العادي.docx,STALE,2025/5/4/الانتشار.docx,STALE,,,,,roster_v4_rest,match: 2025/5/4/ماتش عادي.docx; deployment: 2025/5/4/خطة انتشار 19-4-2025.docx,
2025-05-05,2025/5/5/5-5-2025 للمديرية.docx,,,,2025/5/5/5.docx,,2025/5/5/5-5-2025 افراد.docx,,2025/5/5/5..docx,,,,2025/5/5/يومية القائد.docx,,,,2025/5/5/ماتش المصري العادي.docx,STALE,2025/5/5/الانتشار.docx,STALE,,,,,roster_v4_rest,match: 2025/5/5/ماتش عادي.docx; deployment: 2025/5/5/خطة انتشار 19-4-2025.docx,
2025-05-06,2025/5/6/6-5-2025 للمديرية.docx,,,,2025/5/6/6.docx,,2025/5/6/6-5-2025 افراد.docx,,2025/5/6/6..docx,,,,2025/5/6/يومية القائد.docx,,,,2025/5/6/ماتش المصري العادي.docx,STALE,2025/5/6/الانتشار.docx,STALE,,,,,roster_v4_rest,match: 2025/5/6/ماتش عادي.docx; deployment: 2025/5/6/خطة انتشار 19-4-2025.docx,
2025-05-07,2025/5/7/7-5-2025 للمديرية.docx,,,,2025/5/7/7.docx,,2025/5/7/7-5-2025 افراد.docx,,2025/5/7/7..docx,,,,2025/5/7/يومية القائد.docx,,,,2025/5/7/ماتش المصري العادي.docx,STALE,2025/5/7/الانتشار.docx,STALE,,,,,roster_v4_rest,match: 2025/5/7/ماتش عادي.docx; deployment: 2025/5/7/خطة انتشار 19-4-2025.docx,
2025-05-08,2025/5/8/8-5-2025 للمديرية.docx,,,,2025/5/8/8.docx,,2025/5/8/8-5-2025 افراد.docx,,2025/5/8/8..docx,,,,2025/5/8/يومية القائد.docx,,,,2025/5/8/ماتش المصري العادي.docx,STALE,2025/5/8/الانتشار.docx,STALE,,,,,roster_v4_rest,match: 2025/5/8/ماتش عادي.docx; deployment: 2025/5/8/خطة انتشار 19-4-2025.docx,
2025-05-09,2025/5/9/9-5-2025 للمديرية.docx,,,,2025/5/9/9.docx,,2025/5/9/9-5-2025 افراد.docx,,2025/5/9/9..docx,,,,2025/5/9/يومية القائد.docx,STALE,,,2025/5/9/ماتش المصري العادي.docx,STALE,2025/5/9/خطة انتشار 28-3-2025.docx,,,,,,roster_v4_rest,counts_leader: chosen own-folder document has a different date (2025-05-08); match: 2025/5/9/ماتش عادي.docx; deployment: chosen own-folder document has a different date (2025-03-28),
2025-05-10,2025/5/10/10-5-2025 للمديرية.docx,,,,2025/5/10/10.docx,,2025/5/10/10-5-2025 افراد.docx,,2025/5/10/10..docx,,,,2025/5/10/يومية القائد.docx,STALE,,,2025/5/10/ماتش المصري العادي.docx,STALE,2025/5/10/الانتشار.docx,,,,,,roster_v4_rest,counts_leader: chosen own-folder document has a different date (2025-05-08); match: 2025/5/10/ماتش عادي.docx; deployment: 2025/5/10/خطة انتشار 28-3-2025.docx,
2025-05-11,2025/5/11/11-5-2025 للمديرية.docx,,,,2025/5/11/11.docx,,2025/5/11/11-5-2025 افراد.docx,,2025/5/11/11..docx,,,,2025/5/11/يومية القائد.docx,STALE,,,2025/5/11/ماتش المصري العادي.docx,,2025/5/11/الانتشار.docx,STALE,,,,,roster_v4_rest,counts_leader: chosen own-folder document has a different date (2025-05-08); match: 2025/5/11/ماتش عادي.docx; deployment: 2025/5/11/خطة انتشار 28-3-2025.docx,
2025-05-12,2025/5/12/12-5-2025 للمديرية.docx,,,,2025/5/12/12.docx,,2025/5/12/12-5-2025 افراد.docx,,2025/5/12/12..docx,,,,2025/5/12/يومية القائد.docx,STALE,,,2025/5/12/ماتش المصري العادي.docx,STALE,2025/5/12/الانتشار.docx,STALE,,,,,roster_v4_rest,counts_leader: chosen own-folder document has a different date (2025-05-08); match: 2025/5/12/ماتش عادي.docx; deployment: 2025/5/12/خطة انتشار 28-3-2025.docx,
2025-05-13,2025/5/13/13-5-2025 للمديرية.docx,,,,2025/5/13/13.docx,,2025/5/13/13-5-2025 افراد.docx,,2025/5/13/13..docx,,,,2025/5/13/يومية القائد.docx,STALE,,,2025/5/13/ماتش المصري العادي.docx,STALE,2025/5/13/الانتشار.docx,STALE,,,,,roster_v4_rest,counts_leader: chosen own-folder document has a different date (2025-05-08); match: 2025/5/13/ماتش عادي.docx; deployment: 2025/5/13/خطة انتشار 28-3-2025.docx,
2025-05-14,2025/5/14/14-5-2025 للمديرية.docx,,,,2025/5/14/14.docx,,2025/5/14/14-5-2025 افراد.docx,,2025/5/14/14..docx,,,,2025/5/14/يومية القائد.docx,STALE,,,2025/5/14/ماتش المصري العادي.docx,STALE,2025/5/14/الانتشار.docx,STALE,,,,,roster_v4_rest,counts_leader: chosen own-folder document has a different date (2025-05-08); match: 2025/5/14/ماتش عادي.docx; deployment: 2025/5/14/خطة انتشار 28-3-2025.docx,
2025-05-15,2025/5/15/15-5-2025 للمديرية.docx,,,,2025/5/15/15.docx,,2025/5/15/15-5-2025 افراد.docx,,2025/5/15/15..docx,,,,2025/5/15/يومية القائد.docx,STALE,,,2025/5/15/ماتش المصري العادي.docx,STALE,2025/5/15/الانتشار.docx,STALE,,,,,roster_v4_rest,counts_leader: chosen own-folder document has a different date (2025-05-08); match: 2025/5/15/ماتش عادي.docx; deployment: 2025/5/15/خطة انتشار 28-3-2025.docx,
2025-05-16,2025/5/16/16-5-2025 للمديرية.docx,,,,2025/5/16/16.docx,,2025/5/16/16-5-2025 افراد.docx,,2025/5/16/16..docx,,,,2025/5/16/يومية القائد.docx,STALE,,,2025/5/16/ماتش المصري العادي.docx,STALE,2025/5/16/خطة انتشار 16-5-2025.docx,,,,,,roster_v4_rest,counts_leader: chosen own-folder document has a different date (2025-05-08); match: 2025/5/16/ماتش عادي.docx,
2025-05-17,2025/5/17/17-5-2025 للمديرية.docx,,,,2025/5/17/17.docx,,2025/5/17/17-5-2025 افراد.docx,,2025/5/17/17..docx,,,,2025/5/17/يومية القائد.docx,STALE,,,2025/5/17/ماتش المصري العادي.docx,STALE,2025/5/17/الانتشار.docx,,,,,,roster_v4_rest,counts_leader: chosen own-folder document has a different date (2025-05-08); match: 2025/5/17/ماتش عادي.docx; deployment: 2025/5/17/خطة انتشار 16-5-2025.docx,
2025-05-18,2025/5/18/18-5-2025 للمديرية.docx,,,,2025/5/18/18.docx,,2025/5/18/18-5-2025 افراد.docx,,2025/5/18/18..docx,,,,2025/5/18/يومية القائد.docx,STALE,,,2025/5/18/ماتش المصري العادي.docx,STALE,2025/5/18/الانتشار.docx,STALE,,,,,roster_v4_rest,counts_leader: chosen own-folder document has a different date (2025-05-08); match: 2025/5/18/ماتش عادي.docx; deployment: 2025/5/18/خطة انتشار 16-5-2025.docx,
2025-05-19,2025/5/19/19-5-2025 للمديرية.docx,,,,2025/5/19/19.docx,,2025/5/19/19-5-2025 افراد.docx,,2025/5/19/19..docx,,,,2025/5/19/يومية القائد.docx,STALE,,,2025/5/19/ماتش المصري العادي.docx,STALE,2025/5/19/الانتشار.docx,STALE,,,,,roster_v4_rest,counts_leader: chosen own-folder document has a different date (2025-05-08); match: 2025/5/19/ماتش عادي.docx; deployment: 2025/5/19/خطة انتشار 16-5-2025.docx,
2025-05-20,2025/5/20/20-5-2025 للمديرية.docx,,,,2025/5/20/20.docx,,2025/5/20/20-5-2025 افراد.docx,,2025/5/20/20..docx,,,,2025/5/20/يومية القائد.docx,STALE,,,2025/5/20/ماتش المصري العادي.docx,STALE,2025/5/20/الانتشار.docx,STALE,,,,,roster_v4_rest,counts_leader: chosen own-folder document has a different date (2025-05-08); match: 2025/5/20/ماتش عادي.docx; deployment: 2025/5/20/خطة انتشار 16-5-2025.docx,
2025-05-21,2025/5/21/22-5-2025 للمديرية.docx,,,,2025/5/21/21.docx,,2025/5/21/21-5-2025 افراد.docx,,2025/5/21/21..docx,,,,2025/5/21/يومية القائد.docx,STALE,,,2025/5/21/ماتش المصري العادي.docx,STALE,2025/5/21/الانتشار.docx,STALE,,,,,roster_v4_rest,roster: chosen own-folder document has a different date (2025-05-22); counts_leader: chosen own-folder document has a different date (2025-05-08); match: 2025/5/21/ماتش عادي.docx; deployment: 2025/5/21/خطة انتشار 16-5-2025.docx,
2025-05-22,2025/5/22/22-5-2025 للمديرية.docx,,,,2025/5/22/22.docx,,2025/5/22/22-5-2025 افراد.docx,,2025/5/22/22..docx,,,,2025/5/22/يومية القائد.docx,STALE,,,2025/5/22/ماتش المصري العادي.docx,STALE,2025/5/22/الانتشار.docx,STALE,,,,,unknown,duty_list: chosen own-folder document has a different date (2025-05-29); counts_leader: chosen own-folder document has a different date (2025-05-08); match: 2025/5/22/ماتش عادي.docx; deployment: 2025/5/22/خطة انتشار 16-5-2025.docx,
2025-05-23,2025/5/23/23-5-2025 للمديرية.docx,,,,2025/5/23/23.docx,,2025/5/23/23-5-2025 افراد.docx,,2025/5/23/23..docx,,,,2025/5/23/يومية القائد.docx,STALE,,,2025/5/23/ماتش المصري العادي.docx,STALE,2025/5/23/الانتشار.docx,STALE,,,,,unknown,counts_leader: chosen own-folder document has a different date (2025-05-08); match: 2025/5/23/ماتش عادي.docx; deployment: 2025/5/23/خطة انتشار 16-5-2025.docx,
2025-05-24,2025/5/24/24-5-2025 للمديرية.docx,,,,2025/5/24/24.docx,,2025/5/24/24-5-2025 افراد.docx,,2025/5/24/24..docx,,,,2025/5/24/يومية القائد.docx,STALE,,,2025/5/24/ماتش المصري.docx,,2025/5/24/الانتشار.docx,STALE,,,,,roster_v4_rest,counts_leader: chosen own-folder document has a different date (2025-05-08); match: 2025/5/24/ماتش عادي.docx; deployment: 2025/5/24/خطة انتشار 16-5-2025.docx,
2025-05-25,2025/5/25/25-5-2025 للمديرية.docx,,,,2025/5/25/25.docx,,2025/5/25/25-5-2025 افراد.docx,,2025/5/25/25..docx,,,,2025/5/25/يومية القائد.docx,STALE,,,2025/5/25/ماتش المصري.docx,STALE,2025/5/25/الانتشار.docx,STALE,,,,,roster_v4_rest,counts_leader: chosen own-folder document has a different date (2025-05-08); match: 2025/5/25/ماتش عادي.docx; deployment: 2025/5/25/خطة انتشار 16-5-2025.docx,
2025-05-26,2025/5/26/26-5-2025 للمديرية.docx,,,,2025/5/26/26.docx,,2025/5/26/26-5-2025 افراد.docx,,2025/5/26/26..docx,,,,2025/5/26/يومية القائد.docx,STALE,,,2025/5/26/ماتش المصري.docx,STALE,2025/5/26/الانتشار.docx,STALE,,,,,roster_v4_rest,counts_leader: chosen own-folder document has a different date (2025-05-08); match: 2025/5/26/ماتش عادي.docx; deployment: 2025/5/26/خطة انتشار 16-5-2025.docx,
2025-05-27,2025/5/27/27-5-2025 للمديرية.docx,,,,2025/5/27/27.docx,,2025/5/27/27-5-2025 افراد.docx,,2025/5/27/27..docx,,,,2025/5/27/يومية القائد.docx,STALE,,,2025/5/27/ماتش المصري.docx,STALE,2025/5/27/الانتشار.docx,STALE,,,,,roster_v4_rest,counts_leader: chosen own-folder document has a different date (2025-05-08); match: 2025/5/27/ماتش عادي.docx; deployment: 2025/5/27/خطة انتشار 16-5-2025.docx,
2025-05-28,2025/5/28/28-5-2025 للمديرية.docx,,,,2025/5/28/28.docx,,2025/5/28/28-5-2025 افراد.docx,,2025/5/28/28..docx,,,,2025/5/28/يومية القائد.docx,STALE,,,2025/5/28/ماتش المصري.docx,,2025/5/28/الانتشار.docx,STALE,,,,,roster_v4_rest,counts_leader: chosen own-folder document has a different date (2025-05-08); match: 2025/5/28/ماتش عادي.docx; deployment: 2025/5/28/خطة انتشار 16-5-2025.docx,
2025-05-29,2025/5/29/29-5-2025 للمديرية.docx,,,,2025/5/29/29.docx,,2025/5/29/29-5-2025 افراد.docx,,2025/5/29/29..docx,,,,2025/5/29/يومية القائد.docx,STALE,,,2025/5/29/ماتش المصري العادي.docx,,2025/5/29/الانتشار.docx,STALE,,,,,roster_v4_rest,counts_leader: chosen own-folder document has a different date (2025-05-08); match: 2025/5/29/ماتش عادي.docx; deployment: 2025/5/29/خطة انتشار 16-5-2025.docx,
2025-05-30,2025/5/30/30-5-2025 للمديرية.docx,,,,2025/5/30/30.docx,,2025/5/30/30-5-2025 افراد.docx,,2025/5/30/30..docx,,,,2025/5/30/يومية القائد.docx,STALE,,,2025/5/30/ماتش المصري العادي.docx,STALE,2025/5/30/خطة انتشار 30-5-2025.docx,,,,,,roster_v4_rest,counts_leader: chosen own-folder document has a different date (2025-05-08); match: 2025/5/30/ماتش عادي.docx,
2025-05-31,2025/5/31/31-5-2025 للمديرية.docx,,,,2025/5/31/31.docx,,2025/5/31/31-5-2025 افراد.docx,,2025/5/31/31..docx,,,,2025/5/31/يومية القائد.docx,STALE,,,2025/5/31/ماتش المصري العادي.docx,STALE,2025/5/31/الانتشار.docx,,,,,,roster_v4_rest,counts_leader: chosen own-folder document has a different date (2025-05-08); match: 2025/5/31/ماتش عادي.docx; deployment: 2025/5/31/خطة انتشار 30-5-2025.docx,
2025-06-01,2025/6/1/1-6-2025 للمديرية.docx,,,,2025/6/1/1.docx,,2025/6/1/1-6-2025 افراد.docx,,2025/6/1/1..docx,,,,2025/6/1/يومية القائد.docx,STALE,,,2025/6/1/ماتش المصري العادي.docx,STALE,2025/6/1/الانتشار.docx,STALE,,,,,roster_v4_rest,counts_leader: chosen own-folder document has a different date (2025-05-08); match: 2025/6/1/ماتش عادي.docx; deployment: 2025/6/1/خطة انتشار 28-3-2025.docx,
2025-06-02,2025/6/2/2-6-2025 للمديرية.docx,,,,2025/6/2/2.docx,,2025/6/2/2-6-2025 افراد.docx,,2025/6/2/2..docx,,,,2025/6/2/يومية القائد.docx,STALE,,,2025/6/2/ماتش المصري العادي.docx,STALE,2025/6/2/الانتشار.docx,STALE,,,,,roster_v4_rest,counts_leader: chosen own-folder document has a different date (2025-05-08); match: 2025/6/2/ماتش عادي.docx; deployment: 2025/6/2/خطة انتشار 28-3-2025.docx,
2025-06-03,2025/6/3/3-6-2025 للمديرية.docx,,,,2025/6/3/3.docx,,2025/6/3/3-6-2025 افراد.docx,,2025/6/3/3..docx,,,,2025/6/3/يومية القائد.docx,STALE,,,2025/6/3/ماتش المصري العادي.docx,STALE,2025/6/3/الانتشار.docx,STALE,,,,,roster_v4_rest,counts_leader: chosen own-folder document has a different date (2025-05-08); match: 2025/6/3/ماتش عادي.docx; deployment: 2025/6/3/خطة انتشار 28-3-2025.docx,
2025-06-04,2025/6/4/4-6-2025 للمديرية.docx,,,,2025/6/4/4.docx,,2025/6/4/4-6-2025 افراد.docx,,2025/6/4/4..docx,,,,2025/6/4/يومية القائد.docx,STALE,,,2025/6/4/ماتش المصري العادي.docx,STALE,2025/6/4/الانتشار.docx,STALE,,,,,roster_v4_rest,counts_leader: chosen own-folder document has a different date (2025-05-08); match: 2025/6/4/ماتش عادي.docx; deployment: 2025/6/4/خطة انتشار 28-3-2025.docx,
2025-06-05,2025/6/5/5-6-2025 للمديرية.docx,,,,2025/6/5/5.docx,,2025/6/5/5-6-2025 افراد.docx,,2025/6/5/5..docx,,,,2025/6/5/يومية القائد.docx,STALE,,,2025/6/5/ماتش المصري العادي.docx,STALE,2025/6/5/الانتشار.docx,STALE,,,,,roster_v4_rest,counts_leader: chosen own-folder document has a different date (2025-05-08); match: 2025/6/5/ماتش عادي.docx; deployment: 2025/6/5/خطة انتشار 28-3-2025.docx,
2025-06-06,2025/6/6/6-6-2025 للمديرية.docx,,,,2025/6/6/6.docx,,2025/6/6/6-6-2025افراد.docx,,2025/6/6/6..docx,,,,2025/6/6/يومية القائد.docx,STALE,,,2025/6/6/ماتش المصري العادي.docx,STALE,2025/6/6/الانتشار.docx,STALE,,,,,roster_v4_rest,counts_leader: chosen own-folder document has a different date (2025-05-08); match: 2025/6/6/ماتش عادي.docx; deployment: 2025/6/6/خطة انتشار 28-3-2025.docx,
2025-06-07,2025/6/7/7-6-2025 للمديرية.docx,,,,2025/6/7/7.docx,,2025/6/7/7-6-2025 افراد.docx,,2025/6/7/7..docx,,,,2025/6/7/يومية القائد.docx,STALE,,,2025/6/7/ماتش المصري العادي.docx,STALE,2025/6/7/الانتشار.docx,STALE,,,,,roster_v4_rest,counts_leader: chosen own-folder document has a different date (2025-05-08); match: 2025/6/7/ماتش عادي.docx; deployment: 2025/6/7/خطة انتشار 28-3-2025.docx,
2025-06-08,2025/6/8/8-6-2025 للمديرية.docx,,,,2025/6/8/8.docx,,2025/6/8/8-6-2025 افراد.docx,,2025/6/8/8..docx,,,,2025/6/8/يومية القائد.docx,STALE,,,2025/6/8/ماتش المصري العادي.docx,STALE,2025/6/8/الانتشار.docx,STALE,,,,,roster_v4_rest,counts_leader: chosen own-folder document has a different date (2025-05-08); match: 2025/6/8/ماتش عادي.docx; deployment: 2025/6/8/خطة انتشار 28-3-2025.docx,
2025-06-09,2025/6/9/9-6-2025 للمديرية.docx,,,,2025/6/9/9.docx,,2025/6/9/9-6-2025 افراد.docx,,2025/6/9/9..docx,,,,2025/6/9/يومية القائد.docx,STALE,,,2025/6/9/ماتش المصري العادي.docx,STALE,2025/6/9/الانتشار.docx,STALE,,,,,roster_v4_rest,counts_leader: chosen own-folder document has a different date (2025-05-08); match: 2025/6/9/ماتش عادي.docx; deployment: 2025/6/9/خطة انتشار 28-3-2025.docx,
2025-06-10,2025/6/10/10-6-2025 للمديرية.docx,,,,2025/6/10/10.docx,,2025/6/10/10-6-2025 افراد.docx,,2025/6/10/10..docx,,,,2025/6/10/يومية القائد.docx,STALE,,,2025/6/10/ماتش المصري العادي.docx,STALE,2025/6/10/الانتشار.docx,STALE,,,,,roster_v4_rest,counts_leader: chosen own-folder document has a different date (2025-05-08); match: 2025/6/10/ماتش عادي.docx; deployment: 2025/6/10/خطة انتشار 28-3-2025.docx,
2025-06-11,2025/6/11/11-6-2025 للمديرية.docx,,,,2025/6/11/11.docx,,2025/6/11/11-6-2025 افراد.docx,,2025/6/11/10..docx,,,,2025/6/11/يومية القائد.docx,STALE,,,2025/6/11/ماتش المصري العادي.docx,STALE,2025/6/11/الانتشار.docx,STALE,,,,,roster_v4_rest,counts_leader: chosen own-folder document has a different date (2025-05-08); match: 2025/6/11/ماتش عادي.docx; deployment: 2025/6/11/خطة انتشار 28-3-2025.docx,
2025-06-12,2025/6/12/12-6-2025 للمديرية.docx,,,,2025/6/12/12.docx,,2025/6/12/12-6-2025 افراد.docx,,2025/6/12/12..docx,,,,2025/6/12/يومية القائد.docx,STALE,,,2025/6/12/ماتش المصري العادي.docx,STALE,2025/6/12/الانتشار.docx,STALE,,,,,roster_v4_rest,counts_leader: chosen own-folder document has a different date (2025-05-08); match: 2025/6/12/ماتش عادي.docx; deployment: 2025/6/12/خطة انتشار 28-3-2025.docx,
2025-06-13,2025/6/13/13-6-2025 للمديرية.docx,,,,2025/6/13/13.docx,,2025/6/13/13-6-2025 افراد.docx,,2025/6/13/13..docx,,,,2025/6/13/يومية القائد.docx,STALE,,,2025/6/13/ماتش المصري العادي.docx,STALE,2025/6/13/الانتشار.docx,STALE,,,,,roster_v4_rest,counts_leader: chosen own-folder document has a different date (2025-05-08); match: 2025/6/13/ماتش عادي.docx; deployment: 2025/6/13/خطة انتشار 28-3-2025.docx,
2025-06-14,2025/6/14/14-6-2025 للمديرية.docx,,,,2025/6/14/14.docx,,2025/6/14/14-6-2025 افراد.docx,,2025/6/14/14..docx,,,,2025/6/15/يومية القائد.docx,,,,2025/6/14/ماتش المصري العادي.docx,STALE,2025/6/14/الانتشار.docx,STALE,,,,,roster_v4_rest,counts_leader: 2025/6/16/يومية القائد.docx; match: 2025/6/14/ماتش عادي.docx; deployment: 2025/6/14/خطة انتشار 28-3-2025.docx,
2025-06-15,2025/6/15/15-6-2025 للمديرية.docx,,,,2025/6/15/15.docx,,2025/6/15/15-6-2025 افراد.docx,,2025/6/15/15..docx,,,,2025/6/15/يومية القائد.docx,STALE,,,2025/6/15/ماتش المصري العادي.docx,STALE,2025/6/15/الانتشار.docx,STALE,,,,,roster_v4_rest,counts_leader: chosen own-folder document has a different date (2025-06-14); match: 2025/6/15/ماتش عادي.docx; deployment: 2025/6/15/خطة انتشار 28-3-2025.docx,
2025-06-16,2025/6/16/16-6-2025 للمديرية.docx,,,,2025/6/16/16.docx,,2025/6/16/16-6-2025 افراد.docx,,2025/6/16/16..docx,,,,2025/6/16/يومية القائد.docx,STALE,,,2025/6/16/ماتش المصري العادي.docx,STALE,2025/6/16/الانتشار.docx,STALE,,,,,roster_v4_rest,counts_leader: chosen own-folder document has a different date (2025-06-14); match: 2025/6/16/ماتش عادي.docx; deployment: 2025/6/16/خطة انتشار 28-3-2025.docx,
2025-06-17,2025/6/17/17-6-2025 للمديرية.docx,,,,2025/6/17/17.docx,,2025/6/17/17-6-2025 افراد.docx,,2025/6/17/17..docx,,,,2025/6/17/يومية القائد.docx,STALE,,,2025/6/17/ماتش المصري العادي.docx,STALE,2025/6/17/الانتشار.docx,STALE,,,,,roster_v4_rest,counts_leader: chosen own-folder document has a different date (2025-06-14); match: 2025/6/17/ماتش عادي.docx; deployment: 2025/6/17/خطة انتشار 28-3-2025.docx,
2025-06-18,2025/6/18/18-6-2025 للمديرية.docx,,,,2025/6/18/18.docx,,2025/6/18/18-6-2025 افراد.docx,,2025/6/18/18..docx,,,,2025/6/18/يومية القائد.docx,STALE,,,2025/6/18/ماتش المصري العادي.docx,STALE,2025/6/18/الانتشار.docx,STALE,,,,,roster_v4_rest,counts_leader: chosen own-folder document has a different date (2025-06-14); match: 2025/6/18/ماتش عادي.docx; deployment: 2025/6/18/خطة انتشار 28-3-2025.docx,
2025-06-19,2025/6/19/19-6-2025 للمديرية.docx,,,,2025/6/19/19.docx,,2025/6/19/19-6-2025 افراد.docx,,2025/6/19/19..docx,,,,2025/6/19/يومية القائد.docx,STALE,,,2025/6/19/ماتش المصري العادي.docx,STALE,2025/6/19/الانتشار.docx,STALE,,,,,roster_v4_rest,counts_leader: chosen own-folder document has a different date (2025-06-14); match: 2025/6/19/ماتش عادي.docx; deployment: 2025/6/19/خطة انتشار 28-3-2025.docx,
2025-06-20,,,,,2025/6/20/19.docx,STALE,2025/6/20/20-6-2025 افراد.docx,,2025/6/20/20..docx,,,,2025/6/20/يومية القائد.docx,STALE,,,2025/6/20/ماتش المصري العادي.docx,STALE,2025/6/20/الانتشار.docx,STALE,,,,,,counts_leader: chosen own-folder document has a different date (2025-06-14); match: 2025/6/20/ماتش عادي.docx; deployment: 2025/6/20/خطة انتشار 28-3-2025.docx,
2025-06-21,2025/6/21/‫21-6-2025 للمديرية.docx,,,,2025/6/21/20.docx,,,,,,,,2025/6/21/يومية القائد.docx,STALE,,,2025/6/21/ماتش المصري العادي.docx,STALE,2025/6/21/الانتشار.docx,STALE,,,,,roster_v4_rest,counts_leader: chosen own-folder document has a different date (2025-06-14); match: 2025/6/21/ماتش عادي.docx; deployment: 2025/6/21/خطة انتشار 28-3-2025.docx,
2025-06-22,2025/6/22/‫‫22-6-2025 للمديرية.docx,,,,2025/6/22/22.docx,,2025/6/22/22-6-2025 افراد.docx,,2025/6/22/22..docx,,,,2025/6/22/يومية القائد.docx,STALE,,,2025/6/22/ماتش المصري العادي.docx,STALE,2025/6/22/الانتشار.docx,STALE,,,,,roster_v4_rest,counts_leader: chosen own-folder document has a different date (2025-06-14); match: 2025/6/22/ماتش عادي.docx; deployment: 2025/6/22/خطة انتشار 28-3-2025.docx,
2025-06-23,2025/6/23/‫‫23-6-2025 للمديرية.docx,,,,2025/6/23/23.docx,,2025/6/23/23-6-2025 افراد.docx,,2025/6/23/23..docx,,,,2025/6/23/يومية القائد.docx,STALE,,,2025/6/23/ماتش المصري العادي.docx,STALE,2025/6/23/الانتشار.docx,STALE,,,,,roster_v4_rest,counts_leader: chosen own-folder document has a different date (2025-06-14); match: 2025/6/23/ماتش عادي.docx; deployment: 2025/6/23/خطة انتشار 28-3-2025.docx,
2025-06-24,2025/6/24/24-6-2025 للمديرية.docx,,,,2025/6/24/24-6-2025 .docx,,2025/6/24/24-6-2025 افراد.docx,,2025/6/24/24..docx,,,,2025/6/24/يومية القائد.docx,STALE,,,2025/6/24/ماتش المصري العادي.docx,STALE,2025/6/24/الانتشار.docx,STALE,,,,,roster_v4_rest,counts_leader: chosen own-folder document has a different date (2025-06-14); match: 2025/6/24/ماتش عادي.docx; deployment: 2025/6/24/خطة انتشار 28-3-2025.docx,
2025-06-25,2025/6/25/25-6-2025 للمديرية.docx,,,,2025/6/25/24-6-2025 .docx,STALE,2025/6/25/25-6-2025 افراد.docx,,2025/6/25/25..docx,,,,2025/6/25/يومية القائد.docx,STALE,,,2025/6/25/ماتش المصري العادي.docx,STALE,2025/6/25/الانتشار.docx,STALE,,,,,roster_v4_rest,board: 2025/6/25/25.docx; board: chosen own-folder document has a different date (2025-06-24); counts_leader: chosen own-folder document has a different date (2025-06-14); match: 2025/6/25/ماتش عادي.docx; deployment: 2025/6/25/خطة انتشار 28-3-2025.docx,
2025-06-26,2025/6/26/26-6-2025 للمديرية.docx,,,,2025/6/26/24-6-2025 .docx,STALE,2025/6/26/26-6-2025 افراد.docx,,2025/6/26/26..docx,,,,2025/6/26/يومية القائد.docx,STALE,,,2025/6/26/ماتش المصري العادي.docx,STALE,2025/6/26/الانتشار.docx,STALE,,,,,roster_v4_rest,board: 2025/6/26/26.docx; board: chosen own-folder document has a different date (2025-06-24); counts_leader: chosen own-folder document has a different date (2025-06-14); match: 2025/6/26/ماتش عادي.docx; deployment: 2025/6/26/خطة انتشار 28-3-2025.docx,
2025-06-27,2025/6/27/27-6-2025 للمديرية.docx,,,,2025/6/27/27.docx,,2025/6/27/27-6-2025 افراد.docx,,2025/6/27/27..docx,,,,2025/6/27/يومية القائد.docx,STALE,,,2025/6/27/ماتش المصري العادي.docx,STALE,2025/6/27/الانتشار.docx,STALE,,,,,roster_v4_rest,counts_leader: chosen own-folder document has a different date (2025-06-14); match: 2025/6/27/ماتش عادي.docx; deployment: 2025/6/27/خطة انتشار 28-3-2025.docx,
2025-06-28,2025/6/28/28-6-2025 للمديرية.docx,,,,2025/6/28/28.docx,,2025/6/28/28-6-2025 افراد.docx,,2025/6/28/28..docx,,,,2025/6/28/يومية القائد.docx,STALE,,,2025/6/28/ماتش المصري العادي.docx,STALE,2025/6/28/الانتشار.docx,STALE,,,,,roster_v4_rest,counts_leader: chosen own-folder document has a different date (2025-06-14); match: 2025/6/28/ماتش عادي.docx; deployment: 2025/6/28/خطة انتشار 28-3-2025.docx,
2025-06-29,2025/6/29/29-6-2025 للمديرية.docx,,,,2025/6/29/29.docx,,2025/6/29/29-6-2025 افراد.docx,,2025/6/29/29..docx,,,,2025/6/29/يومية القائد.docx,STALE,,,2025/6/29/ماتش المصري العادي.docx,STALE,2025/6/29/الانتشار.docx,STALE,,,,,roster_v4_rest,counts_leader: chosen own-folder document has a different date (2025-06-14); match: 2025/6/29/ماتش عادي.docx; deployment: 2025/6/29/خطة انتشار 28-3-2025.docx,
2025-06-30,2025/6/30/30-6-2025 للمديرية.docx,,,,2025/6/30/30.docx,,2025/6/30/30-6-2025 افراد.docx,,2025/6/30/30..docx,,,,2025/6/30/يومية القائد.docx,STALE,,,2025/6/30/ماتش المصري العادي.docx,STALE,2025/6/30/الانتشار.docx,STALE,,,,,roster_v4_rest,counts_leader: chosen own-folder document has a different date (2025-06-14); match: 2025/6/30/ماتش عادي.docx; deployment: 2025/6/30/خطة انتشار 28-3-2025.docx,
2025-07-01,2025/7/1/1-7-2025 للمديرية.docx,,,,2025/7/1/1.docx,,2025/7/1/1-7-2025 افراد.docx,,2025/7/1/1..docx,,,,2025/7/1/يومية القائد.docx,STALE,,,2025/7/1/ماتش المصري العادي.docx,STALE,2025/7/1/الانتشار.docx,STALE,,,,,roster_v4_rest,counts_leader: chosen own-folder document has a different date (2025-06-14); match: 2025/7/1/ماتش عادي.docx; deployment: 2025/7/1/خطة انتشار 28-3-2025.docx,
2025-07-02,2025/7/2/2-7-2025 للمديرية.docx,,,,2025/7/2/2.docx,,2025/7/2/2-7-2025 افراد.docx,,2025/7/2/2..docx,,,,2025/7/2/يومية القائد.docx,STALE,,,2025/7/2/ماتش المصري العادي.docx,STALE,2025/7/2/الانتشار.docx,STALE,,,,,roster_v4_rest,counts_leader: chosen own-folder document has a different date (2025-06-14); match: 2025/7/2/ماتش عادي.docx; deployment: 2025/7/2/خطة انتشار 28-3-2025.docx,
2025-07-03,2025/7/3/3-7-2025 للمديرية.docx,,,,2025/7/3/3.docx,,2025/7/3/3-7-2025 افراد.docx,,2025/7/3/3..docx,,,,2025/7/3/يومية القائد.docx,STALE,,,2025/7/3/ماتش المصري العادي.docx,STALE,2025/7/3/الانتشار.docx,STALE,,,,,roster_v4_rest,counts_leader: chosen own-folder document has a different date (2025-06-14); match: 2025/7/3/ماتش عادي.docx; deployment: 2025/7/3/خطة انتشار 28-3-2025.docx,
2025-07-04,2025/7/4/4-7-2025.docx,,,,2025/7/4/4.docx,,2025/7/4/4-7-2025 افراد.docx,,2025/7/4/4..docx,,,,2025/7/4/يومية القائد.docx,,,,2025/7/4/ماتش المصري العادي.docx,STALE,2025/7/4/الانتشار.docx,STALE,,,,,roster_v4_rest,counts_leader: chosen own-folder document has a different date (2025-07-05); match: 2025/7/4/ماتش عادي.docx; deployment: 2025/7/4/خطة انتشار 28-3-2025.docx,
2025-07-05,2025/7/5/5-7-2025 للمديرية.docx,,,,2025/7/5/5.docx,,2025/7/5/5-7-2025 افراد.docx,,2025/7/5/5..docx,,,,2025/7/4/يومية القائد.docx,STALE,,,2025/7/5/ماتش المصري العادي.docx,STALE,2025/7/5/الانتشار.docx,STALE,,,,,roster_v4_rest,match: 2025/7/5/ماتش عادي.docx; deployment: 2025/7/5/خطة انتشار 28-3-2025.docx,
2025-07-06,2025/7/6/6-7-2025.docx,,,,2025/7/6/6.docx,,2025/7/6/6-7-2025 افراد.docx,,2025/7/6/6..docx,,,,2025/7/6/يومية القائد.docx,,,,2025/7/6/ماتش المصري العادي.docx,STALE,2025/7/6/الانتشار.docx,STALE,,,,,roster_v4_rest,match: 2025/7/6/ماتش عادي.docx; deployment: 2025/7/6/خطة انتشار 28-3-2025.docx,
2025-07-07,2025/7/7/7-7-2025.docx,,,,2025/7/7/7.docx,,2025/7/7/7-7-2025 افراد.docx,,2025/7/7/7..docx,,,,2025/7/7/يومية القائد.docx,,,,2025/7/7/ماتش المصري العادي.docx,STALE,2025/7/7/الانتشار.docx,STALE,,,,,roster_v4_rest,match: 2025/7/7/ماتش عادي.docx; deployment: 2025/7/7/خطة انتشار 28-3-2025.docx,
2025-07-08,2025/7/8/8-7-2025.docx,,,,2025/7/8/8.docx,,2025/7/8/8-7-2025 افراد.docx,,2025/7/8/8..docx,,,,2025/7/8/يومية القائد.docx,STALE,,,2025/7/8/ماتش المصري العادي.docx,STALE,2025/7/8/الانتشار.docx,STALE,,,,,roster_v4_rest,duty_list: chosen own-folder document has a different date (2025-07-07); counts_leader: chosen own-folder document has a different date (2025-07-07); match: 2025/7/8/ماتش عادي.docx; deployment: 2025/7/8/خطة انتشار 28-3-2025.docx,
2025-07-09,2025/7/9/9-7-2025.docx,,,,2025/7/9/9.docx,,2025/7/9/9-7-2025 افراد.docx,,2025/7/9/9..docx,,,,2025/7/9/يومية القائد.docx,,,,2025/7/9/ماتش المصري العادي.docx,STALE,2025/7/9/الانتشار.docx,STALE,,,,,roster_v4_rest,match: 2025/7/9/ماتش عادي.docx; deployment: 2025/7/9/خطة انتشار 28-3-2025.docx,
2025-07-11,2025/7/11/11-7-2025.docx,,,,2025/7/11/11.docx,,2025/7/11/11-7-2025 افراد.docx,,2025/7/11/11..docx,,,,2025/7/11/يومية القائد.docx,,,,2025/7/11/ماتش المصري العادي.docx,,2025/7/11/الانتشار.docx,,,,,,roster_v4_rest,match: 2025/7/11/ماتش عادي.docx; deployment: 2025/7/11/خطة انتشار 28-3-2025.docx,
2025-07-12,2025/7/12/12-7-2025.docx,,,,2025/7/12/12.docx,,2025/7/12/12-7-2025 افراد.docx,,2025/7/12/12..docx,,,,2025/7/14/يومية القائد.docx,,,,2025/7/12/ماتش المصري العادي.docx,STALE,2025/7/12/الانتشار.docx,STALE,,,,,roster_v4_rest,match: 2025/7/12/ماتش عادي.docx; deployment: 2025/7/12/خطة انتشار 28-3-2025.docx,
2025-07-13,2025/7/13/13.7.2025.docx,,,,2025/7/13/13.docx,,2025/7/13/13-7-2025 افراد.docx,,2025/7/13/13..docx,,,,2025/7/13/يومية القائد.docx,,,,2025/7/13/ماتش المصري العادي.docx,STALE,2025/7/13/الانتشار.docx,STALE,,,,,roster_v4_rest,counts_leader: chosen own-folder document has a different date (2025-07-11); match: 2025/7/13/ماتش عادي.docx; deployment: 2025/7/13/خطة انتشار 28-3-2025.docx,
2025-07-14,2025/7/14/14-7-2025.docx,,,,2025/7/14/14.docx,,2025/7/14/14-7-2025 افراد.docx,,2025/7/14/14..docx,,,,2025/7/14/يومية القائد.docx,,,,2025/7/14/ماتش المصري العادي.docx,STALE,2025/7/14/الانتشار.docx,STALE,,,,,roster_v4_rest,counts_leader: chosen own-folder document has a different date (2025-07-12); match: 2025/7/14/ماتش عادي.docx; deployment: 2025/7/14/خطة انتشار 28-3-2025.docx,
2025-07-15,2025/7/15/15.7.2025.docx,,,,2025/7/15/15.docx,,2025/7/15/15-7-2025 افراد.docx,,2025/7/15/15..docx,,,,2025/7/15/يومية القائد.docx,,,,2025/7/15/ماتش المصري العادي.docx,STALE,2025/7/15/الانتشار.docx,STALE,,,,,roster_v4_rest,match: 2025/7/15/ماتش عادي.docx; deployment: 2025/7/15/خطة انتشار 28-3-2025.docx,
2025-07-16,2025/7/16/16-7-2025.docx,,,,2025/7/16/16.docx,,2025/7/16/16-7-2025 افراد.docx,,2025/7/16/16..docx,,,,2025/7/16/يومية القائد.docx,,,,2025/7/16/ماتش المصري العادي.docx,STALE,2025/7/16/الانتشار.docx,STALE,,,,,roster_v4_rest,counts_leader: chosen own-folder document has a different date (2025-07-15); match: 2025/7/16/ماتش عادي.docx; deployment: 2025/7/16/خطة انتشار 28-3-2025.docx,
2025-07-17,2025/7/17/17-7-2025.docx,,,,2025/7/17/17.docx,,2025/7/17/17-7-2025 افراد.docx,,2025/7/17/17..docx,,,,2025/7/17/يومية القائد.docx,,,,2025/7/17/ماتش المصري العادي.docx,STALE,2025/7/17/الانتشار.docx,STALE,,,,,roster_v4_rest,match: 2025/7/17/ماتش عادي.docx; deployment: 2025/7/17/خطة انتشار 28-3-2025.docx,
2025-07-18,2025/7/18/18-7-2025.docx,,,,2025/7/18/18.docx,,2025/7/18/18-7-2025 افراد.docx,,2025/7/18/18..docx,,,,2025/7/18/يومية القائد.docx,,,,2025/7/18/ماتش المصري العادي.docx,STALE,2025/7/18/الانتشار.docx,STALE,,,,,roster_v4_rest,board: 2025/7/18/التفصيلة.docx; match: 2025/7/18/ماتش عادي.docx; deployment: 2025/7/18/خطة انتشار 28-3-2025.docx,
2025-07-19,2025/7/19/19-7-2025.docx,,,,2025/7/19/18.docx,,2025/7/19/19-7-2025 افراد.docx,,2025/7/19/19..docx,,,,2025/7/19/يومية القائد.docx,,,,2025/7/19/ماتش المصري العادي.docx,STALE,2025/7/19/الانتشار.docx,STALE,,,,,roster_v4_rest,board: 2025/7/19/19.docx | 2025/7/19/التفصيلة.docx; match: 2025/7/19/ماتش عادي.docx; deployment: 2025/7/19/خطة انتشار 28-3-2025.docx,
2025-07-20,2025/7/20/20-7-2025.docx,,,,2025/7/20/20.docx,,2025/7/20/20-7-2025 افراد.docx,,2025/7/20/20..docx,,,,2025/7/20/يومية القائد.docx,,,,2025/7/20/ماتش المصري العادي.docx,STALE,2025/7/20/الانتشار.docx,STALE,,,,,roster_v4_rest,board: 2025/7/20/التفصيلة.docx; match: 2025/7/20/ماتش عادي.docx; deployment: 2025/7/20/خطة انتشار 28-3-2025.docx,
2025-07-21,2025/7/21/21-7-2025.docx,,,,2025/7/21/21.docx,,2025/7/21/21-7-2025 افراد.docx,,2025/7/21/21..docx,,,,2025/7/21/يومية القائد.docx,STALE,,,2025/7/21/ماتش المصري العادي.docx,STALE,2025/7/21/الانتشار.docx,STALE,,,,,roster_v4_rest,board: 2025/7/21/التفصيلة.docx; counts_leader: chosen own-folder document has a different date (2025-07-20); match: 2025/7/21/ماتش عادي.docx; deployment: 2025/7/21/خطة انتشار 28-3-2025.docx,
2025-07-22,2025/7/22/22-7-2025.docx,,,,2025/7/22/22.docx,,2025/7/22/22-7-2025 افراد.docx,,2025/7/22/22..docx,,,,2025/7/22/يومية القائد.docx,STALE,,,2025/7/22/ماتش المصري العادي.docx,STALE,2025/7/22/الانتشار.docx,STALE,,,,,roster_v4_rest,board: 2025/7/22/التفصيلة.docx; counts_leader: chosen own-folder document has a different date (2025-07-20); match: 2025/7/22/ماتش عادي.docx; deployment: 2025/7/22/خطة انتشار 28-3-2025.docx,
2025-07-23,2025/7/23/23-7-2025.docx,,,,2025/7/23/23.docx,,2025/7/23/23-7-2025 افراد.docx,,2025/7/23/23..docx,,,,2025/7/23/يومية القائد.docx,STALE,,,2025/7/23/ماتش المصري العادي.docx,STALE,2025/7/23/الانتشار.docx,STALE,,,,,roster_v4_rest,board: 2025/7/23/التفصيلة.docx; counts_leader: chosen own-folder document has a different date (2025-07-20); match: 2025/7/23/ماتش عادي.docx; deployment: 2025/7/23/خطة انتشار 28-3-2025.docx,
2025-07-24,2025/7/24/24-7-2025.docx,,,,2025/7/24/24.docx,,2025/7/24/24-7-2025 افراد.docx,,2025/7/24/24..docx,,,,2025/7/24/يومية القائد.docx,STALE,,,2025/7/24/ماتش المصري العادي.docx,STALE,2025/7/24/الانتشار.docx,STALE,,,,,roster_v4_rest,board: 2025/7/24/التفصيلة.docx; counts_leader: chosen own-folder document has a different date (2025-07-20); match: 2025/7/24/ماتش عادي.docx; deployment: 2025/7/24/خطة انتشار 28-3-2025.docx,
2025-07-25,2025/7/25/25-7-2025.docx,,,,2025/7/25/25.docx,,2025/7/25/25-7-2025 افراد.docx,,2025/7/25/25..docx,,,,2025/7/25/يومية القائد.docx,STALE,,,2025/7/25/ماتش المصري العادي.docx,STALE,2025/7/25/الانتشار.docx,STALE,,,,,roster_v4_rest,board: 2025/7/25/التفصيلة.docx; counts_leader: chosen own-folder document has a different date (2025-07-20); match: 2025/7/25/ماتش عادي.docx; deployment: 2025/7/25/خطة انتشار 28-3-2025.docx,
2025-07-26,2025/7/26/26-7-2025.docx,,,,2025/7/26/26.docx,,2025/7/26/26-7-2025 افراد.docx,,2025/7/26/26..docx,,,,2025/7/26/يومية القائد.docx,STALE,,,2025/7/26/ماتش المصري العادي.docx,STALE,2025/7/26/الانتشار.docx,STALE,,,,,roster_v4_rest,board: 2025/7/26/التفصيلة.docx; counts_leader: chosen own-folder document has a different date (2025-07-20); match: 2025/7/26/ماتش عادي.docx; deployment: 2025/7/26/خطة انتشار 28-3-2025.docx,
2025-07-27,2025/7/27/27-7-2025.docx,,,,2025/7/27/27.docx,,2025/7/27/27-7-2025 افراد.docx,,2025/7/27/27..docx,,,,2025/7/27/يومية القائد.docx,STALE,,,2025/7/27/ماتش المصري العادي.docx,STALE,2025/7/27/الانتشار.docx,STALE,,,,,roster_v4_rest,board: 2025/7/27/التفصيلة.docx; counts_leader: chosen own-folder document has a different date (2025-07-20); match: 2025/7/27/ماتش عادي.docx; deployment: 2025/7/27/خطة انتشار 28-3-2025.docx,
2025-07-28,2025/7/28/28-7-2025.docx,,,,2025/7/28/28.docx,,2025/7/28/28-7-2025 افراد.docx,,2025/7/28/28..docx,,,,2025/7/28/يومية القائد.docx,,,,2025/7/28/ماتش المصري العادي.docx,STALE,2025/7/28/الانتشار.docx,STALE,,,,,roster_v4_rest,board: 2025/7/28/التفصيلة.docx; match: 2025/7/28/ماتش عادي.docx; deployment: 2025/7/28/خطة انتشار 28-3-2025.docx,
2025-07-29,2025/7/29/29-7-2025.docx,,,,2025/7/29/29.docx,,2025/7/29/29-7-2025 افراد.docx,,2025/7/29/29..docx,,,,2025/7/29/يومية القائد.docx,,,,2025/7/29/ماتش المصري العادي.docx,STALE,2025/7/29/الانتشار.docx,STALE,,,,,roster_v4_rest,board: 2025/7/29/التفصيلة.docx; match: 2025/7/29/ماتش عادي.docx; deployment: 2025/7/29/خطة انتشار 28-3-2025.docx,
2025-07-30,2025/7/30/30-7-2025.docx,,,,2025/7/30/30.docx,,2025/7/30/30-7-2025 افراد.docx,,2025/7/30/30..docx,,,,2025/7/30/يومية القائد.docx,,,,2025/7/30/ماتش المصري العادي.docx,STALE,2025/7/30/الانتشار.docx,STALE,,,,,roster_v4_rest,board: 2025/7/30/التفصيلة.docx; match: 2025/7/30/ماتش عادي.docx; deployment: 2025/7/30/خطة انتشار 28-3-2025.docx,
2025-07-31,2025/7/31/31-7-2025.docx,,,,2025/7/31/31.docx,,2025/7/31/31-7-2025 افراد.docx,,2025/7/31/31..docx,,,,2025/7/31/يومية القائد.docx,,,,2025/7/31/ماتش المصري العادي.docx,STALE,2025/7/31/الانتشار.docx,STALE,,,,,roster_v4_rest,board: 2025/7/31/التفصيلة.docx; match: 2025/7/31/ماتش عادي.docx; deployment: 2025/7/31/خطة انتشار 28-3-2025.docx,
2025-08-01,2025/8/1/1-8-2025.docx,,,,2025/8/1/التفصيلة.docx,,2025/8/1/1-8-2025 افراد.docx,,2025/8/1/1..docx,,,,2025/8/1/يومية القائد.docx,,,,2025/8/1/ماتش المصري العادي.docx,STALE,2025/8/1/الانتشار.docx,STALE,,,,,roster_v4_rest,match: 2025/8/1/ماتش عادي.docx; deployment: 2025/8/1/خطة انتشار 28-3-2025.docx | 2025/8/1/قوام خطة الانتشار.docx,
2025-08-02,2025/8/2/2-8-2025.docx,,,,2025/8/2/2.docx,,2025/8/2/2-8-2025 افراد.docx,,2025/8/2/2..docx,,,,2025/8/2/يومية القائد.docx,STALE,,,2025/8/2/ماتش المصري العادي.docx,STALE,2025/8/2/الانتشار.docx,STALE,,,,,roster_v4_rest,board: 2025/8/2/التفصيلة.docx; counts_leader: chosen own-folder document has a different date (2025-08-01); match: 2025/8/2/ماتش عادي.docx; deployment: 2025/8/2/خطة انتشار 28-3-2025.docx | 2025/8/2/قوام خطة الانتشار.docx,
2025-08-03,2025/8/3/3-8-2025 - نسخة.docx,,,,2025/8/3/3.docx,,2025/8/3/3-8-2025 افراد.docx,,2025/8/3/3..docx,,,,2025/8/3/يومية القائد.docx,STALE,,,2025/8/3/ماتش المصري العادي.docx,STALE,2025/8/3/الانتشار.docx,STALE,,,,,roster_v4_rest,board: 2025/8/3/التفصيلة.docx; counts_leader: chosen own-folder document has a different date (2025-08-01); match: 2025/8/3/ماتش عادي.docx; deployment: 2025/8/3/خطة انتشار 28-3-2025.docx | 2025/8/3/قوام خطة الانتشار.docx,
2025-08-04,2025/8/4/4-8-2025.docx,,,,2025/8/4/4.docx,,2025/8/4/4-8-2025 افراد.docx,,2025/8/4/4..docx,,,,2025/8/4/يومية القائد.docx,STALE,,,2025/8/4/ماتش المصري العادي.docx,STALE,2025/8/4/الانتشار.docx,STALE,,,,,roster_v4_rest,board: 2025/8/4/التفصيلة.docx; counts_leader: chosen own-folder document has a different date (2025-08-01); match: 2025/8/4/ماتش عادي.docx; deployment: 2025/8/4/خطة انتشار 28-3-2025.docx | 2025/8/4/قوام خطة الانتشار.docx,
2025-08-05,2025/8/5/5-8-2025.docx,,,,2025/8/5/5.docx,,2025/8/5/5-8-2025 افراد.docx,,2025/8/5/5..docx,,,,2025/8/5/يومية القائد.docx,STALE,,,2025/8/5/ماتش المصري العادي.docx,STALE,2025/8/5/الانتشار.docx,STALE,,,,,roster_v4_rest,board: 2025/8/5/التفصيلة.docx; counts_leader: chosen own-folder document has a different date (2025-08-01); match: 2025/8/5/ماتش عادي.docx; deployment: 2025/8/5/خطة انتشار 28-3-2025.docx | 2025/8/5/قوام خطة الانتشار.docx,
2025-08-06,2025/8/6/6-8-2025.docx,,,,2025/8/6/6.docx,,2025/8/6/6-8-2025 افراد.docx,,2025/8/6/6..docx,,,,2025/8/6/يومية القائد.docx,STALE,,,2025/8/6/ماتش المصري العادي.docx,STALE,2025/8/6/الانتشار.docx,STALE,,,,,roster_v4_rest,board: 2025/8/6/التفصيلة.docx; counts_leader: chosen own-folder document has a different date (2025-08-01); match: 2025/8/6/ماتش عادي.docx; deployment: 2025/8/6/خطة انتشار 28-3-2025.docx | 2025/8/6/قوام خطة الانتشار.docx,
2025-08-07,2025/8/7/7-8-2025.docx,,,,2025/8/7/7.docx,,2025/8/7/7-8-2025 افراد.docx,,2025/8/7/7..docx,,,,2025/8/7/يومية القائد.docx,STALE,,,2025/8/7/ماتش المصري العادي.docx,STALE,2025/8/7/الانتشار.docx,STALE,,,,,roster_v4_rest,board: 2025/8/7/التفصيلة.docx; afraad: chosen own-folder document has a different date (2025-08-08); counts_leader: chosen own-folder document has a different date (2025-08-01); match: 2025/8/7/ماتش عادي.docx; deployment: 2025/8/7/خطة انتشار 28-3-2025.docx | 2025/8/7/قوام خطة الانتشار.docx,
2025-08-08,2025/8/8/8-8-2025.docx,,,,2025/8/8/8.docx,,2025/8/8/8-8-2025 افراد.docx,,2025/8/8/8..docx,,,,2025/8/8/يومية القائد.docx,STALE,,,2025/8/8/ماتش المصري العادي.docx,,2025/8/8/الانتشار.docx,STALE,,,,,roster_v4_rest,board: 2025/8/8/التفصيلة.docx; counts_leader: chosen own-folder document has a different date (2025-08-01); deployment: 2025/8/8/خطة انتشار 28-3-2025.docx | 2025/8/8/قوام خطة الانتشار.docx,
2025-08-09,2025/8/9/9-8-2025.docx,,,,2025/8/9/9.docx,,2025/8/9/9-8-2025 افراد.docx,,2025/8/9/9..docx,,,,2025/8/9/يومية القائد.docx,STALE,,,2025/8/9/ماتش المصري العادي.docx,STALE,2025/8/9/الانتشار.docx,STALE,,,,,roster_v4_rest,board: 2025/8/9/التفصيلة.docx; counts_leader: chosen own-folder document has a different date (2025-08-01); match: 2025/8/9/ماتش عادي.docx; match: chosen own-folder document has a different date (2025-08-08); deployment: 2025/8/9/خطة انتشار 28-3-2025.docx | 2025/8/9/قوام خطة الانتشار.docx,
2025-08-10,2025/8/10/10-8-2025.docx,,,,2025/8/10/10.docx,,2025/8/10/10-8-2025 افراد.docx,,2025/8/10/10..docx,,,,2025/8/10/يومية القائد.docx,,,,2025/8/10/ماتش المصري العادي.docx,STALE,2025/8/10/الانتشار.docx,STALE,,,,,roster_v4_rest,board: 2025/8/10/التفصيلة.docx; match: 2025/8/10/ماتش عادي.docx; match: chosen own-folder document has a different date (2025-08-08); deployment: 2025/8/10/خطة انتشار 28-3-2025.docx | 2025/8/10/قوام خطة الانتشار.docx,
2025-08-11,2025/8/11/11-8-2025.docx,,,,2025/8/11/11.docx,,2025/8/11/11-8-2025 افراد.docx,,2025/8/11/11..docx,,,,2025/8/11/يومية القائد.docx,STALE,,,2025/8/11/ماتش المصري العادي.docx,STALE,2025/8/11/الانتشار.docx,STALE,,,,,roster_v4_rest,board: 2025/8/11/التفصيلة.docx; counts_leader: chosen own-folder document has a different date (2025-08-10); match: 2025/8/11/ماتش عادي.docx; match: chosen own-folder document has a different date (2025-08-08); deployment: 2025/8/11/خطة انتشار 28-3-2025.docx | 2025/8/11/قوام خطة الانتشار.docx,
2025-08-12,2025/8/12/12-8-2025.docx,,,,2025/8/12/12.docx,,2025/8/12/12-8-2025 افراد.docx,,2025/8/12/12..docx,,,,2025/8/12/يومية القائد.docx,STALE,,,2025/8/12/ماتش المصري العادي.docx,STALE,2025/8/12/الانتشار.docx,STALE,,,,,roster_v4_rest,board: 2025/8/12/التفصيلة.docx; counts_leader: chosen own-folder document has a different date (2025-08-10); match: 2025/8/12/ماتش عادي.docx; match: chosen own-folder document has a different date (2025-08-08); deployment: 2025/8/12/خطة انتشار 28-3-2025.docx | 2025/8/12/قوام خطة الانتشار.docx,
2025-08-13,2025/8/13/13-8-2025.docx,,,,2025/8/13/13.docx,,2025/8/13/13-8-2025 افراد.docx,,2025/8/13/13..docx,,,,2025/8/13/يومية القائد.docx,STALE,,,2025/8/13/ماتش المصري العادي.docx,STALE,2025/8/13/الانتشار.docx,STALE,,,,,roster_v4_rest,board: 2025/8/13/التفصيلة.docx; counts_leader: chosen own-folder document has a different date (2025-08-10); match: 2025/8/13/ماتش عادي.docx; match: chosen own-folder document has a different date (2025-08-08); deployment: 2025/8/13/خطة انتشار 28-3-2025.docx | 2025/8/13/قوام خطة الانتشار.docx,
2025-08-14,2025/8/14/14-8-2025.docx,,,,2025/8/14/14.docx,,2025/8/14/14-8-2025 افراد.docx,,2025/8/14/14..docx,,,,2025/8/14/يومية القائد.docx,STALE,,,2025/8/14/ماتش المصري العادي.docx,,2025/8/14/الانتشار.docx,STALE,,,,,roster_v4_rest,board: 2025/8/14/التفصيلة.docx; counts_leader: chosen own-folder document has a different date (2025-08-10); deployment: 2025/8/14/خطة انتشار 28-3-2025.docx | 2025/8/14/قوام خطة الانتشار.docx,
2025-08-15,2025/8/15/15-8-2025.docx,,,,2025/8/15/15.docx,,2025/8/15/15-8-2025 افراد.docx,,2025/8/15/15..docx,,,,2025/8/15/يومية القائد.docx,STALE,,,2025/8/15/ماتش المصري العادي.docx,STALE,2025/8/15/الانتشار.docx,STALE,,,,,roster_v4_rest,board: 2025/8/15/التفصيلة.docx; counts_leader: chosen own-folder document has a different date (2025-08-10); match: 2025/8/15/ماتش عادي.docx; match: chosen own-folder document has a different date (2025-08-14); deployment: 2025/8/15/خطة انتشار 28-3-2025.docx | 2025/8/15/قوام خطة الانتشار.docx,
2025-08-16,2025/8/16/16-8-2025.docx,,,,2025/8/16/16.docx,,2025/8/16/16-8-2025 افراد.docx,,2025/8/16/16..docx,,,,2025/8/16/يومية القائد.docx,STALE,,,2025/8/16/ماتش المصري العادي.docx,STALE,2025/8/16/الانتشار.docx,STALE,,,,,roster_v4_rest,board: 2025/8/16/التفصيلة.docx; counts_leader: chosen own-folder document has a different date (2025-08-10); match: 2025/8/16/ماتش عادي.docx; match: chosen own-folder document has a different date (2025-08-14); deployment: 2025/8/16/خطة انتشار 28-3-2025.docx | 2025/8/16/قوام خطة الانتشار.docx,
2025-08-17,2025/8/17/17-8-2025.docx,,,,2025/8/17/17.docx,,2025/8/17/17-8-2025 افراد.docx,,2025/8/17/17..docx,,,,2025/8/17/يومية القائد.docx,STALE,,,2025/8/17/ماتش المصري العادي.docx,STALE,2025/8/17/الانتشار.docx,STALE,,,,,roster_v4_rest,board: 2025/8/17/التفصيلة.docx; counts_leader: chosen own-folder document has a different date (2025-08-10); match: 2025/8/17/ماتش عادي.docx; match: chosen own-folder document has a different date (2025-08-14); deployment: 2025/8/17/خطة انتشار 28-3-2025.docx | 2025/8/17/قوام خطة الانتشار.docx,
2025-08-18,2025/8/18/18-8-2025.docx,,,,2025/8/18/18.docx,,2025/8/18/18-8-2025 افراد.docx,,2025/8/18/18..docx,,,,2025/8/18/يومية القائد.docx,STALE,,,2025/8/18/ماتش المصري العادي.docx,STALE,2025/8/18/الانتشار.docx,STALE,,,,,roster_v4_rest,board: 2025/8/18/التفصيلة.docx; counts_leader: chosen own-folder document has a different date (2025-08-10); match: 2025/8/18/ماتش عادي.docx; match: chosen own-folder document has a different date (2025-08-14); deployment: 2025/8/18/خطة انتشار 28-3-2025.docx | 2025/8/18/قوام خطة الانتشار.docx,
2025-08-19,2025/8/19/19-8-2025.docx,,,,2025/8/19/19.docx,,2025/8/19/19-8-2025 افراد.docx,,2025/8/19/19..docx,,,,2025/8/19/يومية القائد.docx,STALE,,,2025/8/19/ماتش المصري العادي.docx,STALE,2025/8/19/الانتشار.docx,STALE,,,,,roster_v4_rest,board: 2025/8/19/التفصيلة.docx; counts_leader: chosen own-folder document has a different date (2025-08-10); match: 2025/8/19/ماتش عادي.docx; match: chosen own-folder document has a different date (2025-08-14); deployment: 2025/8/19/خطة انتشار 28-3-2025.docx | 2025/8/19/قوام خطة الانتشار.docx,
2025-08-20,2025/8/20/20-8-2025.docx,,,,2025/8/20/20.docx,,2025/8/20/20-8-2025 افراد.docx,,2025/8/20/20..docx,,,,2025/8/20/يومية القائد.docx,STALE,,,2025/8/20/ماتش المصري العادي.docx,STALE,2025/8/20/الانتشار.docx,STALE,,,,,roster_v4_rest,board: 2025/8/20/التفصيلة.docx; counts_leader: chosen own-folder document has a different date (2025-08-10); match: 2025/8/20/ماتش عادي.docx; match: chosen own-folder document has a different date (2025-08-14); deployment: 2025/8/20/خطة انتشار 28-3-2025.docx | 2025/8/20/قوام خطة الانتشار.docx,
2025-08-21,2025/8/21/21-8-2025.docx,,,,2025/8/21/21.docx,,2025/8/21/21-8-2025 افراد.docx,,2025/8/21/21..docx,,,,2025/8/21/يومية القائد.docx,STALE,,,2025/8/21/ماتش المصري العادي.docx,STALE,2025/8/21/الانتشار.docx,STALE,,,,,roster_v4_rest,board: 2025/8/21/التفصيلة.docx; counts_leader: chosen own-folder document has a different date (2025-08-10); match: 2025/8/21/ماتش عادي.docx; match: chosen own-folder document has a different date (2025-08-14); deployment: 2025/8/21/خطة انتشار 28-3-2025.docx | 2025/8/21/قوام خطة الانتشار.docx,
2025-08-22,2025/8/22/22-8-2025.docx,,,,2025/8/22/22.docx,,2025/8/22/22-8-2025 افراد.docx,,2025/8/22/22..docx,,,,2025/8/22/يومية القائد.docx,STALE,,,2025/8/22/ماتش المصري العادي.docx,STALE,2025/8/22/الانتشار.docx,STALE,,,,,roster_v4_rest,board: 2025/8/22/التفصيلة.docx; counts_leader: chosen own-folder document has a different date (2025-08-10); match: 2025/8/22/ماتش عادي.docx; match: chosen own-folder document has a different date (2025-08-14); deployment: 2025/8/22/خطة انتشار 28-3-2025.docx | 2025/8/22/قوام خطة الانتشار.docx,
2025-08-23,2025/8/23/23-8-2025.docx,,,,2025/8/23/23..docx,,2025/8/23/23-8-2025 افراد.docx,,2025/8/23/23...docx,,,,2025/8/23/يومية القائد.docx,STALE,,,2025/8/23/ماتش المصري العادي.docx,STALE,2025/8/23/الانتشار.docx,STALE,,,,,roster_v4_rest,board: 2025/8/23/23.docx | 2025/8/23/التفصيلة.docx; counts_leader: chosen own-folder document has a different date (2025-08-10); match: 2025/8/23/ماتش عادي.docx; match: chosen own-folder document has a different date (2025-08-14); deployment: 2025/8/23/خطة انتشار 28-3-2025.docx | 2025/8/23/قوام خطة الانتشار.docx,
2025-08-24,2025/8/24/24-8-2025.docx,,,,2025/8/24/24.docx,,2025/8/24/24-8-2025 افراد.docx,,2025/8/24/24..docx,,,,2025/8/24/يومية القائد.docx,STALE,,,2025/8/24/ماتش المصري العادي.docx,STALE,2025/8/24/الانتشار.docx,STALE,,,,,roster_v4_rest,board: 2025/8/24/التفصيلة.docx; counts_leader: chosen own-folder document has a different date (2025-08-10); match: 2025/8/24/ماتش عادي.docx; match: chosen own-folder document has a different date (2025-08-14); deployment: 2025/8/24/خطة انتشار 28-3-2025.docx | 2025/8/24/قوام خطة الانتشار.docx,
2025-08-25,2025/8/25/25-8-2025.docx,,,,2025/8/25/25.docx,,2025/8/25/25-8-2025 افراد.docx,,2025/8/25/25..docx,,,,2025/8/25/يومية القائد.docx,STALE,,,2025/8/25/ماتش المصري العادي.docx,STALE,2025/8/25/الانتشار.docx,STALE,,,,,roster_v4_rest,board: 2025/8/25/التفصيلة.docx; counts_leader: chosen own-folder document has a different date (2025-08-10); match: 2025/8/25/ماتش عادي.docx; match: chosen own-folder document has a different date (2025-08-14); deployment: 2025/8/25/خطة انتشار 28-3-2025.docx | 2025/8/25/قوام خطة الانتشار.docx,
2025-08-26,2025/8/26/26-8-2025.docx,,,,2025/8/26/26.docx,,2025/8/26/26-8-2025 افراد.docx,,2025/8/26/26..docx,,,,2025/8/26/يومية القائد.docx,STALE,,,2025/8/26/ماتش المصري العادي.docx,STALE,2025/8/26/الانتشار.docx,STALE,,,,,roster_v4_rest,board: 2025/8/26/التفصيلة.docx; counts_leader: chosen own-folder document has a different date (2025-08-10); match: 2025/8/26/ماتش عادي.docx; match: chosen own-folder document has a different date (2025-08-14); deployment: 2025/8/26/خطة انتشار 28-3-2025.docx | 2025/8/26/قوام خطة الانتشار.docx,
2025-08-27,2025/8/27/27-8-2025.docx,,,,2025/8/27/27.docx,,2025/8/27/27-8-2025 افراد.docx,,2025/8/27/27..docx,,,,2025/8/27/يومية القائد.docx,STALE,,,2025/8/27/ماتش المصري العادي.docx,STALE,2025/8/27/الانتشار.docx,STALE,,,,,roster_v4_rest,board: 2025/8/27/التفصيلة.docx; counts_leader: chosen own-folder document has a different date (2025-08-10); match: 2025/8/27/ماتش عادي.docx; match: chosen own-folder document has a different date (2025-08-14); deployment: 2025/8/27/خطة انتشار 28-3-2025.docx | 2025/8/27/قوام خطة الانتشار.docx,
2025-08-28,2025/8/28/28-8-2025.docx,,,,2025/8/28/28.docx,,2025/8/28/28-8-2025 افراد.docx,,2025/8/28/28..docx,,,,2025/8/28/يومية القائد.docx,STALE,,,2025/8/28/ماتش المصري العادي.docx,STALE,2025/8/28/الانتشار.docx,STALE,,,,,roster_v4_rest,board: 2025/8/28/التفصيلة.docx; counts_leader: chosen own-folder document has a different date (2025-08-10); match: 2025/8/28/ماتش عادي.docx; match: chosen own-folder document has a different date (2025-08-14); deployment: 2025/8/28/خطة انتشار 28-3-2025.docx | 2025/8/28/قوام خطة الانتشار.docx,
2025-08-29,2025/8/29/29-8-2025.docx,,,,2025/8/29/29.docx,,2025/8/29/29-8-2025 افراد.docx,,2025/8/29/29..docx,,,,2025/8/29/يومية القائد.docx,STALE,,,2025/8/29/ماتش المصري العادي.docx,STALE,2025/8/29/الانتشار.docx,STALE,,,,,roster_v4_rest,board: 2025/8/29/التفصيلة.docx; counts_leader: chosen own-folder document has a different date (2025-08-10); match: 2025/8/29/ماتش عادي.docx; match: chosen own-folder document has a different date (2025-08-14); deployment: 2025/8/29/خطة انتشار 28-3-2025.docx | 2025/8/29/قوام خطة الانتشار.docx,
2025-08-30,2025/8/30/30-8-2025.docx,,,,2025/8/30/30.docx,,2025/8/30/29-8-2025 افراد.docx,,2025/8/30/30..docx,,,,2025/8/30/يومية القائد.docx,STALE,,,2025/8/30/ماتش المصري العادي.docx,STALE,2025/8/30/الانتشار.docx,STALE,,,,,roster_v4_rest,board: 2025/8/30/التفصيلة.docx; afraad: chosen own-folder document has a different date (2025-08-29); counts_leader: chosen own-folder document has a different date (2025-08-10); match: 2025/8/30/ماتش عادي.docx; match: chosen own-folder document has a different date (2025-08-14); deployment: 2025/8/30/خطة انتشار 28-3-2025.docx | 2025/8/30/قوام خطة الانتشار.docx,
2025-08-31,2025/8/31/31-8-2025.docx,,,,2025/8/31/31.docx,,2025/8/31/31-8-2025 افراد.docx,,2025/8/31/31..docx,,,,2025/8/31/يومية القائد.docx,STALE,,,2025/8/31/ماتش المصري العادي.docx,STALE,2025/8/31/الانتشار.docx,STALE,,,,,roster_v4_rest,board: 2025/8/31/التفصيلة.docx; counts_leader: chosen own-folder document has a different date (2025-08-10); match: 2025/8/31/ماتش عادي.docx; match: chosen own-folder document has a different date (2025-08-14); deployment: 2025/8/31/خطة انتشار 28-3-2025.docx | 2025/8/31/قوام خطة الانتشار.docx,
2025-09-01,2025/9/1/1-9-2025.docx,,,,2025/9/1/1.docx,,2025/9/1/1-9-2025 افراد.docx,,2025/9/1/1..docx,,,,2025/9/1/يومية القائد.docx,STALE,,,2025/9/1/ماتش المصري العادي.docx,STALE,2025/9/1/الانتشار.docx,STALE,,,,,roster_v4_rest,board: 2025/9/1/التفصيلة.docx; counts_leader: chosen own-folder document has a different date (2025-08-10); match: 2025/9/1/ماتش عادي.docx; match: chosen own-folder document has a different date (2025-08-14); deployment: 2025/9/1/خطة انتشار 28-3-2025.docx | 2025/9/1/قوام خطة الانتشار.docx,
2025-09-02,2025/9/2/2-9-2025.docx,,,,2025/9/2/2.docx,,2025/9/2/2-9-2025 افراد.docx,,2025/9/2/2..docx,,,,2025/9/2/يومية القائد.docx,STALE,,,2025/9/2/ماتش المصري العادي.docx,STALE,2025/9/2/الانتشار.docx,STALE,,,,,roster_v4_rest,board: 2025/9/2/التفصيلة.docx; counts_leader: chosen own-folder document has a different date (2025-08-10); match: 2025/9/2/ماتش عادي.docx; match: chosen own-folder document has a different date (2025-08-14); deployment: 2025/9/2/خطة انتشار 28-3-2025.docx | 2025/9/2/قوام خطة الانتشار.docx,
2025-09-03,2025/9/3/3-9-2025.docx,,,,2025/9/3/3.docx,,2025/9/3/3-9-2025 افراد.docx,,2025/9/3/3..docx,,,,2025/9/3/يومية القائد.docx,STALE,,,2025/9/3/ماتش المصري العادي.docx,STALE,2025/9/3/الانتشار.docx,STALE,,,,,roster_v4_rest,board: 2025/9/3/التفصيلة.docx; counts_leader: chosen own-folder document has a different date (2025-08-10); match: 2025/9/3/ماتش عادي.docx; match: chosen own-folder document has a different date (2025-08-14); deployment: 2025/9/3/خطة انتشار 28-3-2025.docx | 2025/9/3/قوام خطة الانتشار.docx,
2025-09-04,2025/9/4/4-9-2025.docx,,,,2025/9/4/4.docx,,2025/9/4/4-9-2025 افراد.docx,,2025/9/4/4..docx,,,,2025/9/4/يومية القائد.docx,STALE,,,2025/9/4/ماتش المصري العادي.docx,STALE,2025/9/4/الانتشار.docx,STALE,,,,,roster_v4_rest,board: 2025/9/4/التفصيلة.docx; counts_leader: chosen own-folder document has a different date (2025-08-10); match: 2025/9/4/ماتش عادي.docx; match: chosen own-folder document has a different date (2025-08-14); deployment: 2025/9/4/خطة انتشار 28-3-2025.docx | 2025/9/4/قوام خطة الانتشار.docx,
2025-09-05,2025/9/5/5-9-2025.docx,,,,2025/9/5/5.docx,,2025/9/5/5-9-2025 افراد.docx,,2025/9/5/5..docx,,,,2025/9/5/يومية القائد.docx,STALE,,,2025/9/5/ماتش المصري العادي.docx,STALE,2025/9/5/الانتشار.docx,STALE,,,,,roster_v4_rest,board: 2025/9/5/التفصيلة.docx; counts_leader: chosen own-folder document has a different date (2025-08-10); match: 2025/9/5/ماتش عادي.docx; match: chosen own-folder document has a different date (2025-08-14); deployment: 2025/9/5/خطة انتشار 28-3-2025.docx | 2025/9/5/قوام خطة الانتشار.docx,
2025-09-06,2025/9/6/6-9-2025.docx,,,,2025/9/6/6.docx,,2025/9/6/6-9-2025 افراد.docx,,2025/9/6/6..docx,,,,2025/9/6/يومية القائد.docx,STALE,,,2025/9/6/ماتش المصري العادي.docx,STALE,2025/9/6/الانتشار.docx,STALE,,,,,roster_v4_rest,board: 2025/9/6/التفصيلة.docx; counts_leader: chosen own-folder document has a different date (2025-08-10); match: 2025/9/6/ماتش عادي.docx; match: chosen own-folder document has a different date (2025-08-14); deployment: 2025/9/6/خطة انتشار 28-3-2025.docx | 2025/9/6/قوام خطة الانتشار.docx,
2025-09-07,2025/9/7/7-9-2025.docx,,,,2025/9/7/7.docx,,2025/9/7/7-9-2025 افراد.docx,,2025/9/7/7..docx,,,,2025/9/7/يومية القائد.docx,STALE,,,2025/9/7/ماتش المصري العادي.docx,STALE,2025/9/7/الانتشار.docx,STALE,,,,,roster_v4_rest,board: 2025/9/7/التفصيلة.docx; counts_leader: chosen own-folder document has a different date (2025-08-10); match: 2025/9/7/ماتش عادي.docx; match: chosen own-folder document has a different date (2025-08-14); deployment: 2025/9/7/خطة انتشار 28-3-2025.docx | 2025/9/7/قوام خطة الانتشار.docx,
2025-09-08,2025/9/8/8-9-2025.docx,,,,2025/9/8/8.docx,,2025/9/8/8-9-2025 افراد.docx,,2025/9/8/8..docx,,,,2025/9/8/يومية القائد.docx,STALE,,,2025/9/8/ماتش المصري العادي.docx,STALE,2025/9/8/الانتشار.docx,STALE,,,,,roster_v4_rest,board: 2025/9/8/التفصيلة.docx; counts_leader: chosen own-folder document has a different date (2025-08-10); match: 2025/9/8/ماتش عادي.docx; match: chosen own-folder document has a different date (2025-08-14); deployment: 2025/9/8/خطة انتشار 28-3-2025.docx | 2025/9/8/قوام خطة الانتشار.docx,
2025-09-09,2025/9/9/9-9-2025.docx,,,,2025/9/9/9.docx,,2025/9/9/9-9-2025 افراد.docx,,2025/9/9/9..docx,,,,2025/9/9/يومية القائد.docx,STALE,,,2025/9/9/ماتش المصري العادي.docx,,2025/9/9/خطة انتشار 28-3-2025.docx,,,,,,roster_v4_rest,"counts_leader: chosen own-folder document has a different date (2025-08-10); match: 2025/9/9/ماتش عادي.docx; deployment: chosen own-folder document has a different date (2025-03-28, 2025-05-09)",
2025-09-10,2025/9/10/10-9-2025.docx,,,,2025/9/10/10.docx,,2025/9/10/10-9-2025 افراد.docx,,2025/9/10/10..docx,,,,2025/9/10/يومية القائد.docx,STALE,,,2025/9/10/ماتش المصري العادي.docx,STALE,2025/9/10/خطة انتشار 28-3-2025.docx,STALE,,,,,roster_v4_rest,"counts_leader: chosen own-folder document has a different date (2025-08-10); match: 2025/9/10/ماتش عادي.docx; deployment: chosen own-folder document has a different date (2025-03-28, 2025-05-09)",
2025-09-11,2025/9/11/11-9-2025.docx,,,,2025/9/11/11.docx,,2025/9/11/11-9-2025 افراد.docx,,2025/9/11/11..docx,,,,2025/9/11/يومية القائد.docx,STALE,,,2025/9/11/ماتش المصري العادي.docx,STALE,2025/9/11/خطة انتشار 28-3-2025.docx,STALE,,,,,roster_v4_rest,"counts_leader: chosen own-folder document has a different date (2025-08-10); match: 2025/9/11/ماتش عادي.docx; deployment: chosen own-folder document has a different date (2025-03-28, 2025-05-09)",
2025-09-12,2025/9/12/12-9-2025.docx,,,,2025/9/12/12.docx,,2025/9/12/12-9-2025 افراد.docx,,2025/9/12/12..docx,,,,2025/9/12/يومية القائد.docx,STALE,,,2025/9/12/ماتش المصري العادي.docx,STALE,2025/9/12/خطة انتشار 28-3-2025.docx,STALE,,,,,roster_v4_rest,"counts_leader: chosen own-folder document has a different date (2025-08-10); match: 2025/9/12/ماتش عادي.docx; deployment: chosen own-folder document has a different date (2025-03-28, 2025-05-09)",
2025-09-13,2025/9/13/13-9-2025.docx,,,,2025/9/13/13.docx,,2025/9/13/13-9-2025 افراد.docx,,2025/9/13/13..docx,,,,2025/9/13/يومية القائد.docx,STALE,,,2025/9/13/ماتش المصري العادي.docx,,2025/9/13/خطة انتشار 28-3-2025.docx,STALE,,,,,roster_v4_rest,"counts_leader: chosen own-folder document has a different date (2025-08-10); match: 2025/9/13/ماتش عادي.docx; deployment: chosen own-folder document has a different date (2025-03-28, 2025-05-09)",
2025-09-14,2025/9/14/14-9-2025.docx,,,,2025/9/14/14.docx,,2025/9/14/14-9-2025 افراد.docx,,2025/9/14/14..docx,,,,2025/9/14/يومية القائد.docx,STALE,,,2025/9/14/ماتش المصري العادي.docx,STALE,2025/9/14/خطة انتشار 28-3-2025.docx,STALE,,,,,roster_v4_rest,"counts_leader: chosen own-folder document has a different date (2025-08-10); match: 2025/9/14/ماتش عادي.docx; deployment: chosen own-folder document has a different date (2025-03-28, 2025-05-09)",
2025-09-15,2025/9/15/15-9-2025.docx,,,,2025/9/15/15.docx,,2025/9/15/15-9-2025 افراد.docx,,2025/9/15/15..docx,,,,2025/9/15/يومية القائد.docx,STALE,,,2025/9/15/ماتش المصري العادي.docx,STALE,2025/9/15/خطة انتشار 28-3-2025.docx,STALE,,,,,roster_v4_rest,"counts_leader: chosen own-folder document has a different date (2025-08-10); match: 2025/9/15/ماتش عادي.docx; deployment: chosen own-folder document has a different date (2025-03-28, 2025-05-09)",
2025-09-16,2025/9/16/16-9-2025.docx,,,,2025/9/16/16.docx,,2025/9/16/16-9-2025 افراد.docx,,2025/9/16/16..docx,,,,2025/9/16/يومية القائد.docx,STALE,,,2025/9/16/ماتش المصري العادي.docx,STALE,2025/9/16/خطة انتشار 28-3-2025.docx,STALE,,,,,roster_v4_rest,"counts_leader: chosen own-folder document has a different date (2025-08-10); match: 2025/9/16/ماتش عادي.docx; deployment: chosen own-folder document has a different date (2025-03-28, 2025-05-09)",
2025-09-17,2025/9/17/17-9-2025.docx,,,,2025/9/17/17.docx,,2025/9/17/17-9-2025 افراد.docx,,2025/9/17/17..docx,,,,2025/9/17/يومية القائد.docx,STALE,,,2025/9/17/ماتش المصري العادي.docx,,2025/9/17/خطة انتشار 28-3-2025.docx,STALE,,,,,roster_v4_rest,"counts_leader: chosen own-folder document has a different date (2025-08-10); match: 2025/9/17/ماتش عادي.docx; deployment: chosen own-folder document has a different date (2025-03-28, 2025-05-09)",
2025-09-18,2025/9/18/18-9-2025.docx,,,,2025/9/18/18.docx,,2025/9/18/18-9-2025 افراد.docx,,2025/9/18/18..docx,,,,2025/9/18/يومية القائد.docx,STALE,,,2025/9/18/ماتش المصري العادي.docx,,2025/9/18/خطة انتشار 28-3-2025.docx,STALE,,,,,roster_v4_rest,"counts_leader: chosen own-folder document has a different date (2025-08-10); match: 2025/9/18/ماتش عادي.docx; deployment: chosen own-folder document has a different date (2025-03-28, 2025-05-09)",
2025-09-19,2025/9/19/19-9-2025.docx,,,,2025/9/19/19.docx,,2025/9/19/19-9-2025 افراد.docx,,2025/9/19/19..docx,,,,2025/9/19/يومية القائد.docx,STALE,,,2025/9/19/ماتش المصري العادي.docx,STALE,2025/9/19/خطة انتشار 28-3-2025.docx,STALE,,,,,roster_v4_rest,"counts_leader: chosen own-folder document has a different date (2025-08-10); match: 2025/9/19/ماتش عادي.docx; deployment: chosen own-folder document has a different date (2025-03-28, 2025-05-09)",
2025-09-20,2025/9/20/20-9-2025.docx,,,,2025/9/20/20.docx,,2025/9/20/20-9-2025 افراد.docx,,2025/9/20/20..docx,,,,2025/9/20/يومية القائد.docx,STALE,,,2025/9/20/ماتش المصري العادي.docx,STALE,2025/9/20/خطة انتشار 28-3-2025.docx,STALE,,,,,roster_v4_rest,"counts_leader: chosen own-folder document has a different date (2025-08-10); match: 2025/9/20/ماتش عادي.docx; deployment: chosen own-folder document has a different date (2025-03-28, 2025-05-09)",
2025-09-21,2025/9/21/21-9-2025.docx,,,,2025/9/21/21.docx,,2025/9/21/21-9-2025 افراد.docx,,2025/9/21/21..docx,,,,2025/9/21/يومية القائد.docx,STALE,,,2025/9/21/ماتش المصري العادي.docx,STALE,2025/9/21/خطة انتشار 28-3-2025.docx,STALE,,,,,roster_v4_rest,"counts_leader: chosen own-folder document has a different date (2025-08-10); match: 2025/9/21/ماتش عادي.docx; deployment: chosen own-folder document has a different date (2025-03-28, 2025-05-09)",
2025-09-22,2025/9/22/22-9-2025.docx,,,,2025/9/22/22.docx,,2025/9/22/22-9-2025 افراد.docx,,2025/9/22/22..docx,,,,2025/9/22/يومية القائد.docx,STALE,,,2025/9/22/ماتش المصري العادي.docx,,2025/9/22/خطة انتشار 28-3-2025.docx,STALE,,,,,roster_v4_rest,"counts_leader: chosen own-folder document has a different date (2025-08-10); deployment: chosen own-folder document has a different date (2025-03-28, 2025-05-09)",
2025-09-23,2025/9/23/23-9-2025.docx,,,,2025/9/23/23.docx,,2025/9/23/23-9-2025 افراد.docx,,2025/9/23/23..docx,,,,2025/9/23/يومية القائد.docx,STALE,,,2025/9/23/ماتش.docx,,2025/9/23/خطة انتشار 28-3-2025.docx,STALE,,,,,roster_v4_rest,"counts_leader: chosen own-folder document has a different date (2025-08-10); deployment: chosen own-folder document has a different date (2025-03-28, 2025-05-09)",
2025-09-24,2025/9/24/24-9-2025.docx,,,,2025/9/24/24.docx,,2025/9/24/24-9-2025 افراد.docx,,2025/9/24/24..docx,,,,2025/9/24/يومية القائد.docx,STALE,,,2025/9/24/ماتش.docx,STALE,2025/9/24/خطة انتشار 28-3-2025.docx,STALE,,,,,roster_v4_rest,"counts_leader: chosen own-folder document has a different date (2025-08-10); deployment: chosen own-folder document has a different date (2025-03-28, 2025-05-09)",
2025-09-25,2025/9/25/25-9-2025.docx,,,,2025/9/25/25.docx,,2025/9/25/25-9-2025 افراد.docx,,2025/9/25/25..docx,,,,2025/9/25/يومية القائد.docx,,,,2025/9/25/ماتش.docx,STALE,2025/9/25/خطة انتشار 28-3-2025.docx,STALE,,,,,roster_v4_rest,"counts_leader: chosen own-folder document has a different date (2025-08-10); deployment: chosen own-folder document has a different date (2025-03-28, 2025-05-09)",
2025-09-26,2025/9/26/26-9-2025.docx,,,,2025/9/26/26.docx,,2025/9/26/26-9-2025 افراد.docx,,2025/9/26/26 ..docx,,,,2025/9/26/يومية القائد.docx,STALE,,,2025/9/26/ماتش.docx,,2025/9/26/خطة انتشار 28-3-2025.docx,STALE,,,,,roster_v4_rest,"counts_leader: chosen own-folder document has a different date (2025-08-10); deployment: chosen own-folder document has a different date (2025-03-28, 2025-05-09)",
2025-09-27,2025/9/27/27-9-2025.docx,,,,2025/9/27/27.docx,,2025/9/27/27-9-2025 افراد.docx,,2025/9/27/27..docx,,,,2025/9/27/يومية القائد.docx,STALE,,,2025/9/27/ماتش.docx,,2025/9/27/خطة انتشار 28-3-2025.docx,STALE,,,,,roster_v4_rest,"board: 2025/9/27/28.docx; counts_leader: chosen own-folder document has a different date (2025-08-10); deployment: chosen own-folder document has a different date (2025-03-28, 2025-05-09)",
2025-09-28,2025/9/28/28-9-2025.docx,,,,2025/9/28/28.docx,,2025/9/28/28-9-2025 افراد.docx,,2025/9/28/28..docx,,,,2025/9/28/يومية القائد.docx,STALE,,,2025/9/28/ماتش.docx,STALE,2025/9/28/خطة انتشار 28-3-2025.docx,STALE,,,,,roster_v4_rest,"counts_leader: chosen own-folder document has a different date (2025-08-10); deployment: chosen own-folder document has a different date (2025-03-28, 2025-05-09)",
2025-09-29,2025/9/29/29-9-2025.docx,,,,2025/9/29/29.docx,,2025/9/29/29-9-2025 افراد.docx,,2025/9/29/29..docx,,,,2025/9/29/يومية القائد.docx,STALE,,,2025/9/29/ماتش.docx,STALE,2025/9/29/خطة انتشار 28-3-2025.docx,STALE,,,,,roster_v4_rest,"counts_leader: chosen own-folder document has a different date (2025-08-10); deployment: chosen own-folder document has a different date (2025-03-28, 2025-05-09)",
2025-09-30,2025/9/30/30-9-2025.docx,,,,2025/9/30/30.docx,,2025/9/30/30-9-2025 افراد.docx,,2025/9/30/30. - Copy.docx,,,,2025/9/30/يومية القائد.docx,STALE,,,2025/9/30/ماتش.docx,STALE,2025/9/30/خطة انتشار 28-3-2025.docx,STALE,,,,,roster_v4_rest,"counts_leader: chosen own-folder document has a different date (2025-08-10); deployment: chosen own-folder document has a different date (2025-03-28, 2025-05-09)",
2025-10-01,2025/10/1/1-10-2025.docx,,,,2025/10/1/1.docx,,2025/10/1/1-10-2025 افراد.docx,,2025/10/1/1..docx,,,,2025/10/1/يومية القائد.docx,STALE,,,2025/10/1/ماتش.docx,STALE,2025/10/1/خطة انتشار 28-3-2025.docx,STALE,,,,,roster_v4_rest,"counts_leader: chosen own-folder document has a different date (2025-08-10); deployment: chosen own-folder document has a different date (2025-03-28, 2025-05-09)",
2025-10-02,2025/10/2/2-10-2025.docx,,,,2025/10/2/2.docx,,2025/10/2/2-10-2025 افراد.docx,,2025/10/2/2..docx,,,,2025/10/2/يومية القائد.docx,STALE,,,2025/10/2/ماتش.docx,STALE,,,,,,,roster_v4_rest,counts_leader: chosen own-folder document has a different date (2025-08-10),
2025-10-03,2025/10/3/3-10-2025.docx,,,,2025/10/3/3.docx,,2025/10/3/3-10-2025 افراد.docx,,2025/10/3/3 ..docx,,,,2025/10/3/يومية القائد.docx,STALE,,,2025/10/3/ماتش.docx,,,,,,,,roster_v4_rest,counts_leader: chosen own-folder document has a different date (2025-08-10),
2025-10-04,2025/10/4/4-10-2025.docx,,,,2025/10/4/4.docx,,2025/10/4/4-10-2025 افراد.docx,,2025/10/4/4..docx,,,,2025/10/4/يومية القائد.docx,STALE,,,2025/10/4/ماتش.docx,STALE,,,,,,,roster_v4_rest,counts_leader: chosen own-folder document has a different date (2025-08-10),
2025-10-05,2025/10/5/5-10-2025.docx,,,,2025/10/5/5.docx,,2025/10/5/5-10-2025 افراد.docx,,2025/10/5/5..docx,,,,2025/10/5/يومية القائد.docx,STALE,,,2025/10/5/ماتش.docx,STALE,,,,,,,roster_v4_rest,counts_leader: chosen own-folder document has a different date (2025-08-10),
2025-10-06,2025/10/6/6-10-2025.docx,,,,2025/10/6/6.docx,,2025/10/6/6-10-2025 افراد.docx,,2025/10/6/6..docx,,,,2025/10/6/يومية القائد.docx,STALE,,,2025/10/6/ماتش.docx,STALE,,,,,,,roster_v4_rest,counts_leader: chosen own-folder document has a different date (2025-08-10),
2025-10-07,2025/10/7/7-10-2025.docx,,,,2025/10/7/7.docx,,2025/10/7/7-10-2025 افراد.docx,,2025/10/7/7..docx,,,,2025/10/7/يومية القائد.docx,STALE,,,2025/10/7/ماتش.docx,,,,,,,,roster_v4_rest,counts_leader: chosen own-folder document has a different date (2025-08-10),
2025-10-08,2025/10/8/8-10-2025.docx,,,,2025/10/8/8.docx,,2025/10/8/8-10-2025 افراد.docx,,2025/10/8/8..docx,,,,2025/10/8/يومية القائد.docx,STALE,,,2025/10/8/ماتش.docx,,,,,,,,roster_v4_rest,counts_leader: chosen own-folder document has a different date (2025-08-10),
2025-10-09,2025/10/9/9-10-2025.docx,,,,2025/10/9/9.docx,,2025/10/9/9-10-2025 افراد.docx,,2025/10/9/9..docx,,,,2025/10/9/يومية القائد.docx,STALE,,,2025/10/9/ماتش.docx,STALE,,,,,,,roster_v4_rest,counts_leader: chosen own-folder document has a different date (2025-08-10),
2025-10-10,2025/10/10/10-10-2025.docx,,,,2025/10/10/10.docx,,2025/10/10/10-10-2025 افراد.docx,,2025/10/10/10..docx,,,,2025/10/10/يومية القائد.docx,STALE,,,2025/10/10/ماتش.docx,STALE,,,,,,,roster_v4_rest,counts_leader: chosen own-folder document has a different date (2025-08-10),
2025-10-11,2025/10/11/11-10-2025.docx,,,,2025/10/11/11.docx,,2025/10/11/11-10-2025 افراد.docx,,2025/10/11/11..docx,,,,2025/10/11/يومية القائد.docx,STALE,,,2025/10/11/ماتش.docx,STALE,,,,,,,roster_v4_rest,counts_leader: chosen own-folder document has a different date (2025-08-10),
2025-10-12,2025/10/12/12-10-2025.docx,,,,2025/10/12/12.docx,,2025/10/12/12-10-2025 افراد.docx,,2025/10/12/12..docx,,,,2025/10/12/يومية القائد.docx,STALE,,,2025/10/12/ماتش.docx,STALE,,,,,,,roster_v4_rest,counts_leader: chosen own-folder document has a different date (2025-08-10),
2025-10-13,2025/10/13/13-10-2025.docx,,,,,,2025/10/13/13-10-2025 افراد.docx,,2025/10/13/13..docx,,,,2025/10/13/يومية القائد.docx,STALE,,,2025/10/13/ماتش.docx,STALE,,,,,,,roster_v4_rest,counts_leader: chosen own-folder document has a different date (2025-08-10),
2025-10-14,2025/10/14/14-10-2025.docx,,,,2025/10/14/14.docx,,2025/10/14/14-10-2025 افراد.docx,,2025/10/14/14..docx,,,,2025/10/14/يومية القائد.docx,STALE,,,2025/10/14/ماتش.docx,STALE,,,,,,,roster_v4_rest,counts_leader: chosen own-folder document has a different date (2025-08-10),
2025-10-15,2025/10/15/15-10-2025.docx,,,,2025/10/15/15.docx,,2025/10/15/15-10-2025 افراد.docx,,2025/10/15/15..docx,,,,2025/10/15/يومية القائد.docx,STALE,,,2025/10/15/ماتش.docx,STALE,,,,,,,roster_v4_rest,counts_leader: chosen own-folder document has a different date (2025-08-10),
2025-10-16,2025/10/16/16-10-2025.docx,,,,2025/10/16/16.docx,,2025/10/16/16-10-2025 افراد.docx,,2025/10/16/16..docx,,,,2025/10/16/يومية القائد.docx,STALE,,,2025/10/16/ماتش.docx,STALE,,,,,,,roster_v4_rest,counts_leader: chosen own-folder document has a different date (2025-08-10),
2025-10-17,2025/10/17/17-10-2025.docx,,,,2025/10/17/17.docx,,2025/10/17/17-10-2025 افراد.docx,,2025/10/17/17..docx,,,,2025/10/17/يومية القائد.docx,STALE,,,2025/10/17/ماتش.docx,STALE,,,,,,,roster_v4_rest,counts_leader: chosen own-folder document has a different date (2025-08-10),
2025-10-18,2025/10/18/18-10-2025.docx,,,,2025/10/18/18.docx,,2025/10/18/18-10-2025 افراد.docx,,2025/10/18/18..docx,,,,2025/10/18/يومية القائد.docx,STALE,,,2025/10/18/ماتش.docx,STALE,,,,,,,roster_v4_rest,counts_leader: chosen own-folder document has a different date (2025-08-10),
2025-10-19,2025/10/19/19-10-2025.docx,,,,2025/10/19/19.docx,,2025/10/19/19-10-2025 افراد.docx,,2025/10/19/19..docx,,,,2025/10/19/يومية القائد.docx,STALE,,,2025/10/19/ماتش.docx,STALE,,,,,,,roster_v4_rest,counts_leader: chosen own-folder document has a different date (2025-08-10),
2025-10-20,2025/10/20/20-10-2025.docx,,,,2025/10/20/20.docx,,2025/10/20/20-10-2025 افراد.docx,,2025/10/20/20..docx,,,,2025/10/20/يومية القائد.docx,STALE,,,2025/10/20/ماتش.docx,STALE,,,,,,,roster_v4_rest,counts_leader: chosen own-folder document has a different date (2025-08-10),
2025-10-21,2025/10/21/21-10-2025.docx,,,,2025/10/21/21.docx,,2025/10/21/21-10-2025 افراد.docx,,2025/10/21/21..docx,,,,2025/10/21/يومية القائد.docx,STALE,,,2025/10/21/ماتش.docx,,,,,,,,roster_v4_rest,counts_leader: chosen own-folder document has a different date (2025-08-10),
2025-10-22,2025/10/22/22-10-2025.docx,,,,2025/10/22/22.docx,,2025/10/22/22-10-2025 افراد.docx,,2025/10/22/22..docx,,,,2025/10/22/يومية القائد.docx,STALE,,,2025/10/22/ماتش.docx,,,,,,,,roster_v4_rest,counts_leader: chosen own-folder document has a different date (2025-08-10),
2025-10-23,2025/10/23/23-10-2025.docx,,,,2025/10/23/23.docx,,2025/10/23/23-10-2025 افراد.docx,,2025/10/23/23..docx,,,,2025/10/23/يومية القائد.docx,STALE,,,2025/10/23/ماتش.docx,STALE,,,,,,,roster_v4_rest,counts_leader: chosen own-folder document has a different date (2025-08-10),
2025-10-24,2025/10/24/24-10-2025.docx,,,,2025/10/24/24.docx,,2025/10/24/24-10-2025 افراد.docx,,2025/10/24/24..docx,,,,2025/10/24/يومية القائد.docx,STALE,,,2025/10/24/ماتش.docx,STALE,,,,,,,roster_v4_rest,counts_leader: chosen own-folder document has a different date (2025-08-10),
2025-10-25,2025/10/25/25-10-2025.docx,,,,2025/10/25/25.docx,,2025/10/25/25-10-2025 افراد.docx,,2025/10/25/25..docx,,,,2025/10/25/يومية القائد.docx,STALE,,,2025/10/25/ماتش.docx,STALE,,,,,,,roster_v4_rest,counts_leader: chosen own-folder document has a different date (2025-08-10),
2025-10-26,2025/10/26/26-10-2025.docx,,,,2025/10/26/26.docx,,2025/10/26/26-10-2025 افراد.docx,,2025/10/26/26..docx,,,,2025/10/26/يومية القائد.docx,STALE,,,2025/10/26/ماتش.docx,,,,,,,,roster_v4_rest,counts_leader: chosen own-folder document has a different date (2025-08-10),
2025-10-27,2025/10/27/27-10-2025.docx,,,,2025/10/27/27.docx,,2025/10/27/27-10-2025 افراد.docx,,2025/10/27/27..docx,,,,2025/10/27/يومية القائد.docx,STALE,,,2025/10/27/ماتش.docx,STALE,,,,,,,roster_v4_rest,counts_leader: chosen own-folder document has a different date (2025-08-10),
2025-10-28,2025/10/28/28-10-2025.docx,,,,2025/10/28/28.docx,,2025/10/28/28-10-2025 افراد.docx,,2025/10/28/28..docx,,,,2025/10/28/يومية القائد.docx,STALE,,,2025/10/28/ماتش.docx,STALE,,,,,,,roster_v4_rest,counts_leader: chosen own-folder document has a different date (2025-08-10),
2025-10-29,2025/10/29/29-10-2025.docx,,,,2025/10/29/29.docx,,2025/10/29/29-10-2025 افراد.docx,,2025/10/29/29..docx,,,,2025/10/29/يومية القائد.docx,STALE,,,2025/10/29/ماتش.docx,STALE,,,,,,,roster_v4_rest,counts_leader: chosen own-folder document has a different date (2025-08-10),
2025-10-30,2025/10/30/30-10-2025.docx,,,,2025/10/30/30.docx,,2025/10/30/30-10-2025 افراد.docx,,2025/10/30/30..docx,,,,2025/10/30/يومية القائد.docx,STALE,,,2025/10/30/ماتش.docx,STALE,,,,,,,roster_v4_rest,counts_leader: chosen own-folder document has a different date (2025-08-10),
2025-10-31,2025/10/31/31-10-2025.docx,,,,2025/10/31/31.docx,,2025/10/31/31-10-2025 افراد.docx,,2025/10/31/31..docx,,,,2025/10/31/يومية القائد.docx,STALE,,,2025/10/31/ماتش.docx,STALE,,,,,,,roster_v4_rest,counts_leader: chosen own-folder document has a different date (2025-08-10),
2025-11-01,2025/11/1/1-11-2025.docx,,,,2025/11/1/1.docx,,2025/11/1/1-11-2025 افراد.docx,,2025/11/1/1..docx,,,,2025/11/1/يومية القائد.docx,STALE,,,2025/11/1/ماتش.docx,STALE,,,,,,,roster_v4_rest,duty_list: chosen own-folder document has a different date (2025-10-02); counts_leader: chosen own-folder document has a different date (2025-08-10),
2025-11-02,2025/11/2/2-11-2025.docx,,,,2025/11/2/2.docx,,2025/11/2/2-11-2025 افراد.docx,,2025/11/2/2..docx,,,,2025/11/2/يومية القائد.docx,STALE,,,2025/11/2/ماتش.docx,STALE,,,,,,,roster_v4_rest,duty_list: chosen own-folder document has a different date (2025-10-02); counts_leader: chosen own-folder document has a different date (2025-08-10),
2025-11-03,2025/11/3/3-11-2025.docx,,,,2025/11/3/3.docx,,2025/11/3/3-11-2025 افراد.docx,,2025/11/3/3..docx,,,,2025/11/3/يومية القائد.docx,STALE,,,2025/11/3/ماتش.docx,STALE,,,,,,,roster_v4_rest,counts_leader: chosen own-folder document has a different date (2025-08-10),
2025-11-04,2025/11/4/4-11-2025.docx,,,,2025/11/4/4.docx,,2025/11/4/4-11-2025 افراد.docx,,2025/11/4/4..docx,,,,2025/11/4/يومية القائد.docx,STALE,,,2025/11/4/ماتش.docx,STALE,,,,,,,roster_v4_rest,counts_leader: chosen own-folder document has a different date (2025-08-10),
2025-11-05,2025/11/5/5-11-2025.docx,,,,2025/11/5/5.docx,,2025/11/5/5-11-2025 افراد.docx,,2025/11/5/5..docx,,,,2025/11/5/يومية القائد.docx,STALE,,,2025/11/5/ماتش.docx,STALE,,,,,,,roster_v4_rest,counts_leader: chosen own-folder document has a different date (2025-08-10),
2025-11-06,2025/11/6/6-11-2025.docx,,,,2025/11/6/6.docx,,2025/11/6/6-11-2025 افراد.docx,,2025/11/6/6..docx,,,,2025/11/6/يومية القائد.docx,STALE,,,2025/11/6/ماتش.docx,STALE,,,,,,,roster_v4_rest,counts_leader: chosen own-folder document has a different date (2025-08-10),
2025-11-07,2025/11/7/7-11-2025.docx,,,,2025/11/7/7.docx,,2025/11/7/7-11-2025 افراد.docx,,2025/11/7/7..docx,,,,2025/11/7/يومية القائد.docx,STALE,,,2025/11/7/ماتش.docx,STALE,,,,,,,roster_v4_rest,counts_leader: chosen own-folder document has a different date (2025-08-10),
2025-11-08,2025/11/8/8-11-2025.docx,,,,2025/11/8/8.docx,,2025/11/8/8-11-2025 افراد.docx,,2025/11/8/8..docx,,,,2025/11/8/يومية القائد.docx,STALE,,,2025/11/8/ماتش.docx,STALE,,,,,,,roster_v4_rest,counts_leader: chosen own-folder document has a different date (2025-08-10),
2025-11-09,2025/11/9/9-11-2025.docx,,,,2025/11/9/9.docx,,2025/11/9/9-11-2025 افراد.....docx,,2025/11/9/9..docx,,,,2025/11/9/يومية القائد.docx,STALE,,,2025/11/9/ماتش.docx,STALE,,,,,,,roster_v4_rest,counts_leader: chosen own-folder document has a different date (2025-08-10),
2025-11-10,2025/11/10/10-11-2025.docx,,,,2025/11/10/10.docx,,2025/11/10/10-11-2025 افراد.....docx,,2025/11/10/10..docx,,,,2025/11/10/يومية القائد.docx,STALE,,,2025/11/10/ماتش.docx,STALE,,,,,,,roster_v4_rest,counts_leader: chosen own-folder document has a different date (2025-08-10),
2025-11-11,2025/11/11/11-11-2025.docx,,,,2025/11/11/11.docx,,2025/11/11/11-11-2025 افراد.....docx,,2025/11/11/11..docx,,,,2025/11/11/يومية القائد.docx,STALE,,,2025/11/11/ماتش.docx,,,,,,,,roster_v4_rest,counts_leader: chosen own-folder document has a different date (2025-08-10),
2025-11-12,2025/11/12/12-11-2025.docx,,,,2025/11/12/12.docx,,2025/11/12/12-11-2025 افراد.....docx,,2025/11/12/12..docx,,,,2025/11/12/يومية القائد.docx,STALE,,,2025/11/12/ماتش.docx,STALE,,,,,,,roster_v4_rest,counts_leader: chosen own-folder document has a different date (2025-08-10),
2025-11-13,2025/11/13/13-11-2025.docx,,,,2025/11/13/13.docx,,2025/11/13/13-11-2025 افراد.....docx,,2025/11/13/13..docx,,,,2025/11/13/يومية القائد.docx,STALE,,,2025/11/13/ماتش.docx,STALE,,,,,,,roster_v4_rest,counts_leader: chosen own-folder document has a different date (2025-08-10),
2025-11-14,2025/11/14/14-11-2025.docx,,,,2025/11/14/14.docx,,2025/11/14/14-11-2025 افراد.....docx,,2025/11/14/14..docx,,,,2025/11/14/يومية القائد.docx,STALE,,,2025/11/14/ماتش.docx,STALE,,,,,,,roster_v4_rest,counts_leader: chosen own-folder document has a different date (2025-08-10),
2025-11-15,2025/11/15/15-11-2025.docx,,,,2025/11/15/15.docx,,2025/11/15/15-11-2025 افراد.....docx,,2025/11/15/15..docx,,,,2025/11/15/يومية القائد.docx,STALE,,,2025/11/15/ماتش.docx,STALE,,,,,,,roster_v4_rest,counts_leader: chosen own-folder document has a different date (2025-08-10),
2025-11-16,2025/11/16/16-11-2025.docx,,,,2025/11/16/16.docx,,2025/11/16/16-11-2025 افراد.....docx,,2025/11/16/16..docx,,,,2025/11/16/يومية القائد.docx,STALE,,,2025/11/16/ماتش.docx,STALE,,,,,,,roster_v4_rest,counts_leader: chosen own-folder document has a different date (2025-08-10),
2025-11-17,2025/11/17/17-11-2025.docx,,,,2025/11/17/17.docx,,2025/11/17/17-11-2025 افراد.....docx,,2025/11/17/17..docx,,,,2025/11/17/يومية القائد.docx,STALE,,,2025/11/17/ماتش.docx,STALE,,,,,,,roster_v4_rest,counts_leader: chosen own-folder document has a different date (2025-08-10),
2025-11-18,2025/11/18/18-11-2025.docx,,,,2025/11/18/18.docx,,2025/11/18/18-11-2025 افراد.....docx,,2025/11/18/18..docx,,,,2025/11/18/يومية القائد.docx,STALE,,,2025/11/18/ماتش.docx,STALE,,,,,,,roster_v4_rest,counts_leader: chosen own-folder document has a different date (2025-08-10),
2025-11-19,2025/11/19/19-11-2025.docx,,,,2025/11/19/19.docx,,2025/11/19/19-11-2025 افراد.....docx,,2025/11/19/19..docx,,,,2025/11/19/يومية القائد.docx,STALE,,,2025/11/19/ماتش.docx,STALE,,,,,,,roster_v4_rest,counts_leader: chosen own-folder document has a different date (2025-08-10),
2025-11-20,2025/11/20/20-11-2025.docx,,,,2025/11/20/20.docx,,2025/11/20/20-11-2025 افراد.....docx,,2025/11/20/20..docx,,,,2025/11/20/يومية القائد.docx,STALE,,,2025/11/20/ماتش.docx,STALE,,,,,,,roster_v4_rest,counts_leader: chosen own-folder document has a different date (2025-08-10),
2025-11-21,2025/11/21/21-11-2025.docx,,,,2025/11/21/21.docx,,2025/11/21/21-11-2025 افراد.....docx,,2025/11/21/21..docx,,,,2025/11/21/يومية القائد.docx,STALE,,,2025/11/21/ماتش.docx,STALE,,,,,,,roster_v4_rest,counts_leader: chosen own-folder document has a different date (2025-08-10),
2025-11-22,2025/11/22/22-11-2025.docx,,,,2025/11/22/22.docx,,2025/11/22/22-11-2025 افراد.....docx,,2025/11/22/22..docx,,,,2025/11/22/يومية القائد.docx,STALE,,,2025/11/22/ماتش.docx,STALE,,,,,,,roster_v4_rest,counts_leader: chosen own-folder document has a different date (2025-08-10),
2025-11-23,2025/11/23/23-11-2025.docx,,,,2025/11/23/23.docx,,2025/11/23/23-11-2025 افراد.....docx,,2025/11/23/23..docx,,,,2025/11/23/يومية القائد.docx,STALE,,,2025/11/23/ماتش.docx,,,,,,,,roster_v4_rest,counts_leader: chosen own-folder document has a different date (2025-08-10),
2025-11-24,2025/11/24/24-11-2025.docx,,,,2025/11/24/24.docx,,2025/11/24/24-11-2025 افراد.docx,,2025/11/24/24..docx,,,,2025/11/24/يومية القائد.docx,STALE,,,2025/11/24/ماتش.docx,STALE,,,,,,,roster_v4_rest,counts_leader: chosen own-folder document has a different date (2025-08-10),
2025-11-25,2025/11/25/25-11-2025.docx,,,,2025/11/25/25.docx,,2025/11/25/25-11-2025 افراد.docx,,2025/11/25/25..docx,,,,2025/11/25/يومية القائد.docx,STALE,,,2025/11/25/ماتش.docx,STALE,,,,,,,roster_v4_rest,counts_leader: chosen own-folder document has a different date (2025-08-10),
2025-11-26,2025/11/26/26-11-2025.docx,,,,2025/11/26/26.docx,,2025/11/26/26-11-2025 افراد.docx,,2025/11/26/26..docx,,,,2025/11/26/يومية القائد.docx,STALE,,,2025/11/26/ماتش.docx,STALE,,,,,,,roster_v4_rest,counts_leader: chosen own-folder document has a different date (2025-08-10),
2025-11-27,2025/11/27/27-11-2025.docx,,,,2025/11/27/27.docx,,2025/11/27/27-11-2025 افراد.docx,,2025/11/27/27..docx,,,,2025/11/27/يومية القائد.docx,STALE,,,2025/11/27/ماتش.docx,STALE,,,,,,,roster_v4_rest,counts_leader: chosen own-folder document has a different date (2025-08-10),
2025-11-28,2025/11/28 الجمعة/28-11-2025.docx,,,,2025/11/28 الجمعة/28.docx,,2025/11/28 الجمعة/28-11-2025 افراد.docx,,2025/11/28 الجمعة/28..docx,,,,,,,,2025/11/28 الجمعة/ماتش.docx,STALE,,,,,,,roster_v4_rest,,
2025-11-29,2025/11/29/29-11-2025.docx,,,,2025/11/29/29.docx,,2025/11/29/29-11-2025 افراد.docx,,2025/11/29/29..docx,,,,,,,,2025/11/29/ماتش.docx,STALE,,,,,,,roster_v4_rest,,
2025-11-30,2025/11/30/30-11-2025.docx,,,,2025/11/30/30.docx,,2025/11/30/30-11-2025 افراد.docx,,2025/11/30/30..docx,,,,,,,,2025/11/30/ماتش.docx,STALE,,,,,,,roster_v4_rest,,
2025-12-01,2025/12/1/1-12-2025.docx,,,,2025/12/1/1.docx,,2025/12/1/1-12-2025 افراد.docx,,2025/12/1/1..docx,,,,,,,,2025/12/1/ماتش.docx,STALE,,,,,,,roster_v4_rest,,
2025-12-02,2025/12/2/2-12-2025.docx,,,,2025/12/2/2.docx,,2025/12/2/2-12-2025 افراد.docx,,2025/12/2/2..docx,,,,,,,,2025/12/2/ماتش.docx,STALE,,,,,,,roster_v4_rest,,
2025-12-03,2025/12/3/3-12-2025.docx,,,,2025/12/3/3.docx,,2025/12/3/3-12-2025 افراد.docx,,2025/12/3/3..docx,,,,,,,,2025/12/3/ماتش.docx,,,,,,,,roster_v4_rest,,
2025-12-04,2025/12/4/4-12-2025.docx,,,,2025/12/4/4.docx,,2025/12/4/4-12-2025 افراد.docx,,2025/12/4/4..docx,,,,,,,,2025/12/4/ماتش.docx,STALE,,,,,,,roster_v4_rest,,
2025-12-05,2025/12/5/5-12-2025.docx,,,,2025/12/5/5.docx,,2025/12/5/5-12-2025 افراد.docx,,2025/12/5/5..docx,,,,,,,,2025/12/5/ماتش.docx,,,,,,,,roster_v4_rest,,
2025-12-06,2025/12/6/6-12-2025.docx,,,,2025/12/6/6.docx,,2025/12/6/6-12-2025 افراد.docx,,2025/12/6/6..docx,,,,,,,,2025/12/6/ماتش.docx,STALE,,,,,,,roster_v4_rest,,
2025-12-07,2025/12/7/7-12-2025.docx,,,,2025/12/7/7.docx,,2025/12/7/7-12-2025 افراد.docx,,2025/12/7/7..docx,,,,,,,,2025/12/7/ماتش.docx,STALE,,,,,,,roster_v4_rest,,
2025-12-08,2025/12/8/8-12-2025.docx,,,,2025/12/8/8.docx,,2025/12/8/8-12-2025 افراد.docx,,2025/12/8/8..docx,,,,,,,,2025/12/8/ماتش.docx,,,,,,,,roster_v4_rest,,
2025-12-09,2025/12/9/9-12-2025.docx,,,,2025/12/9/9.docx,,2025/12/9/9-12-2025 افراد.docx,,2025/12/9/9..docx,,,,,,,,2025/12/9/ماتش.docx,,,,,,,,roster_v4_rest,,
2025-12-10,2025/12/10/10-12-2025.docx,,,,2025/12/10/10.docx,,2025/12/10/10-12-2025 افراد.docx,,2025/12/10/10..docx,,,,,,,,2025/12/10/ماتش.docx,STALE,,,,,,,roster_v4_rest,,
2025-12-11,2025/12/11/11-12-2025.docx,,,,2025/12/11/11.docx,,2025/12/11/11-12-2025 افراد.docx,,2025/12/11/11..docx,,,,,,,,2025/12/11/ماتش.docx,,,,,,,,roster_v4_rest,,
2025-12-12,2025/12/12/12-12-2025.docx,,,,2025/12/12/12.docx,,2025/12/12/12-12-2025 افراد.docx,,2025/12/12/12..docx,,,,,,,,2025/12/12/ماتش.docx,STALE,,,,,,,roster_v4_rest,,
2025-12-13,2025/12/13/13-12-2025.docx,,,,2025/12/13/13.docx,,2025/12/13/13-12-2025 افراد.docx,,2025/12/13/13..docx,,,,,,,,2025/12/13/ماتش.docx,STALE,,,,,,,roster_v4_rest,,
2025-12-14,2025/12/14/14-12-2025.docx,,,,2025/12/14/14.docx,,2025/12/14/14-12-2025 افراد.docx,,2025/12/14/14..docx,,,,,,,,2025/12/14/ماتش.docx,,,,,,,,roster_v4_rest,,
2025-12-15,2025/12/15/15-12-2025.docx,,,,2025/12/15/15.docx,,2025/12/15/15-12-2025 افراد.docx,,2025/12/15/15..docx,,,,,,,,2025/12/15/ماتش.docx,STALE,,,,,,,roster_v4_rest,,
2025-12-16,2025/12/16/16-12-2025.docx,,,,2025/12/16/16.docx,,2025/12/16/16-12-2025 افراد.docx,,2025/12/16/16..docx,,,,,,,,2025/12/16/ماتش.docx,STALE,,,,,,,roster_v4_rest,,
2025-12-17,2025/12/17/17-12-2025.docx,,,,2025/12/17/17.docx,,2025/12/17/17-12-2025 افراد.docx,,2025/12/17/17..docx,,,,2025/12/17/يومية القائد.docx,,,,2025/12/17/ماتش.docx,,,,,,,,roster_v4_rest,board: chosen own-folder document has a different date (2025-12-18); counts_leader: chosen own-folder document has a different date (2025-08-10),
2025-12-18,2025/12/18/18-12-2025.docx,,,,2025/12/18/18.docx,,2025/12/18/18-12-2025 افراد.docx,,2025/12/18/18..docx,,,,2025/12/18/يومية القائد.docx,STALE,,,2025/12/18/ماتش.docx,STALE,,,,,,,roster_v4_rest,counts_leader: chosen own-folder document has a different date (2025-08-10),
2025-12-19,2025/12/19/19-12-2025.docx,,,,2025/12/19/19.docx,,2025/12/19/19-12-2025 افراد.docx,,2025/12/19/19..docx,,,,2025/12/19/يومية القائد.docx,STALE,,,2025/12/19/New Microsoft Word Document.docx,,,,,,,,roster_v4_rest,counts_leader: chosen own-folder document has a different date (2025-08-10); match: 2025/12/19/ماتش.docx,
2025-12-20,2025/12/20/20-12-2025.docx,,,,2025/12/20/20.docx,,2025/12/20/20-12-2025 افراد.docx,,2025/12/20/20..docx,,,,2025/12/20/يومية القائد.docx,STALE,,,2025/12/20/ماتش.docx,,,,,,,,roster_v4_rest,counts_leader: chosen own-folder document has a different date (2025-08-10),
2025-12-21,2025/12/21/21-12-2025.docx,,,,2025/12/21/21.docx,,2025/12/21/21-12-2025 افراد.docx,,2025/12/21/21..docx,,,,2025/12/21/يومية القائد.docx,STALE,,,2025/12/21/ماتش.docx,STALE,,,,,,,roster_v4_rest,counts_leader: chosen own-folder document has a different date (2025-08-10),
2025-12-22,2025/12/22/22-12-2025.docx,,,,2025/12/22/22.docx,,2025/12/22/22-12-2025 افراد.docx,,2025/12/22/22..docx,,,,2025/12/22/يومية القائد.docx,STALE,,,2025/12/22/ماتش.docx,,,,,,,,roster_v4_rest,counts_leader: chosen own-folder document has a different date (2025-08-10),
2025-12-23,2025/12/23/23-12-2025.docx,,,,2025/12/23/23.docx,,2025/12/23/23-12-2025 افراد.docx,,2025/12/23/23..docx,,,,2025/12/23/يومية القائد.docx,STALE,,,2025/12/23/ماتش.docx,STALE,,,,,,,roster_v4_rest,counts_leader: chosen own-folder document has a different date (2025-08-10),
2025-12-24,2025/12/24/24-12-2025.docx,,,,2025/12/24/24.docx,,2025/12/24/24-12-2025 افراد.docx,,2025/12/24/24..docx,,,,2025/12/24/يومية القائد.docx,STALE,,,2025/12/24/ماتش.docx,STALE,,,,,,,roster_v4_rest,counts_leader: chosen own-folder document has a different date (2025-08-10),
2025-12-25,2025/12/25/25-12-2025.docx,,,,2025/12/25/25.docx,,2025/12/25/25-12-2025 افراد.docx,,2025/12/25/25..docx,,,,2025/12/25/يومية القائد.docx,STALE,,,2025/12/25/ماتش.docx,,,,,,,,roster_v4_rest,counts_leader: chosen own-folder document has a different date (2025-08-10),
2025-12-26,2025/12/26/26-12-2025.docx,,,,2025/12/26/26.docx,,2025/12/26/26-12-2025 افراد.docx,,2025/12/26/26..docx,,,,2025/12/26/يومية القائد.docx,STALE,,,2025/12/26/ماتش.docx,STALE,,,,,,,roster_v4_rest,counts_leader: chosen own-folder document has a different date (2025-08-10),
2025-12-27,2025/12/27/27-12-2025.docx,,,,2025/12/27/27.docx,,2025/12/27/27-12-2025 افراد.docx,,2025/12/27/27..docx,,,,2025/12/27/يومية القائد.docx,STALE,,,2025/12/27/ماتش.docx,STALE,,,,,,,roster_v4_rest,counts_leader: chosen own-folder document has a different date (2025-08-10),
2025-12-28,2025/12/28/28-12-2025.docx,,,,2025/12/28/28.docx,,2025/12/28/28-12-2025 افراد.docx,,2025/12/28/28..docx,,,,2025/12/28/يومية القائد.docx,STALE,,,2025/12/28/ماتش.docx,STALE,,,,,,,roster_v4_rest,counts_leader: chosen own-folder document has a different date (2025-08-10),
2025-12-29,2025/12/29/29-12-2025.docx,,,,2025/12/29/29.docx,,2025/12/29/29-12-2025 افراد.docx,,2025/12/29/29..docx,,,,2025/12/29/يومية القائد.docx,STALE,,,2025/12/29/ماتش.docx,STALE,,,,,,,roster_v4_rest,counts_leader: chosen own-folder document has a different date (2025-08-10),
2025-12-30,2025/12/30/30-12-2025.docx,,,,2025/12/30/30.docx,,2025/12/30/30-12-2025 افراد.docx,,2025/12/30/30..docx,,,,2025/12/30/يومية القائد.docx,STALE,,,2025/12/30/ماتش.docx,,,,,,,,roster_v4_rest,counts_leader: chosen own-folder document has a different date (2025-08-10),
2025-12-31,2025/12/31/31-12-2025.docx,,,,2025/12/31/31.docx,,2025/12/31/31-12-2025 افراد.docx,,2025/12/31/31..docx,,,,2025/12/31/يومية القائد.docx,STALE,,,2025/12/31/ماتش.docx,STALE,2025/12/31/خطة انتشار الكنائس.docx,,,,,,roster_v4_rest,counts_leader: chosen own-folder document has a different date (2025-08-10),
2026-01-01,2026/1/1/1-1-2026.docx,,,,2026/1/1/1.docx,,2026/1/1/1-1-2026 افراد.docx,,2026/1/1/1..docx,,,,2026/1/1/يومية القائد.docx,STALE,,,2026/1/1/ماتش.docx,STALE,,,,,,,roster_v4_rest,counts_leader: chosen own-folder document has a different date (2025-08-10),
2026-01-02,2026/1/2/2-1-2026.docx,,,,2026/1/2/2.docx,,2026/1/2/2-1-2026 افراد.docx,,2026/1/2/2..docx,,,,2026/1/2/يومية القائد.docx,STALE,,,2026/1/2/ماتش.docx,STALE,,,,,,,roster_v4_rest,counts_leader: chosen own-folder document has a different date (2025-08-10),
2026-01-03,2026/1/3/3-1-2026.docx,,,,2026/1/3/3.docx,,2026/1/3/3-1-2026 افراد.docx,,2026/1/3/3..docx,,,,2026/1/3/يومية القائد.docx,STALE,,,2026/1/3/ماتش.docx,STALE,,,,,,,roster_v4_rest,counts_leader: chosen own-folder document has a different date (2025-08-10),
2026-01-04,2026/1/4/4-1-2026.docx,,,,2026/1/4/4.docx,,2026/1/4/4-1-2026 افراد.docx,,2026/1/4/4..docx,,,,2026/1/4/يومية القائد.docx,STALE,,,2026/1/4/ماتش.docx,STALE,,,,,,,roster_v4_rest,counts_leader: chosen own-folder document has a different date (2025-08-10),
2026-01-05,2026/1/5/5-1-2026.docx,,,,2026/1/5/5.docx,,2026/1/5/5-1-2026 افراد.docx,,2026/1/5/5..docx,,,,2026/1/5/يومية القائد.docx,STALE,,,2026/1/5/ماتش.docx,,,,,,,,roster_v4_rest,counts_leader: chosen own-folder document has a different date (2025-08-10),
2026-01-06,2026/1/6/6-1-2026.docx,,,,2026/1/6/6.docx,,2026/1/6/6-1-2026 افراد.docx,,2026/1/6/6..docx,,,,2026/1/6/يومية القائد.docx,STALE,,,2026/1/6/ماتش.docx,,2026/1/6/خطة انتشار الكنائس.docx,,,,,,roster_v4_rest,counts_leader: chosen own-folder document has a different date (2025-08-10),
2026-01-07,2026/1/7/7-1-2026.docx,,,,2026/1/7/7.docx,,2026/1/7/7-1-2026 افراد.docx,,2026/1/7/7..docx,,,,2026/1/7/يومية القائد.docx,STALE,,,2026/1/7/ماتش.docx,STALE,2026/1/7/خطة انتشار الكنائس.docx,STALE,,,,,roster_v4_rest,counts_leader: chosen own-folder document has a different date (2025-08-10); deployment: chosen own-folder document has a different date (2026-01-06),
2026-01-08,2026/1/8/8-1-2026.docx,,,,2026/1/8/8.docx,,2026/1/8/8-1-2026 افراد.docx,,2026/1/8/8..docx,,,,,,2026/1/8/أمر خدمة يوم 8-1-2026.docx,,2026/1/8/ماتش.docx,STALE,2026/1/8/خطة انتشار الكنائس.docx,STALE,,,,,roster_v4_rest,deployment: chosen own-folder document has a different date (2026-01-06),
2026-01-09,2026/1/9/9-1-2026.docx,,,,2026/1/9/9.docx,,2026/1/9/9-1-2026 افراد.docx,,2026/1/9/9..docx,,,,,,2026/1/9/أمر خدمة يوم 8-1-2026.docx,STALE,2026/1/9/ماتش.docx,STALE,2026/1/9/خطة انتشار الكنائس.docx,STALE,,,,,roster_v4_rest,command_order: chosen own-folder document has a different date (2026-01-08); deployment: chosen own-folder document has a different date (2026-01-06),
2026-01-10,2026/1/10/10-1-2026.docx,,,,2026/1/10/10.docx,,2026/1/10/10-1-2026 افراد.docx,,2026/1/10/10..docx,,,,,,2026/1/10/أمر خدمة يوم 10-1-2026.docx,,2026/1/10/ماتش.docx,,2026/1/10/خطة انتشار الكنائس.docx,STALE,,,,,roster_v4_rest,deployment: chosen own-folder document has a different date (2026-01-06),
2026-01-11,2026/1/11/11-1-2026.docx,,,,2026/1/11/11.docx,,2026/1/11/11-1-2026 افراد.docx,,2026/1/11/11..docx,,,,,,2026/1/11/أمر خدمة يوم 11-1-2026.docx,,2026/1/11/ماتش.docx,STALE,2026/1/11/خطة انتشار الكنائس.docx,,,,,,roster_v4_rest,deployment: chosen own-folder document has a different date (2026-01-06),
2026-01-12,2026/1/12/12-1-2026.docx,,,,2026/1/12/12.docx,,2026/1/12/12-1-2026 افراد.docx,,2026/1/12/12..docx,,,,,,2026/1/12/أمر خدمة يوم 12-1-2026.docx,,2026/1/12/ماتش.docx,STALE,2026/1/12/خطة انتشار الكنائس.docx,STALE,,,,,roster_v4_rest,deployment: chosen own-folder document has a different date (2026-01-06),
2026-01-13,2026/1/13/13-1-2026.docx,,,,2026/1/13/13.docx,,2026/1/13/13-1-2026 افراد.docx,,2026/1/13/13..docx,,,,,,2026/1/13/أمر خدمة يوم 13-1-2026.docx,,2026/1/13/ماتش.docx,STALE,2026/1/13/خطة انتشار الكنائس.docx,STALE,,,,,roster_v4_rest,deployment: chosen own-folder document has a different date (2026-01-06),
2026-01-14,2026/1/14/14-1-2026.docx,,,,2026/1/14/14.docx,,2026/1/14/14-1-2026 افراد.docx,,2026/1/14/14..docx,,,,,,2026/1/14/أمر خدمة يوم 14-1-2026.docx,,2026/1/14/ماتش.docx,STALE,2026/1/14/خطة انتشار الكنائس.docx,STALE,,,,,roster_v4_rest,deployment: chosen own-folder document has a different date (2026-01-06),
2026-01-15,2026/1/15/15-1-2026.docx,,,,2026/1/15/15.docx,,2026/1/15/15-1-2026 افراد.docx,,2026/1/15/15..docx,,,,,,2026/1/15/أمر خدمة يوم 15-1-2026.docx,,2026/1/15/ماتش.docx,STALE,2026/1/15/خطة انتشار الكنائس.docx,STALE,,,,,roster_v4_rest,deployment: chosen own-folder document has a different date (2026-01-06),
2026-01-16,2026/1/16/16-1-2026.docx,,,,2026/1/16/16.docx,,2026/1/16/16-1-2026 افراد.docx,,2026/1/16/16..docx,,,,,,2026/1/16/أمر خدمة يوم 16-1-2026.docx,,2026/1/16/ماتش.docx,STALE,2026/1/16/خطة انتشار الكنائس.docx,STALE,,,,,roster_v4_rest,command_order: chosen own-folder document has a different date (2026-01-17); deployment: chosen own-folder document has a different date (2026-01-06),
2026-01-17,2026/1/17/17-1-2026.docx,,,,2026/1/17/17.docx,,2026/1/17/17-1-2026 افراد.docx,,2026/1/17/17..docx,,,,,,2026/1/17/أمر خدمة يوم 16-1-2026.docx,STALE,2026/1/17/ماتش.docx,STALE,2026/1/17/خطة انتشار الكنائس.docx,STALE,,,,,roster_v4_rest,command_order: chosen own-folder document has a different date (2026-01-16); deployment: chosen own-folder document has a different date (2026-01-06),
2026-01-18,2026/1/18/18-1-2026.docx,,,,2026/1/18/18.docx,,2026/1/18/18-1-2026 افراد.docx,,2026/1/18/18..docx,,,,,,2026/1/18/أمر خدمة يوم 18-1-2026.docx,,2026/1/18/ماتش.docx,STALE,,,,,,,roster_v4_rest,,
2026-01-19,2026/1/19/19-1-2026.docx,,,,2026/1/19/19.docx,,2026/1/19/19-1-2026 افراد.docx,,2026/1/19/19..docx,,,,,,2026/1/19/أمر خدمة يوم 19-1-2026.docx,,2026/1/19/ماتش.docx,STALE,,,,,,,roster_v4_rest,,
2026-01-20,2026/1/20/20-1-2026.docx,,,,2026/1/20/20.docx,,2026/1/20/20-1-2026 افراد.docx,,2026/1/20/20..docx,,,,,,2026/1/20/أمر خدمة يوم 20-1-2026.docx,,2026/1/20/ماتش.docx,STALE,,,,,,,roster_v4_rest,,
2026-01-21,2026/1/21/21-1-2026.docx,,,,2026/1/21/21.docx,,2026/1/21/21-1-2026 افراد.docx,,2026/1/21/21..docx,,,,,,2026/1/21/أمر خدمة يوم 21-1-2026.docx,,2026/1/21/ماتش.docx,,,,,,,,roster_v4_rest,,
2026-01-22,2026/1/22/22-1-2026.docx,,,,2026/1/22/22.docx,,2026/1/22/22-1-2026 افراد.docx,,2026/1/22/22..docx,,,,,,2026/1/22/أمر خدمة يوم 22-1-2026.docx,,2026/1/22/ماتش.docx,STALE,,,,,,,roster_v4_rest,,
2026-01-23,2026/1/23/23-1-2026.docx,,,,2026/1/23/23.docx,,2026/1/23/23-1-2026 افراد.docx,,2026/1/23/23..docx,,,,,,2026/1/23/أمر خدمة يوم 23-1-2026.docx,,2026/1/23/ماتش.docx,STALE,,,,,,,roster_v4_rest,,
2026-01-24,2026/1/24/24-1-2026.docx,,,,2026/1/24/24.docx,,2026/1/24/24-1-2026 افراد.docx,,2026/1/24/24..docx,,,,,,2026/1/24/أمر خدمة يوم 24-1-2026.docx,,2026/1/24/ماتش.docx,STALE,,,,,,,roster_v4_rest,,
2026-01-25,2026/1/25/25-1-2026.docx,,,,2026/1/25/25.docx,,2026/1/25/25-1-2026 افراد.docx,,2026/1/25/25..docx,,,,,,2026/1/25/أمر خدمة يوم 25-1-2026.docx,,2026/1/25/ماتش.docx,STALE,,,,,,,roster_v4_rest,,
2026-01-26,2026/1/26/26-1-2026.docx,,,,2026/1/26/26.docx,,2026/1/26/26-1-2026 افراد.docx,,2026/1/26/26..docx,,,,,,2026/1/26/أمر خدمة يوم 26-1-2026.docx,,2026/1/26/ماتش.docx,STALE,,,,,,,roster_v4_rest,,
2026-01-27,2026/1/27/27-1-2026.docx,,,,2026/1/27/27.docx,,2026/1/27/27-1-2026 افراد.docx,,2026/1/27/27..docx,,,,,,2026/1/27/أمر خدمة يوم 26-1-2026.docx,,2026/1/27/ماتش.docx,,,,,,,,roster_v4_rest,command_order: chosen own-folder document has a different date (2026-01-26),
2026-01-28,2026/1/28/28-1-2026.docx,,,,2026/1/28/28.docx,,2026/1/28/28-1-2026 افراد.docx,,2026/1/28/28..docx,,,,,,2026/1/28/أمر خدمة يوم 28-1-2026.docx,,2026/1/28/ماتش.docx,,,,,,,,roster_v4_rest,command_order: chosen own-folder document has a different date (2026-01-27),
2026-01-29,2026/1/29/29-1-2026.docx,,,,2026/1/29/29.docx,,2026/1/29/29-1-2026 افراد.docx,,2026/1/29/29..docx,,,,,,2026/1/29/أمر خدمة يوم 29-1-2026.docx,,2026/1/29/ماتش.docx,STALE,,,,,,,roster_v4_rest,,
2026-01-30,2026/1/30/30-1-2026.docx,,,,2026/1/30/30.docx,,2026/1/30/30-1-2026 افراد.docx,,2026/1/30/30..docx,,,,,,2026/1/30/أمر خدمة يوم 30-1-2026.docx,,2026/1/30/ماتش.docx,STALE,,,,,,,roster_v4_rest,,
2026-01-31,2026/1/31/31-1-2026.docx,,,,2026/1/31/31.docx,,2026/1/31/31-1-2026 افراد.docx,,2026/1/31/31..docx,,,,,,2026/1/31/أمر خدمة يوم 30-1-2026.docx,,2026/1/31/ماتش.docx,STALE,,,,,,,roster_v4_rest,command_order: chosen own-folder document has a different date (2026-01-30),
2026-02-01,2026/2/1/1-2-2026.docx,,,,2026/2/1/1.docx,,2026/2/1/1-2-2026 افراد.docx,,2026/2/1/1..docx,,,,,,2026/2/1/أمر خدمة يوم 30-1-2026.docx,,2026/2/1/تصفية المبارة.docx,,,,,,,,roster_v4_rest,command_order: chosen own-folder document has a different date (2026-01-30),
2026-02-02,2026/2/2/2-2-2026.docx,,,,2026/2/2/2.docx,,2026/2/2/2-2-2026 افراد.docx,,2026/2/2/2..docx,,,,,,2026/2/2/أمر خدمة يوم 2-2-2026.docx,,2026/2/2/تصفية المبارة.docx,STALE,,,,,,,roster_v4_rest,match: 2026/2/2/ماتش.docx | 2026/2/2/مباراة المصري و الزمالك.docx; match: chosen own-folder document has a different date (2026-02-01),
2026-02-03,2026/2/3/3-2-2026.docx,,,,2026/2/3/3.docx,,2026/2/3/3-2-2026 افراد.docx,,2026/2/3/3..docx,,,,,,2026/2/3/أمر خدمة يوم 3-2-2026.docx,,2026/2/3/ماتش.docx,,,,,,,,roster_v4_rest,command_order: chosen own-folder document has a different date (2026-02-02),
2026-02-04,2026/2/4/4-2-2026.docx,,,,2026/2/4/4.docx,,2026/2/4/4-2-2026 افراد.docx,,2026/2/4/4..docx,,,,,,2026/2/4/أمر خدمة يوم 4-2-2026.docx,,2026/2/4/ماتش.docx,,,,,,,,roster_v4_rest,,
2026-02-05,2026/2/5/5-2-2026.docx,,,,2026/2/5/5.docx,,2026/2/5/5-2-2026 افراد.docx,,2026/2/5/5..docx,,,,,,2026/2/5/أمر خدمة يوم 5-2-2026.docx,,2026/2/5/ماتش.docx,STALE,,,,,,,roster_v4_rest,,
2026-02-06,2026/2/6/6-2-2026.docx,,,,2026/2/6/6.docx,,2026/2/6/6-2-2026 افراد.docx,,2026/2/6/6..docx,,,,,,2026/2/6/أمر خدمة يوم 6-2-2026.docx,,2026/2/6/ماتش.docx,STALE,,,,,,,roster_v4_rest,,
2026-02-07,2026/2/7/7-2-2026.docx,,,,2026/2/7/7.docx,,2026/2/7/7-2-2026 افراد.docx,,2026/2/7/7..docx,,,,,,2026/2/7/أمر خدمة يوم 7-2-2026.docx,,2026/2/7/ماتش.docx,STALE,,,,,,,roster_v4_rest,,
2026-02-08,2026/2/8/8-2-2026.docx,,,,2026/2/8/8.docx,,2026/2/8/8-2-2026 افراد.docx,,2026/2/8/8..docx,,,,,,2026/2/8/أمر خدمة يوم 8-2-2026.docx,,2026/2/8/ماتش.docx,STALE,,,,,,,roster_v4_rest,,
2026-02-09,2026/2/9/9-2-2026.docx,,,,2026/2/9/9.docx,,2026/2/9/9-2-2026 افراد.docx,,2026/2/9/.9.docx,,,,,,2026/2/9/أمر خدمة يوم 9-2-2026.docx,,2026/2/9/ماتش.docx,STALE,,,,,,,roster_v4_rest,,
2026-02-10,2026/2/10/10-2-2026.docx,,,,2026/2/10/10.docx,,2026/2/10/10-2-2026 افراد.docx,,2026/2/10/10..docx,,,,,,2026/2/10/أمر خدمة يوم 9-2-2026.docx,,2026/2/10/ماتش.docx,,,,,,,,roster_v4_rest,command_order: chosen own-folder document has a different date (2026-02-09),
2026-02-11,2026/2/11/11-2-2026.docx,,,,2026/2/11/11.docx,,2026/2/11/11-2-2026 افراد.docx,,2026/2/11/11..docx,,,,,,2026/2/11/أمر خدمة يوم 10-2-2026.docx,,2026/2/11/ماتش.docx,,,,,,,,roster_v4_rest,command_order: chosen own-folder document has a different date (2026-02-10),
2026-02-12,2026/2/12/12-2-2026.docx,,,,2026/2/12/12.docx,,2026/2/12/12-2-2026 افراد.docx,,2026/2/12/12..docx,,,,,,2026/2/12/أمر خدمة يوم 12-2-2026.docx,,2026/2/12/ماتش.docx,,,,,,,,roster_v4_rest,,
2026-02-13,2026/2/13/13-2-2026.docx,,,,2026/2/13/13.docx,,2026/2/13/13-2-2026 افراد.docx,,2026/2/13/13..docx,,,,,,2026/2/13/أمر خدمة يوم 13-2-2026.docx,,2026/2/13/ماتش.docx,,,,,,,,roster_v4_rest,,
2026-02-14,2026/2/14/14-2-2026.docx,,,,2026/2/14/14.docx,,2026/2/14/14-2-2026 افراد.docx,,2026/2/14/14..docx,,,,,,2026/2/14/أمر خدمة يوم 14-2-2026.docx,,2026/2/14/ماتش.docx,,,,,,,,roster_v4_rest,command_order: chosen own-folder document has a different date (2026-02-12),
2026-02-15,2026/2/15/15-2-2026.docx,,,,2026/2/15/15.docx,,2026/2/15/15-2-2026 افراد.docx,,2026/2/15/15..docx,,,,,,2026/2/15/أمر خدمة يوم 15-2-2026.docx,,2026/2/15/ماتش.docx,STALE,,,,,,,roster_v4_rest,duty_list: chosen own-folder document has a different date (2026-02-16),
2026-02-16,2026/2/16/16-2-2026.docx,,,,2026/2/16/16.docx,,2026/2/16/16-2-2026 افراد.docx,,2026/2/16/16..docx,,,,,,2026/2/16/أمر خدمة يوم 16-2-2026.docx,,2026/2/16/ماتش.docx,STALE,,,,,,,roster_v4_rest,,
2026-02-17,2026/2/17/17-2-2026.docx,,,,2026/2/17/17.docx,,2026/2/17/17-2-2026 افراد.docx,,2026/2/17/17..docx,,,,,,2026/2/17/أمر خدمة يوم 16-2-2026.docx,,2026/2/17/ماتش.docx,STALE,,,,,,,roster_v4_rest,command_order: chosen own-folder document has a different date (2026-02-16),
2026-02-18,2026/2/18/18-2-2026.docx,,,,2026/2/18/18.docx,,2026/2/18/18-2-2026 افراد.docx,,2026/2/18/18..docx,,,,,,2026/2/18/أمر خدمة يوم 18-2-2026.docx,,2026/2/18/ماتش.docx,STALE,,,,,,,roster_v4_rest,,
2026-02-19,2026/2/19/19-2-2026.docx,,,,2026/2/19/19.docx,,2026/2/19/19-2-2026 افراد.docx,,2026/2/19/19..docx,,,,,,2026/2/19/أمر خدمة يوم 19-2-2026.docx,,2026/2/19/ماتش.docx,,,,,,,,roster_v4_rest,duty_list: chosen own-folder document has a different date (2026-02-18),
2026-02-20,2026/2/20/20-2-2026.docx,,,,2026/2/20/20.docx,,2026/2/20/20-2-2026 افراد.docx,,2026/2/20/20..docx,,,,,,2026/2/20/أمر خدمة يوم 20-2-2026.docx,,2026/2/20/ماتش.docx,STALE,,,,,,,roster_v4_rest,,
2026-02-21,2026/2/21/21-2-2026.docx,,,,2026/2/21/21.docx,,2026/2/21/21-2-2026 افراد.docx,,2026/2/21/21..docx,,,,,,2026/2/21/أمر خدمة يوم 20-2-2026.docx,,2026/2/21/ماتش.docx,STALE,,,,,,,roster_v4_rest,command_order: chosen own-folder document has a different date (2026-02-20),
2026-02-22,2026/2/22/22-2-2026.docx,,,,2026/2/22/22.docx,,2026/2/22/22-2-2026 افراد.docx,,2026/2/22/22..docx,,,,,,2026/2/22/أمر خدمة يوم 22-2-2026.docx,,2026/2/22/ماتش.docx,STALE,,,,,,,roster_v4_rest,,
2026-02-23,2026/2/23/23-2-2026.docx,,,,2026/2/23/يومية فارغة.docx,,2026/2/23/23-2-2026 افراد.docx,,2026/2/23/23..docx,,,,,,2026/2/23/أمر خدمة يوم 23-2-2026.docx,,2026/2/23/ماتش.docx,STALE,,,,,,,roster_v4_rest,,
2026-02-24,2026/2/24/24-2-2026.docx,,,,2026/2/24/24.docx,,2026/2/24/24-2-2026 افراد.docx,,2026/2/24/24..docx,,,,,,2026/2/24/أمر خدمة يوم 24-2-2026.docx,,2026/2/24/ماتش.docx,STALE,,,,,,,roster_v4_rest,board: 2026/2/24/يومية فارغة.docx,
2026-02-25,2026/2/25/25-2-2026.docx,,,,2026/2/25/25.docx,,2026/2/25/25-2-2026 افراد.docx,,2026/2/25/25..docx,,,,,,2026/2/25/أمر خدمة يوم 24-2-2026.docx,STALE,2026/2/25/ماتش.docx,,,,,,,,roster_v4_rest,board: 2026/2/25/يومية فارغة.docx; command_order: chosen own-folder document has a different date (2026-02-24),
2026-02-26,2026/2/26/26-2-2026.docx,,,,2026/2/26/26.docx,,2026/2/26/26-2-2026 افراد.docx,,2026/2/26/26..docx,,,,,,2026/2/26/أمر خدمة يوم 26-2-2026.docx,,2026/2/26/ماتش.docx,STALE,,,,,,,roster_v4_rest,board: 2026/2/26/يومية فارغة.docx,
2026-02-27,2026/2/27/27-2-2026.docx,,,,2026/2/27/27.docx,,2026/2/27/27-2-2026 افراد.docx,,2026/2/27/27..docx,,,,,,2026/2/27/أمر خدمة يوم 27-2-2026.docx,,2026/2/27/ماتش.docx,STALE,,,,,,,roster_v4_rest,board: 2026/2/27/يومية فارغة.docx,
2026-02-28,2026/2/28/28-2-2026.docx,,,,2026/2/28/28.docx,,2026/2/28/28-2-2026 افراد.docx,,2026/2/28/28..docx,,,,,,2026/2/28/أمر خدمة يوم 28-2-2026.docx,,2026/2/28/ماتش.docx,STALE,,,,,,,roster_v4_rest,board: 2026/2/28/يومية فارغة.docx,
2026-03-01,2026/3/1/1-3-2026.docx,,,,2026/3/1/1.docx,,2026/3/1/1-3-2026 افراد.docx,,2026/3/1/1..docx,,,,,,2026/3/1/أمر خدمة يوم 1-3-2026.docx,,2026/3/1/ماتش.docx,,,,,,,,roster_v4_rest,board: 2026/3/1/يومية فارغة.docx; match: 2026/3/1/مباراة المصرى وانبى 7م.docx,
2026-03-02,2026/3/2/2-3-2026.docx,,,,2026/3/2/2.docx,,2026/3/2/2-3-2026 افراد.docx,,2026/3/2/2..docx,,,,,,2026/3/2/أمر خدمة يوم 1-3-2026.docx,STALE,2026/3/2/ماتش.docx,STALE,,,,,,,roster_v4_rest,board: 2026/3/2/يومية فارغة.docx; command_order: chosen own-folder document has a different date (2026-03-01),
2026-03-03,2026/3/3/3-3-2026.docx,,,,2026/3/3/3.docx,,2026/3/3/3-3-2026 افراد - تخفيض.docx,,2026/3/3/.3.docx,,,,,,2026/3/3/أمر خدمة يوم 3-3-2026.docx,,2026/3/3/ماتش.docx,STALE,,,,,,,roster_v4_rest,board: 2026/3/3/يومية فارغة.docx,
2026-03-04,2026/3/4/4-3-2026.docx,,,,2026/3/4/4.docx,,2026/3/4/4-3-2026 افراد - تخفيض.docx,,2026/3/4/4..docx,,,,,,2026/3/4/أمر خدمة يوم 4-3-2026.docx,,2026/3/4/ماتش.docx,STALE,,,,,,,roster_v4_rest,board: 2026/3/4/يومية فارغة.docx,
2026-03-05,2026/3/5/5-3-2026.docx,,,,2026/3/5/5.docx,,2026/3/5/5-3-2026 افراد - تخفيض.docx,,2026/3/5/5..docx,,,,,,2026/3/5/أمر خدمة يوم 5-3-2026.docx,,2026/3/5/ماتش.docx,STALE,,,,,,,roster_v4_rest,board: 2026/3/5/يومية فارغة.docx,
2026-03-06,2026/3/6/6-3-2026.docx,,,,2026/3/6/6.docx,,2026/3/6/6-3-2026 افراد - تخفيض.docx,,2026/3/6/6..docx,,,,,,2026/3/6/أمر خدمة يوم 6-3-2026.docx,,2026/3/6/ماتش.docx,STALE,,,,,,,roster_v4_rest,board: 2026/3/6/يومية فارغة.docx,
2026-03-07,2026/3/7/7-3-2026.docx,,,,2026/3/7/7.docx,,2026/3/7/7-3-2026 افراد.docx,,2026/3/7/7..docx,,,,,,2026/3/7/أمر خدمة يوم 7-3-2026.docx,,2026/3/7/ماتش.docx,STALE,,,,,,,roster_v4_rest,board: 2026/3/7/يومية فارغة.docx; command_order: chosen own-folder document has a different date (2026-03-06),
2026-03-08,2026/3/8/8-3-2026.docx,,,,2026/3/8/8.docx,,2026/3/8/8-3-2026 افراد.docx,,2026/3/8/8..docx,,,,,,2026/3/8/أمر خدمة يوم 8-3-2026.docx,,2026/3/8/ماتش.docx,STALE,,,,,2026/3/8/داتا افراد.docx,,roster_v4_rest,board: 2026/3/8/يومية فارغة.docx; ref_personnel: chosen own-folder document has a different date (2026-03-01),
2026-03-09,2026/3/9/9-3-2026.docx,,,,2026/3/9/9.docx,,2026/3/9/9-3-2026 افراد.docx,,2026/3/9/9..docx,,,,,,2026/3/9/أمر خدمة يوم 9-3-2026.docx,,2026/3/9/ماتش.docx,STALE,,,,,2026/3/9/داتا افراد.docx,,roster_v4_rest,board: 2026/3/9/يومية فارغة.docx; ref_personnel: chosen own-folder document has a different date (2026-03-01),
2026-03-10,2026/3/10/10-3-2026.docx,,,,2026/3/10/10.docx,,2026/3/10/10-3-2026 افراد.docx,,2026/3/10/10..docx,,,,,,2026/3/10/أمر خدمة يوم 9-3-2026.docx,,2026/3/10/ماتش.docx,,,,,,2026/3/10/داتا افراد.docx,,roster_v4_rest,board: 2026/3/10/يومية فارغة.docx; command_order: chosen own-folder document has a different date (2026-03-09); ref_personnel: chosen own-folder document has a different date (2026-03-01),
2026-03-11,2026/3/11/11-3-2026.docx,,,,2026/3/11/11.docx,,2026/3/11/10-3-2026 افراد.docx,,2026/3/11/10..docx,,,,,,2026/3/11/أمر خدمة يوم 9-3-2026.docx,,2026/3/11/ماتش.docx,,,,,,2026/3/11/داتا افراد.docx,STALE,roster_v4_rest,board: 2026/3/11/يومية فارغة.docx; afraad: chosen own-folder document has a different date (2026-03-10); command_order: chosen own-folder document has a different date (2026-03-09); ref_personnel: chosen own-folder document has a different date (2026-03-01),
2026-03-12,2026/3/12/12-3-2026.docx,,,,2026/3/12/12.docx,,2026/3/12/12-3-2026 افراد.docx,,2026/3/12/12..docx,,,,,,2026/3/12/أمر خدمة يوم 9-3-2026.docx,,2026/3/12/ماتش.docx,STALE,,,,,2026/3/12/داتا افراد.docx,STALE,roster_v4_rest,board: 2026/3/12/يومية فارغة.docx; command_order: chosen own-folder document has a different date (2026-03-09); ref_personnel: chosen own-folder document has a different date (2026-03-01),
2026-03-13,2026/3/13/13-3-2026.docx,,,,2026/3/13/13.docx,,2026/3/13/13-3-2026 افراد.docx,,2026/3/13/13..docx,,,,,,2026/3/13/أمر خدمة يوم 13-3-2026.docx,,2026/3/13/ماتش.docx,STALE,,,,,2026/3/13/داتا افراد.docx,STALE,roster_v4_rest,board: 2026/3/13/يومية فارغة.docx; ref_personnel: chosen own-folder document has a different date (2026-03-01),
2026-03-14,2026/3/14/14-3-2026.docx,,,,2026/3/14/14.docx,,2026/3/14/14-3-2026 افراد.docx,,2026/3/14/14..docx,,,,,,2026/3/14/أمر خدمة يوم 14-3-2026.docx,,2026/3/14/ماتش.docx,,,,,,2026/3/14/داتا افراد.docx,STALE,roster_v4_rest,board: 2026/3/14/يومية فارغة.docx; ref_personnel: chosen own-folder document has a different date (2026-03-01),
2026-03-15,2026/3/15/15-3-2026.docx,,,,2026/3/15/15.docx,,2026/3/15/15-3-2026 افراد.docx,,2026/3/15/15..docx,,,,,,2026/3/15/أمر خدمة يوم 15-3-2026.docx,,2026/3/15/ماتش.docx,STALE,,,,,2026/3/15/داتا افراد.docx,,roster_v4_rest,board: 2026/3/15/يومية فارغة.docx; ref_personnel: chosen own-folder document has a different date (2026-03-01),
2026-03-16,2026/3/16/16-3-2026.docx,STALE,,,2026/3/16/16.docx,,2026/3/16/16-3-2026 افراد.docx,,2026/3/16/16..docx,,,,,,2026/3/16/أمر خدمة يوم 16-3-2026.docx,,2026/3/16/ماتش.docx,STALE,,,,,2026/3/16/داتا افراد.docx,STALE,roster_v4_rest,roster: chosen own-folder document has a different date (2026-03-15); board: 2026/3/16/يومية فارغة.docx; ref_personnel: chosen own-folder document has a different date (2026-03-01),
2026-03-17,2026/3/17/17-3-2026.docx,,,,2026/3/17/17.docx,,2026/3/17/17-3-2026 افراد.docx,,2026/3/17/17..docx,,,,,,2026/3/17/أمر خدمة يوم 17-3-2026.docx,,2026/3/17/ماتش.docx,STALE,,,,,2026/3/17/داتا افراد.docx,STALE,roster_v4_rest,board: 2026/3/17/يومية فارغة.docx; ref_personnel: chosen own-folder document has a different date (2026-03-01),
2026-03-18,2026/3/18/18-3-2026.docx,,,,2026/3/18/18.docx,,2026/3/18/18-3-2026 افراد.docx,,2026/3/18/18..docx,,,,,,2026/3/18/أمر خدمة يوم 18-3-2026.docx,,2026/3/18/ماتش.docx,STALE,,,,,2026/3/18/داتا افراد.docx,STALE,roster_v4_rest,board: 2026/3/18/يومية فارغة.docx; ref_personnel: chosen own-folder document has a different date (2026-03-01),
2026-03-19,2026/3/19/19-3-2026.docx,,,,2026/3/19/19.docx,,2026/3/19/19-3-2026 افراد.docx,,2026/3/19/19..docx,,,,,,2026/3/19/أمر خدمة يوم 19-3-2026.docx,,2026/3/19/ماتش.docx,STALE,,,,,2026/3/19/داتا افراد.docx,STALE,roster_v4_rest,board: 2026/3/19/يومية فارغة.docx; ref_personnel: chosen own-folder document has a different date (2026-03-01),
2026-03-20,2026/3/20/20-3-2026.docx,,,,2026/3/20/20.docx,,2026/3/20/20-3-2026 افراد.docx,,2026/3/20/20..docx,,,,,,2026/3/20/أمر خدمة يوم 19-3-2026.docx,STALE,2026/3/20/ماتش.docx,STALE,,,,,2026/3/20/داتا افراد.docx,STALE,roster_v4_rest,board: 2026/3/20/يومية فارغة.docx; command_order: chosen own-folder document has a different date (2026-03-19); ref_personnel: chosen own-folder document has a different date (2026-03-01),
2026-03-21,2026/3/21/21-3-2026.docx,,,,2026/3/21/21.docx,,2026/3/21/21-3-2026 افراد.docx,,2026/3/21/21..docx,,2026/3/21/اعداد الخدمات الصباحية والمسائية الاساسية + الخدمات الطارئة يوم 21-3-2026.docx,,,,2026/3/21/أمر خدمة يوم 19-3-2026.docx,STALE,2026/3/21/ماتش.docx,STALE,,,,,2026/3/21/داتا افراد.docx,STALE,roster_v4_rest,board: 2026/3/21/يومية فارغة.docx; command_order: chosen own-folder document has a different date (2026-03-19); ref_personnel: chosen own-folder document has a different date (2026-03-01),
2026-03-22,2026/3/22/22-3-2026.docx,,,,2026/3/22/22.docx,,2026/3/22/22-3-2026 افراد.docx,,2026/3/22/22..docx,,2026/3/22/اعداد الخدمات الصباحية والمسائية الاساسية + الخدمات الطارئة يوم 22-3-2026.docx,,,,2026/3/22/أمر خدمة يوم 19-3-2026.docx,STALE,2026/3/22/ماتش.docx,STALE,,,,,2026/3/22/داتا افراد.docx,STALE,roster_v4_rest,board: 2026/3/22/يومية فارغة.docx; command_order: chosen own-folder document has a different date (2026-03-19); ref_personnel: chosen own-folder document has a different date (2026-03-01),
2026-03-23,2026/3/23/23-3-2026.docx,,,,2026/3/23/23.docx,,2026/3/23/23-3-2026 افراد.docx,,2026/3/23/23..docx,,2026/3/23/اعداد الخدمات الصباحية والمسائية الاساسية + الخدمات الطارئة يوم 22-3-2026.docx,,,,2026/3/23/أمر خدمة يوم 19-3-2026.docx,STALE,2026/3/23/ماتش.docx,STALE,,,,,2026/3/23/داتا افراد.docx,STALE,roster_v4_rest,board: 2026/3/23/يومية فارغة.docx; counts: chosen own-folder document has a different date (2026-03-22); command_order: chosen own-folder document has a different date (2026-03-19); ref_personnel: chosen own-folder document has a different date (2026-03-01),
2026-03-24,2026/3/24/24-3-2026.docx,,,,2026/3/24/24.docx,,2026/3/24/24-3-2026 افراد.docx,,2026/3/24/.24.docx,,2026/3/24/اعداد الخدمات الصباحية والمسائية الاساسية + الخدمات الطارئة يوم 24-3-2026.docx,,,,2026/3/24/أمر خدمة يوم 24-3-2026.docx,,2026/3/24/ماتش.docx,STALE,,,,,2026/3/24/داتا افراد.docx,STALE,roster_v4_rest,board: 2026/3/24/يومية فارغة.docx; ref_personnel: chosen own-folder document has a different date (2026-03-01),
2026-03-25,2026/3/25/25-3-2026.docx,,,,2026/3/25/25.docx,,2026/3/25/25-3-2026 افراد.docx,,2026/3/25/25..docx,,2026/3/25/اعداد الخدمات الصباحية والمسائية  الطارئة يوم 25-3-2026.docx,,,,2026/3/25/أمر خدمة يوم 25-3-2026.docx,,2026/3/25/ماتش.docx,STALE,,,,,2026/3/25/داتا افراد.docx,STALE,roster_v4_rest,board: 2026/3/25/يومية فارغة.docx; ref_personnel: chosen own-folder document has a different date (2026-03-01),
2026-03-26,2026/3/26/26-3-2026.docx,,,,2026/3/26/26.docx,,2026/3/26/26-3-2026 افراد.docx,,2026/3/26/.26.docx,,2026/3/26/اعداد الخدمات الصباحية والمسائية  الطارئة يوم 26-3-2026.docx,,,,2026/3/26/أمر خدمة يوم 27-3-2026.docx,,2026/3/26/ماتش.docx,,,,,,2026/3/26/داتا افراد.docx,STALE,roster_v4_rest,board: 2026/3/26/يومية فارغة.docx; command_order: chosen own-folder document has a different date (2026-03-27); ref_personnel: chosen own-folder document has a different date (2026-03-01),
2026-03-27,2026/3/27/27-3-2026.docx,,,,2026/3/27/27.docx,,2026/3/27/27-3-2026 افراد.docx,,2026/3/27/.27.docx,,2026/3/27/اعداد الخدمات الصباحية والمسائية  الطارئة يوم 27-3-2026.docx,,,,2026/3/27/أمر خدمة يوم 27-3-2026.docx,,2026/3/27/ماتش.docx,STALE,,,,,2026/3/27/داتا افراد.docx,STALE,roster_v4_rest,board: 2026/3/27/يومية فارغة.docx; ref_personnel: chosen own-folder document has a different date (2026-03-01),
2026-03-28,2026/3/28/28-3-2026.docx,,,,2026/3/28/28.docx,,2026/3/28/28-3-2026 افراد.docx,,2026/3/28/.28.docx,,2026/3/28/اعداد الخدمات الصباحية والمسائية  الطارئة يوم 28-3-2026.docx,,,,2026/3/28/أمر خدمة يوم 28-3-2026.docx,,2026/3/28/ماتش.docx,STALE,,,,,2026/3/28/داتا افراد.docx,STALE,roster_v4_rest,board: 2026/3/28/يومية فارغة.docx; ref_personnel: chosen own-folder document has a different date (2026-03-01),
2026-03-29,2026/3/29/29-3-2026.docx,,,,2026/3/29/29.docx,,2026/3/29/29-3-2026 افراد.docx,,2026/3/29/29..docx,,2026/3/29/اعداد الخدمات الصباحية والمسائية  الطارئة يوم 29-3-2026.docx,,,,2026/3/29/أمر خدمة يوم 29-3-2026.docx,,2026/3/29/ماتش.docx,STALE,,,,,2026/3/29/داتا افراد.docx,STALE,roster_v4_rest,board: 2026/3/29/يومية فارغة.docx; command_order: chosen own-folder document has a different date (2026-03-28); ref_personnel: chosen own-folder document has a different date (2026-03-01),
2026-03-30,2026/3/30/30-3-2026.docx,,,,2026/3/30/30.docx,,2026/3/30/30-3-2026 افراد.docx,,2026/3/30/30..docx,,2026/3/30/اعداد الخدمات الصباحية والمسائية  الطارئة يوم 30-3-2026.docx,,,,2026/3/30/أمر خدمة يوم 30-3-2026.docx,,2026/3/30/ماتش.docx,,,,,,2026/3/30/داتا افراد.docx,STALE,roster_v4_rest,board: 2026/3/30/يومية فارغة.docx; ref_personnel: chosen own-folder document has a different date (2026-03-01),
2026-03-31,2026/3/31/31-3-2026.docx,,,,2026/3/31/31.docx,,2026/3/31/31-3-2026 افراد.docx,,2026/3/31/.31.docx,,2026/3/31/اعداد الخدمات الصباحية والمسائية  الطارئة يوم 31-3-2026.docx,,,,2026/3/31/أمر خدمة يوم 31-3-2026.docx,,2026/3/31/ماتش.docx,,,,,,2026/3/31/داتا افراد.docx,STALE,roster_v4_rest,board: 2026/3/31/يومية فارغة.docx | 2026/3/31/يومية معدلة.docx; ref_personnel: chosen own-folder document has a different date (2026-03-01),
2026-04-01,2026/4/1/1-4-2026.docx,,,,2026/4/1/1.docx,,2026/4/1/1-4-2026 افراد.docx,,2026/4/1/1..docx,,2026/4/1/اعداد الخدمات الصباحية والمسائية  الطارئة يوم 1-4-2026.docx,,,,2026/4/1/أمر خدمة يوم 1-4-2026.docx,,2026/4/1/ماتش.docx,STALE,,,,,2026/4/1/داتا افراد.docx,,roster_v4_rest,board: 2026/4/1/يومية فارغة.docx | 2026/4/1/يومية معدلة.docx; ref_personnel: chosen own-folder document has a different date (2026-03-01),
2026-04-02,2026/4/2/2-4-2026.docx,,,,2026/4/2/2.docx,,2026/4/2/2-4-2026 افراد.docx,,2026/4/2/2..docx,,2026/4/2/اعداد الخدمات الصباحية والمسائية  الطارئة يوم 2-4-2026.docx,,,,2026/4/2/أمر خدمة يوم 2-4-2026.docx,,2026/4/2/ماتش.docx,STALE,,,,,2026/4/2/داتا افراد.docx,STALE,roster_v4_rest,board: 2026/4/2/يومية فارغة.docx | 2026/4/2/يومية معدلة.docx; ref_personnel: chosen own-folder document has a different date (2026-03-01),
2026-04-03,2026/4/3/3-4-2026.docx,,,,2026/4/3/3.docx,,2026/4/3/3-4-2026 افراد.docx,,2026/4/3/3..docx,,2026/4/3/اعداد الخدمات الصباحية والمسائية  الطارئة يوم 3-4-2026.docx,,,,2026/4/3/أمر خدمة يوم3 -4-2026.docx,,2026/4/3/ماتش.docx,STALE,,,,,2026/4/3/داتا افراد.docx,STALE,roster_v4_rest,board: 2026/4/3/يومية فارغة.docx | 2026/4/3/يومية معدلة.docx; ref_personnel: chosen own-folder document has a different date (2026-03-01),
2026-04-04,2026/4/4/4-4-2026.docx,,,,2026/4/4/4.docx,,2026/4/4/4-4-2026 افراد.docx,,2026/4/4/4..docx,,2026/4/4/اعداد الخدمات الصباحية والمسائية  الطارئة يوم 3-4-2026.docx,,,,2026/4/4/أمر خدمة يوم4  -4-2026.docx,,2026/4/4/ماتش.docx,STALE,,,,,2026/4/4/داتا افراد.docx,STALE,roster_v4_rest,board: 2026/4/4/يومية فارغة.docx | 2026/4/4/يومية معدلة.docx; counts: chosen own-folder document has a different date (2026-04-03); ref_personnel: chosen own-folder document has a different date (2026-03-01),
2026-04-05,2026/4/5/5-4-2026.docx,,,,2026/4/5/5.docx,,2026/4/5/5-4-2026 افراد.docx,,2026/4/5/5..docx,,2026/4/5/اعداد الخدمات الصباحية والمسائية  الطارئة يوم 3-4-2026.docx,,,,2026/4/5/أمر خدمة يوم4  -4-2026.docx,STALE,2026/4/5/ماتش.docx,STALE,,,,,2026/4/5/داتا افراد.docx,STALE,roster_v4_rest,board: 2026/4/5/يومية فارغة.docx | 2026/4/5/يومية معدلة.docx; counts: chosen own-folder document has a different date (2026-04-03); command_order: chosen own-folder document has a different date (2026-04-04); ref_personnel: chosen own-folder document has a different date (2026-03-01),
2026-04-06,2026/4/6/6-4-2026.docx,,,,2026/4/6/6.docx,,2026/4/6/6-4-2026 افراد.docx,,2026/4/6/6..docx,,2026/4/6/اعداد الخدمات الصباحية والمسائية  الطارئة يوم 3-4-2026.docx,,,,2026/4/6/أمر خدمة يوم6  -4-2026.docx,,2026/4/6/ماتش.docx,STALE,,,,,2026/4/6/داتا افراد.docx,STALE,roster_v4_rest,board: 2026/4/6/يومية فارغة.docx | 2026/4/6/يومية معدلة.docx; counts: chosen own-folder document has a different date (2026-04-03); ref_personnel: chosen own-folder document has a different date (2026-03-01),
2026-04-07,2026/4/7/7-4-2026.docx,,,,2026/4/7/7.docx,,2026/4/7/7-4-2026 افراد.docx,,2026/4/7/7..docx,,2026/4/7/اعداد الخدمات الصباحية والمسائية  الطارئة يوم 7-4-2026.docx,,,,2026/4/7/أمر خدمة يوم7 -4-2026.docx,,2026/4/7/ماتش.docx,,,,,,2026/4/7/داتا افراد.docx,STALE,roster_v4_rest,board: 2026/4/7/يومية فارغة.docx | 2026/4/7/يومية معدلة.docx; ref_personnel: chosen own-folder document has a different date (2026-03-01),
2026-04-08,2026/4/8/8-4-2026.docx,,,,2026/4/8/8.docx,,2026/4/8/8-4-2026 افراد.docx,,2026/4/8/8..docx,,2026/4/8/اعداد الخدمات الصباحية والمسائية  الطارئة يوم 9-4-2026.docx,,,,2026/4/8/أمر خدمة يوم8 -4-2026.docx,,2026/4/8/ماتش.docx,STALE,,,,,2026/4/8/داتا افراد.docx,STALE,roster_v4_rest,board: 2026/4/8/يومية فارغة.docx | 2026/4/8/يومية معدلة.docx; counts: chosen own-folder document has a different date (2026-04-09); ref_personnel: chosen own-folder document has a different date (2026-03-01),
2026-04-09,2026/4/9/9-4-2026.docx,,,,2026/4/9/9.docx,,2026/4/9/9-4-2026 افراد.docx,,2026/4/9/9..docx,,2026/4/9/اعداد الخدمات الصباحية والمسائية  الطارئة يوم 3-4-2026.docx,,,,2026/4/9/أمر خدمة يوم9-4-2026.docx,,2026/4/9/ماتش.docx,STALE,,,,,2026/4/9/داتا افراد.docx,STALE,roster_v4_rest,board: 2026/4/9/يومية فارغة.docx | 2026/4/9/يومية معدلة.docx; counts: chosen own-folder document has a different date (2026-04-03); ref_personnel: chosen own-folder document has a different date (2026-03-01),
2026-04-10,2026/4/10/10-4-2026.docx,,,,2026/4/10/10.docx,,2026/4/10/10-4-2026 افراد.docx,,2026/4/10/10..docx,,2026/4/10/اعداد الخدمات الصباحية والمسائية  الطارئة يوم 11-4-2026.docx,,,,2026/4/10/أمر خدمة يوم10-4-2026.docx,,2026/4/10/ماتش.docx,STALE,,,,,2026/4/10/داتا افراد.docx,STALE,roster_v4_rest,board: 2026/4/10/يومية فارغة.docx | 2026/4/10/يومية معدلة.docx; counts: chosen own-folder document has a different date (2026-04-11); ref_personnel: chosen own-folder document has a different date (2026-03-01),
2026-04-11,2026/4/11/11-4-2026.docx,,,,2026/4/11/11.docx,,2026/4/11/11-4-2026 افراد.docx,,2026/4/11/11..docx,,2026/4/11/اعداد الخدمات الصباحية والمسائية  الطارئة يوم 11-4-2026.docx,,,,2026/4/11/أمر خدمة يوم11 -4-2026.docx,,2026/4/11/ماتش.docx,,,,,,2026/4/11/داتا افراد.docx,STALE,roster_v4_rest,ref_personnel: chosen own-folder document has a different date (2026-03-01),
2026-04-12,2026/4/12/12-4-2026.docx,,,,2026/4/12/12.docx,,2026/4/12/12-4-2026 افراد.docx,,2026/4/12/12..docx,,2026/4/12/اعداد الخدمات الصباحية والمسائية  الطارئة يوم 12-4-2026.docx,,,,2026/4/12/أمر خدمة يوم11 -4-2026.docx,STALE,2026/4/12/ماتش.docx,STALE,,,,,2026/4/12/داتا افراد.docx,,roster_v4_rest,command_order: chosen own-folder document has a different date (2026-04-11); ref_personnel: chosen own-folder document has a different date (2026-03-01),
2026-04-13,2026/4/13/13-4-2026.docx,,,,2026/4/13/13.docx,,2026/4/13/13-4-2026 افراد.docx,,2026/4/13/13..docx,,2026/4/13/اعداد الخدمات الصباحية والمسائية  الطارئة يوم 13-4-2026.docx,,,,2026/4/13/أمر خدمة يوم 13 -4-2026.docx,,2026/4/13/ماتش.docx,STALE,,,,,2026/4/13/داتا افراد.docx,,roster_v4_rest,ref_personnel: chosen own-folder document has a different date (2026-03-01),
2026-04-14,2026/4/14/14-4-2026.docx,,,,2026/4/14/14.docx,,2026/4/14/14-4-2026 افراد.docx,,2026/4/14/14..docx,,2026/4/14/اعداد الخدمات الصباحية والمسائية  الطارئة يوم 14-4-2026.docx,,,,2026/4/14/أمر خدمة يوم11 -4-2026.docx,,2026/4/14/ماتش.docx,STALE,,,,,2026/4/14/داتا افراد.docx,,roster_v4_rest,command_order: chosen own-folder document has a different date (2026-04-11); ref_personnel: chosen own-folder document has a different date (2026-03-01),
2026-04-15,2026/4/15/15-4-2026.docx,,,,2026/4/15/15.docx,,2026/4/15/15-4-2026 افراد.docx,,2026/4/15/15..docx,,2026/4/15/اعداد الخدمات الصباحية والمسائية  الطارئة يوم 16-4-2026.docx,,,,2026/4/15/أمر خدمة يوم11 -4-2026.docx,STALE,2026/4/15/ماتش.docx,STALE,,,,,2026/4/15/داتا افراد.docx,STALE,roster_v4_rest,counts: chosen own-folder document has a different date (2026-04-16); command_order: chosen own-folder document has a different date (2026-04-11); ref_personnel: chosen own-folder document has a different date (2026-03-01),
2026-04-16,2026/4/16/16-4-2026.docx,,,,2026/4/16/16.docx,,2026/4/16/16-4-2026 افراد.docx,,2026/4/16/16..docx,,2026/4/16/اعداد الخدمات الصباحية والمسائية  الطارئة يوم 16-4-2026.docx,,,,2026/4/16/أمر خدمة يوم11 -4-2026.docx,STALE,2026/4/16/ماتش.docx,STALE,,,,,2026/4/16/داتا افراد.docx,STALE,roster_v4_rest,command_order: chosen own-folder document has a different date (2026-04-11); ref_personnel: chosen own-folder document has a different date (2026-03-01),
2026-04-17,2026/4/17/17-4-2026.docx,,,,2026/4/17/17.docx,,2026/4/17/17-4-2026 افراد.docx,,2026/4/17/17..docx,,2026/4/17/اعداد الخدمات الصباحية والمسائية الطارئة يوم 17 -4-2026.docx,,,,2026/4/17/أمر خدمة يوم11 -4-2026.docx,STALE,2026/4/17/ماتش.docx,STALE,,,,,2026/4/17/داتا افراد.docx,,roster_v4_rest,command_order: chosen own-folder document has a different date (2026-04-11); ref_personnel: chosen own-folder document has a different date (2026-03-01),
2026-04-18,2026/4/18/18-4-2026.docx,,,,2026/4/18/18.docx,,2026/4/18/18-4-2026 افراد.docx,,2026/4/18/18..docx,,2026/4/18/اعداد الخدمات الصباحية والمسائية الطارئة يوم 18-4-2026.docx,,,,2026/4/18/أمر خدمة يوم11 -4-2026.docx,STALE,2026/4/18/ماتش.docx,STALE,,,,,2026/4/18/داتا افراد.docx,,roster_v4_rest,command_order: chosen own-folder document has a different date (2026-04-11); ref_personnel: chosen own-folder document has a different date (2026-03-01),
2026-04-19,2026/4/19/19-4-2026.docx,,,,2026/4/19/19.docx,,2026/4/19/19-4-2026 افراد.docx,,2026/4/19/19..docx,,2026/4/19/اعداد الخدمات الصباحية والمسائية الطارئة يوم 19-4-2026.docx,,,,2026/4/19/أمر خدمة يوم11 -4-2026.docx,STALE,2026/4/19/ماتش.docx,STALE,,,,,2026/4/19/داتا افراد.docx,STALE,roster_v4_rest,command_order: chosen own-folder document has a different date (2026-04-11); ref_personnel: chosen own-folder document has a different date (2026-03-01),
2026-04-20,2026/4/20/20-4-2026.docx,,,,2026/4/20/20.docx,,2026/4/20/20-4-2026 افراد.docx,,2026/4/20/20..docx,,2026/4/20/اعداد الخدمات الصباحية والمسائية الطارئة يوم 20-4-2026.docx,,,,2026/4/20/أمر خدمة يوم11 -4-2026.docx,STALE,2026/4/20/ماتش.docx,STALE,,,,,2026/4/20/داتا افراد.docx,STALE,roster_v4_rest,command_order: chosen own-folder document has a different date (2026-04-11); ref_personnel: chosen own-folder document has a different date (2026-03-01),
2026-04-21,2026/4/21/21-4-2026.docx,,,,2026/4/21/21.docx,,2026/4/21/21-4-2026 افراد.docx,,2026/4/21/21..docx,,2026/4/21/اعداد الخدمات الصباحية والمسائية الطارئة يوم 21-4-2026.docx,,,,2026/4/21/أمر خدمة يوم11 -4-2026.docx,STALE,2026/4/21/ماتش.docx,STALE,,,,,2026/4/21/داتا افراد.docx,STALE,roster_v4_rest,command_order: chosen own-folder document has a different date (2026-04-11); ref_personnel: chosen own-folder document has a different date (2026-03-01),
2026-04-22,2026/4/22/22-4-2026.docx,,,,2026/4/22/22.docx,,2026/4/22/22-4-2026 افراد.docx,,2026/4/22/22..docx,,2026/4/22/اعداد الخدمات الصباحية والمسائية الطارئة يوم 22-4-2026.docx,,,,2026/4/22/أمر خدمة يوم11 -4-2026.docx,STALE,2026/4/22/ماتش.docx,,,,,,2026/4/22/داتا افراد.docx,STALE,roster_v4_rest,command_order: chosen own-folder document has a different date (2026-04-11); ref_personnel: chosen own-folder document has a different date (2026-03-01),
2026-04-23,2026/4/23/23-4-2026.docx,,,,2026/4/23/23.docx,,2026/4/23/23-4-2026 افراد.docx,,2026/4/23/23..docx,,2026/4/23/اعداد الخدمات الصباحية والمسائية الطارئة يوم 23-4-2026.docx,,,,2026/4/23/أمر خدمة يوم11 -4-2026.docx,STALE,2026/4/23/ماتش.docx,STALE,,,,,2026/4/23/داتا افراد.docx,STALE,roster_v4_rest,command_order: chosen own-folder document has a different date (2026-04-11); ref_personnel: chosen own-folder document has a different date (2026-03-01),
2026-04-24,2026/4/24/24-4-2026.docx,,,,2026/4/24/24.docx,,2026/4/24/24-4-2026 افراد.docx,,2026/4/24/24..docx,,2026/4/24/اعداد الخدمات الصباحية والمسائية الطارئة يوم 24-4-2026.docx,,,,2026/4/24/أمر خدمة يوم11 -4-2026.docx,STALE,2026/4/24/ماتش.docx,STALE,,,,,2026/4/24/داتا افراد.docx,STALE,roster_v4_rest,command_order: chosen own-folder document has a different date (2026-04-11); ref_personnel: chosen own-folder document has a different date (2026-03-01),
2026-04-25,2026/4/25/25-4-2026.docx,,,,2026/4/25/25.docx,,2026/4/25/25-4-2026 افراد.docx,,2026/4/25/25..docx,,2026/4/25/اعداد الخدمات الصباحية والمسائية الطارئة يوم 25-4-2026.docx,,,,2026/4/25/أمر خدمة يوم11 -4-2026.docx,STALE,2026/4/25/ماتش.docx,STALE,,,,,2026/4/25/داتا افراد.docx,STALE,roster_v4_rest,command_order: chosen own-folder document has a different date (2026-04-11); ref_personnel: chosen own-folder document has a different date (2026-03-01),
2026-04-26,2026/4/26/26-4-2026.docx,,,,2026/4/26/27.docx,,2026/4/26/26-4-2026 افراد.docx,,2026/4/26/26..docx,,2026/4/26/اعداد الخدمات الصباحية والمسائية الطارئة يوم 26-4-2026.docx,,,,2026/4/26/أمر خدمة يوم11 -4-2026.docx,STALE,2026/4/26/ماتش.docx,STALE,,,,,2026/4/26/داتا افراد.docx,STALE,roster_v4_rest,command_order: chosen own-folder document has a different date (2026-04-11); ref_personnel: chosen own-folder document has a different date (2026-03-01),
2026-04-27,2026/4/27/27-4-2026.docx,,,,2026/4/27/27.docx,,2026/4/27/27-4-2026 افراد.docx,,2026/4/27/27..docx,,2026/4/27/اعداد الخدمات الصباحية والمسائية الطارئة يوم 27-4-2026.docx,,,,2026/4/27/أمر خدمة يوم11 -4-2026.docx,STALE,2026/4/27/ماتش.docx,STALE,,,,,2026/4/27/داتا افراد.docx,STALE,roster_v4_rest,command_order: chosen own-folder document has a different date (2026-04-11); ref_personnel: chosen own-folder document has a different date (2026-03-01),
2026-04-28,2026/4/28/28-4-2026.docx,,,,2026/4/28/28.docx,,2026/4/28/28-4-2026 افراد.docx,,2026/4/28/28..docx,,2026/4/28/اعداد الخدمات الصباحية والمسائية الطارئة يوم 28-4-2026.docx,,,,2026/4/28/أمر خدمة يوم11 -4-2026.docx,STALE,2026/4/28/ماتش.docx,STALE,,,,,2026/4/28/داتا افراد.docx,STALE,roster_v4_rest,command_order: chosen own-folder document has a different date (2026-04-11); ref_personnel: chosen own-folder document has a different date (2026-03-01),
2026-04-29,2026/4/29/29-4-2026.docx,,,,2026/4/29/29.docx,,2026/4/29/29-4-2026 افراد.docx,,2026/4/29/29..docx,,2026/4/29/اعداد الخدمات الصباحية والمسائية الطارئة يوم 29-4-2026.docx,,,,2026/4/29/أمر خدمة يوم11 -4-2026.docx,STALE,2026/4/29/ماتش.docx,STALE,,,,,2026/4/29/داتا افراد.docx,STALE,roster_v4_rest,command_order: chosen own-folder document has a different date (2026-04-11); ref_personnel: chosen own-folder document has a different date (2026-03-01),
2026-04-30,2026/4/30/30-4-2026.docx,,,,2026/4/30/30.docx,,2026/4/30/30-4-2026 افراد.docx,,2026/4/30/30..docx,,2026/4/30/اعداد الخدمات الصباحية والمسائية الطارئة يوم 30-4-2026.docx,,,,2026/4/30/أمر خدمة يوم11 -4-2026.docx,STALE,2026/4/30/ماتش.docx,STALE,,,,,2026/4/30/داتا افراد.docx,STALE,roster_v4_rest,command_order: chosen own-folder document has a different date (2026-04-11); ref_personnel: chosen own-folder document has a different date (2026-03-01),
2026-05-01,2026/5/1/1-5-2026.docx,,,,2026/5/1/1.docx,,2026/5/1/1-5-2026 افراد.docx,,2026/5/1/1..docx,,2026/5/1/اعداد الخدمات الصباحية والمسائية الطارئة يوم 1-5-2026.docx,,,,2026/5/1/أمر خدمة يوم11 -4-2026.docx,STALE,2026/5/1/ماتش.docx,STALE,,,,,2026/5/1/داتا افراد.docx,STALE,roster_v4_rest,command_order: chosen own-folder document has a different date (2026-04-11); ref_personnel: chosen own-folder document has a different date (2026-03-01),
2026-05-02,2026/5/2/2-5-2026.docx,,,,2026/5/2/2.docx,,2026/5/2/2-5-2026 افراد.docx,,2026/5/2/2..docx,,2026/5/2/اعداد الخدمات الصباحية والمسائية الطارئة يوم 2-5-2026.docx,,,,2026/5/2/أمر خدمة يوم11 -4-2026.docx,STALE,2026/5/2/ماتش.docx,STALE,,,,,2026/5/2/داتا افراد.docx,STALE,roster_v4_rest,command_order: chosen own-folder document has a different date (2026-04-11); ref_personnel: chosen own-folder document has a different date (2026-03-01),
2026-05-03,2026/5/3/3-5-2026.docx,,,,2026/5/3/3.docx,,2026/5/3/3-5-2026 افراد.docx,,2026/5/3/3..docx,,2026/5/3/اعداد الخدمات الصباحية والمسائية الطارئة يوم 2-5-2026.docx,,,,2026/5/3/أمر خدمة يوم3 -5-2026.docx,,2026/5/3/ماتش.docx,STALE,,,,,2026/5/3/داتا افراد.docx,STALE,roster_v4_rest,counts: chosen own-folder document has a different date (2026-05-02); ref_personnel: chosen own-folder document has a different date (2026-03-01),
2026-05-04,2026/5/4/4-5-2026.docx,,,,2026/5/4/4.docx,,2026/5/4/4-5-2026 افراد.docx,,2026/5/4/4..docx,,2026/5/4/اعداد الخدمات الصباحية والمسائية الطارئة يوم 4-5-2026.docx,,,,2026/5/4/أمر خدمة يوم4 -5-2026.docx,,2026/5/4/ماتش.docx,STALE,,,,,2026/5/4/داتا افراد.docx,STALE,roster_v4_rest,ref_personnel: chosen own-folder document has a different date (2026-03-01),
2026-05-05,2026/5/5/5-5-2026.docx,,,,2026/5/5/5.docx,,2026/5/5/5-5-2026 افراد.docx,,2026/5/5/5..docx,,2026/5/5/اعداد الخدمات الصباحية والمسائية الطارئة يوم 5-5-2026.docx,,,,2026/5/5/أمر خدمة يوم5-5-2026.docx,,2026/5/5/ماتش.docx,STALE,,,,,2026/5/5/داتا افراد.docx,STALE,roster_v4_rest,ref_personnel: chosen own-folder document has a different date (2026-03-01),
2026-05-06,2026/5/6/6-5-2026.docx,,,,2026/5/6/6.docx,,2026/5/6/6-5-2026 افراد.docx,,2026/5/6/6..docx,,2026/5/6/اعداد الخدمات الصباحية والمسائية الطارئة يوم 6-5-2026.docx,,,,2026/5/6/أمر خدمة يوم6-5-2026.docx,,2026/5/6/ماتش.docx,STALE,,,,,2026/5/6/داتا افراد.docx,STALE,roster_v4_rest,ref_personnel: chosen own-folder document has a different date (2026-03-01),
2026-05-07,2026/5/7/7-5-2026.docx,,,,2026/5/7/7.docx,,2026/5/7/7-5-2026 افراد.docx,,2026/5/7/7..docx,,2026/5/7/اعداد الخدمات الصباحية والمسائية الطارئة يوم 7-5-2026.docx,,,,2026/5/7/أمر خدمة يوم7-5-2026.docx,,2026/5/7/ماتش.docx,STALE,,,,,2026/5/7/داتا افراد.docx,STALE,roster_v4_rest,ref_personnel: chosen own-folder document has a different date (2026-03-01),
2026-05-08,2026/5/8/8-5-2026.docx,,,,2026/5/8/8.docx,,2026/5/8/8-5-2026 افراد.docx,,2026/5/8/8..docx,,2026/5/8/اعداد الخدمات يوم 8-5-2026.docx,,,,2026/5/8/أمر خدمة يوم8-5-2026.docx,,2026/5/8/ماتش.docx,STALE,,,,,2026/5/8/داتا افراد.docx,,roster_v4_rest,ref_personnel: chosen own-folder document has a different date (2026-03-01),
2026-05-09,2026/5/9/9-5-2026.docx,,,,2026/5/9/9.docx,,2026/5/9/9-5-2026 افراد.docx,,2026/5/9/9..docx,,2026/5/9/اعداد الخدمات يوم 9-5-2026.docx,,,,2026/5/9/أمر خدمة يوم9-5-2026.docx,,2026/5/9/ماتش.docx,STALE,,,,,2026/5/9/داتا افراد.docx,,roster_v4_rest,ref_personnel: chosen own-folder document has a different date (2026-03-01),
2026-05-10,2026/5/10/10-5-2026.docx,,,,2026/5/10/10.docx,,2026/5/10/10-5-2026 افراد.docx,,2026/5/10/10..docx,,2026/5/10/اعداد الخدمات يوم 10-5-2026.docx,,,,2026/5/10/أمر خدمة يوم10-5-2026.docx,,2026/5/10/ماتش.docx,STALE,,,,,2026/5/10/داتا افراد.docx,STALE,roster_v4_rest,ref_personnel: chosen own-folder document has a different date (2026-03-01),
2026-05-11,2026/5/11/11-5-2026.docx,,,,2026/5/11/11.docx,,2026/5/11/11-5-2026 افراد.docx,,2026/5/11/11..docx,,2026/5/11/اعداد الخدمات يوم 11-5-2026.docx,,,,2026/5/11/أمر خدمة يوم11-5-2026.docx,,2026/5/11/ماتش.docx,STALE,,,,,2026/5/11/داتا افراد.docx,STALE,roster_v4_rest,ref_personnel: chosen own-folder document has a different date (2026-03-01),
2026-05-12,2026/5/12/12-5-2026.docx,,,,2026/5/12/12.docx,,2026/5/12/12-5-2026 افراد.docx,,2026/5/12/12..docx,,2026/5/12/اعداد الخدمات يوم 12-5-2026.docx,,,,2026/5/12/أمر خدمة يوم12-5-2026.docx,,2026/5/12/ماتش.docx,STALE,,,,,2026/5/12/داتا افراد.docx,STALE,roster_v4_rest,duty_list: chosen own-folder document has a different date (2026-05-01); ref_personnel: chosen own-folder document has a different date (2026-03-01),
2026-05-13,2026/5/13/13-5-2026.docx,,,,2026/5/13/13.docx,,2026/5/13/13-5-2026 افراد.docx,,2026/5/13/13..docx,,2026/5/13/اعداد الخدمات يوم 13-5-2026.docx,,,,2026/5/13/أمر خدمة يوم13-5-2026.docx,,2026/5/13/ماتش.docx,STALE,,,,,2026/5/13/داتا افراد.docx,STALE,roster_v4_rest,duty_list: chosen own-folder document has a different date (2026-05-01); ref_personnel: chosen own-folder document has a different date (2026-03-01),
2026-05-14,2026/5/14/14-5-2026.docx,,,,2026/5/14/14.docx,,2026/5/14/14-5-2026 افراد.docx,,2026/5/14/14..docx,,2026/5/14/اعداد الخدمات يوم 14-5-2026.docx,,,,2026/5/14/أمر خدمة يوم14-5-2026.docx,,2026/5/14/ماتش.docx,STALE,,,,,2026/5/14/داتا افراد.docx,STALE,roster_v4_rest,duty_list: chosen own-folder document has a different date (2026-05-01); ref_personnel: chosen own-folder document has a different date (2026-03-01),
2026-05-15,2026/5/15/15-5-2026.docx,,,,2026/5/15/15.docx,,2026/5/15/15-5-2026 افراد.docx,,2026/5/15/15..docx,,2026/5/15/اعداد الخدمات يوم 15-5-2026.docx,,,,2026/5/15/أمر خدمة يوم11 -5-2026.docx,,2026/5/15/ماتش.docx,STALE,,,,,2026/5/15/داتا افراد.docx,STALE,roster_v4_rest,"command_order: chosen own-folder document has a different date (2026-05-11, 2026-05-12); ref_personnel: chosen own-folder document has a different date (2026-03-01)",
2026-05-16,2026/5/16/16-5-2026.docx,,,,2026/5/16/16.docx,,2026/5/16/16-5-2026 افراد.docx,,2026/5/16/16..docx,,2026/5/16/اعداد الخدمات يوم 16-5-2026.docx,,,,2026/5/16/أمر خدمة يوم 16-5-2026.docx,,2026/5/16/ماتش.docx,STALE,,,,,2026/5/16/داتا افراد.docx,STALE,roster_v4_rest,ref_personnel: chosen own-folder document has a different date (2026-03-01),
2026-05-17,2026/5/17/17-5-2026.docx,,,,2026/5/17/17.docx,,2026/5/17/17-5-2026 افراد.docx,,2026/5/17/17..docx,,2026/5/17/اعداد الخدمات يوم 17-5-2026.docx,,,,2026/5/17/أمر خدمة يوم17-5-2026.docx,,2026/5/17/ماتش.docx,STALE,,,,,2026/5/17/داتا افراد.docx,STALE,roster_v4_rest,ref_personnel: chosen own-folder document has a different date (2026-03-01),
2026-05-18,2026/5/18/18-5-2026.docx,,,,2026/5/18/18.docx,,2026/5/18/18-5-2026 افراد.docx,,2026/5/18/.18.docx,,2026/5/18/اعداد الخدمات يوم 18-5-2026.docx,,,,2026/5/18/أمر خدمة يوم 18-5-2026.docx,,2026/5/18/ماتش.docx,STALE,,,,,2026/5/18/داتا افراد.docx,STALE,roster_v4_rest,ref_personnel: chosen own-folder document has a different date (2026-03-01),
2026-05-19,2026/5/19/19-5-2026.docx,,,,2026/5/19/19.docx,,2026/5/19/19-5-2026 افراد.docx,,2026/5/19/.19.docx,,2026/5/19/اعداد الخدمات يوم 19-5-2026.docx,,,,2026/5/19/أمر خدمة يوم 19-5-2026.docx,,2026/5/19/ماتش.docx,STALE,,,,,2026/5/19/داتا افراد.docx,STALE,roster_v4_rest,ref_personnel: chosen own-folder document has a different date (2026-03-01),
2026-05-20,2026/5/20/20-5-2026.docx,,,,2026/5/20/20.docx,,2026/5/20/20-5-2026 افراد.docx,,2026/5/20/20..docx,,2026/5/20/اعداد الخدمات يوم 20-5-2026.docx,,,,2026/5/20/أمر خدمة يوم 19-5-2026.docx,STALE,2026/5/20/ماتش.docx,STALE,,,,,2026/5/20/داتا افراد.docx,,roster_v4_rest,command_order: chosen own-folder document has a different date (2026-05-19); ref_personnel: chosen own-folder document has a different date (2026-03-01),
2026-05-21,2026/5/21/21-5-2026.docx,,,,2026/5/21/21.docx,,2026/5/21/21-5-2026 افراد.docx,,2026/5/21/.21.docx,,2026/5/21/اعداد الخدمات يوم 21-5-2026.docx,,,,2026/5/21/أمر خدمة يوم 19-5-2026.docx,STALE,2026/5/21/ماتش.docx,STALE,,,,,2026/5/21/داتا افراد.docx,STALE,roster_v4_rest,command_order: chosen own-folder document has a different date (2026-05-19); ref_personnel: chosen own-folder document has a different date (2026-03-01),
2026-05-22,2026/5/22/22-5-2026.docx,,,,2026/5/22/22.docx,,2026/5/22/22-5-2026 افراد.docx,,2026/5/22/22..docx,,2026/5/22/اعداد الخدمات يوم 22-5-2026.docx,,,,2026/5/22/أمر خدمة يوم 22-5-2026.docx,,2026/5/22/ماتش.docx,STALE,,,,,2026/5/22/داتا افراد.docx,STALE,roster_v4_rest,ref_personnel: chosen own-folder document has a different date (2026-03-01),
2026-05-23,2026/5/23/23-5-2026.docx,,,,2026/5/23/23.docx,,2026/5/23/23-5-2026 افراد.docx,,2026/5/23/.23.docx,,2026/5/23/اعداد الخدمات يوم 23-5-2026.docx,,,,2026/5/23/أمر خدمة يوم 23-5-2026.docx,,2026/5/23/ماتش.docx,STALE,,,,,2026/5/23/داتا افراد.docx,STALE,roster_v4_rest,ref_personnel: chosen own-folder document has a different date (2026-03-01),
2026-05-24,2026/5/24/24-5-2026.docx,,,,2026/5/24/24.docx,,2026/5/24/24-5-2026 افراد.docx,,2026/5/24/.24.docx,,2026/5/24/اعداد الخدمات يوم 24-5-2026.docx,,,,2026/5/24/أمر خدمة يوم 24-5-2026.docx,,2026/5/24/ماتش.docx,STALE,,,,,2026/5/24/داتا افراد.docx,STALE,roster_v4_rest,ref_personnel: chosen own-folder document has a different date (2026-03-01),
2026-05-25,2026/5/25/25-5-2026.docx,,,,2026/5/25/25.docx,,2026/5/25/25-5-2026 افراد.docx,,2026/5/25/25..docx,,2026/5/25/اعداد الخدمات يوم 25-5-2026.docx,,,,2026/5/25/أمر خدمة يوم 25-5-2026.docx,,2026/5/25/ماتش.docx,,,,,,2026/5/25/داتا افراد.docx,STALE,roster_v4_rest,ref_personnel: chosen own-folder document has a different date (2026-03-01),
2026-05-26,2026/5/26/26-5-2026.docx,,,,2026/5/26/26.docx,,2026/5/26/26-5-2026 افراد.docx,,2026/5/26/26..docx,,2026/5/26/اعداد الخدمات يوم 26-5-2026.docx,,,,2026/5/26/أمر خدمة يوم 26-5-2026.docx,,2026/5/26/ماتش.docx,STALE,,,,,2026/5/26/داتا افراد.docx,STALE,roster_v4_rest,ref_personnel: chosen own-folder document has a different date (2026-03-01),
2026-05-27,2026/5/27/27-5-2026.docx,,,,2026/5/27/27.docx,,2026/5/27/27-5-2026 افراد.docx,,2026/5/27/27..docx,,2026/5/27/اعداد الخدمات يوم 27-5-2026.docx,,,,2026/5/27/أمر خدمة يوم 27-5-2026.docx,,2026/5/27/ماتش.docx,STALE,,,,,2026/5/27/داتا افراد.docx,STALE,roster_v4_rest,ref_personnel: chosen own-folder document has a different date (2026-03-01),
2026-05-28,2026/5/28/28-5-2026.docx,,,,2026/5/28/28.docx,,2026/5/28/28-5-2026 افراد.docx,,2026/5/28/28..docx,,2026/5/28/اعداد الخدمات يوم 28-5-2026.docx,,,,2026/5/28/أمر خدمة يوم 28-5-2026.docx,,2026/5/28/ماتش.docx,STALE,,,,,2026/5/28/داتا افراد.docx,STALE,roster_v4_rest,ref_personnel: chosen own-folder document has a different date (2026-03-01),
2026-05-29,2026/5/29/29-5-2026.docx,,,,2026/5/29/29.docx,,2026/5/29/29-5-2026 افراد.docx,,2026/5/29/29..docx,,2026/5/29/اعداد الخدمات يوم 29-5-2026.docx,,,,2026/5/29/أمر خدمة يوم 29-5-2026.docx,,2026/5/29/ماتش.docx,STALE,,,,,2026/5/29/داتا افراد.docx,STALE,roster_v4_rest,ref_personnel: chosen own-folder document has a different date (2026-03-01),
2026-05-30,2026/5/30/30-5-2026.docx,,,,2026/5/30/30.docx,,2026/5/30/30-5-2026 افراد.docx,,2026/5/30/30..docx,,2026/5/30/اعداد الخدمات يوم 30-5-2026.docx,,,,2026/5/30/أمر خدمة يوم 30-5-2026.docx,,2026/5/30/ماتش.docx,STALE,,,,,2026/5/30/داتا افراد.docx,STALE,roster_v4_rest,ref_personnel: chosen own-folder document has a different date (2026-03-01),
2026-05-31,2026/5/31/31-5-2026.docx,,,,2026/5/31/31.docx,,2026/5/31/31-5-2026 افراد.docx,,2026/5/31/31..docx,,2026/5/31/اعداد الخدمات يوم 31-5-2026.docx,,,,2026/5/31/أمر خدمة يوم 31-5-2026.docx,,2026/5/31/ماتش.docx,STALE,,,,,2026/5/31/داتا افراد.docx,STALE,roster_v4_rest,ref_personnel: chosen own-folder document has a different date (2026-03-01),
2026-06-01,2026/6/1/1-6-2026.docx,,,,2026/6/1/1.docx,,2026/6/1/1-6-2026 افراد.docx,,2026/6/1/1..docx,,2026/6/1/اعداد الخدمات يوم 1-6-2026.docx,,,,2026/6/1/أمر خدمة يوم 1-6-2026.docx,,2026/6/1/ماتش.docx,STALE,,,,,2026/6/1/داتا افراد.docx,STALE,roster_v4_rest,ref_personnel: chosen own-folder document has a different date (2026-03-01),
2026-06-02,2026/6/2/2-6-2026.docx,,,,2026/6/2/2.docx,,2026/6/2/2-6-2026 افراد.docx,,2026/6/2/2..docx,,2026/6/2/اعداد الخدمات يوم 2-6-2026.docx,,,,2026/6/2/أمر خدمة يوم 2-6-2026.docx,,2026/6/2/ماتش.docx,STALE,,,,,2026/6/2/داتا افراد.docx,STALE,roster_v4_rest,ref_personnel: chosen own-folder document has a different date (2026-03-01),
2026-06-03,2026/6/3/3-6-2026.docx,,,,2026/6/3/3.docx,,2026/6/3/3-6-2026 افراد.docx,,2026/6/3/3..docx,,2026/6/3/اعداد الخدمات يوم 3-6-2026.docx,,,,2026/6/3/أمر خدمة يوم 3-6-2026.docx,,2026/6/3/ماتش.docx,STALE,,,,,2026/6/3/داتا افراد.docx,,roster_v4_rest,ref_personnel: chosen own-folder document has a different date (2026-03-01),
2026-06-04,2026/6/4/4-6-2026.docx,,,,2026/6/4/4.docx,,2026/6/4/4-6-2026 افراد.docx,,2026/6/4/4..docx,,2026/6/4/اعداد الخدمات يوم 4-6-2026.docx,,,,2026/6/4/أمر خدمة يوم 4-6-2026.docx,,2026/6/4/ماتش.docx,STALE,,,,,2026/6/4/داتا افراد.docx,STALE,roster_v4_rest,ref_personnel: chosen own-folder document has a different date (2026-03-01),
2026-06-05,2026/6/5/5-6-2026.docx,,,,2026/6/5/5.docx,,2026/6/5/5-6-2026 افراد.docx,,2026/6/5/5..docx,,2026/6/5/اعداد الخدمات يوم 5-6-2026.docx,,,,2026/6/5/أمر خدمة يوم 5-6-2026.docx,,2026/6/5/ماتش.docx,STALE,,,,,2026/6/5/داتا افراد.docx,STALE,roster_v4_rest,ref_personnel: chosen own-folder document has a different date (2026-03-01),
2026-06-06,2026/6/6/6-6-2026.docx,,,,2026/6/6/6.docx,,2026/6/6/6-6-2026 افراد.docx,,2026/6/6/6..docx,,2026/6/6/اعداد الخدمات يوم 6-6-2026.docx,,,,2026/6/6/أمر خدمة يوم 6-6-2026.docx,,2026/6/6/ماتش.docx,STALE,,,,,2026/6/6/داتا افراد.docx,,roster_v4_rest,ref_personnel: chosen own-folder document has a different date (2026-03-01),
2026-06-07,2026/6/7/7-6-2026.docx,,,,2026/6/7/7.docx,,2026/6/7/7-6-2026 افراد.docx,,2026/6/7/7..docx,,2026/6/7/اعداد الخدمات يوم 7-6-2026.docx,,,,2026/6/7/أمر خدمة يوم 7-6-2026.docx,,2026/6/7/ماتش.docx,STALE,,,,,2026/6/7/داتا افراد.docx,,roster_v4_rest,ref_personnel: chosen own-folder document has a different date (2026-03-01),
2026-06-08,2026/6/8/8-6-2026.docx,,,,2026/6/8/8.docx,,2026/6/8/8-6-2026 افراد.docx,,2026/6/8/8..docx,,2026/6/8/اعداد الخدمات يوم 8-6-2026.docx,,,,2026/6/8/أمر خدمة يوم 8-6-2026.docx,,2026/6/8/ماتش.docx,,,,,,2026/6/8/داتا افراد.docx,STALE,roster_v4_rest,ref_personnel: chosen own-folder document has a different date (2026-03-01),
2026-06-09,2026/6/9/9-6-2026.docx,,,,2026/6/9/9.docx,,2026/6/9/9-6-2026 افراد.docx,,2026/6/9/9..docx,,2026/6/9/اعداد الخدمات يوم 9-6-2026.docx,,,,2026/6/9/أمر خدمة يوم 8-6-2026.docx,,2026/6/9/ماتش.docx,STALE,,,,,2026/6/9/داتا افراد.docx,STALE,roster_v4_rest,command_order: chosen own-folder document has a different date (2026-06-08); match: chosen own-folder document has a different date (2026-06-08); ref_personnel: chosen own-folder document has a different date (2026-03-01),
2026-06-10,2026/6/10/10-6-2026.docx,,,,2026/6/10/10.docx,,2026/6/10/10-6-2026 افراد.docx,,2026/6/10/10..docx,,2026/6/10/اعداد الخدمات يوم 10-6-2026.docx,,,,2026/6/10/أمر خدمة يوم 10-6-2026.docx,,2026/6/10/ماتش.docx,STALE,,,,,2026/6/10/داتا افراد.docx,STALE,roster_v4_rest,match: chosen own-folder document has a different date (2026-06-08); ref_personnel: chosen own-folder document has a different date (2026-03-01),
2026-06-11,2026/6/11/11-6-2026.docx,,,,2026/6/11/11.docx,,2026/6/11/11-6-2026 افراد.docx,,2026/6/11/11..docx,,2026/6/11/اعداد الخدمات يوم 11-6-2026.docx,,,,2026/6/11/أمر خدمة يوم 11-6-2026.docx,,2026/6/11/ماتش.docx,STALE,,,,,2026/6/11/داتا افراد.docx,STALE,roster_v4_rest,match: chosen own-folder document has a different date (2026-06-08); ref_personnel: chosen own-folder document has a different date (2026-03-01),
2026-06-12,2026/6/12/12-6-2026.docx,,,,2026/6/12/12.docx,,2026/6/12/12-6-2026 افراد.docx,,2026/6/12/12..docx,,2026/6/12/اعداد الخدمات يوم 13-6-2026.docx,,,,2026/6/12/أمر خدمة يوم 12-6-2026.docx,,2026/6/12/ماتش.docx,STALE,,,,,2026/6/12/داتا افراد.docx,STALE,roster_v4_rest,counts: chosen own-folder document has a different date (2026-06-13); match: chosen own-folder document has a different date (2026-06-08); ref_personnel: chosen own-folder document has a different date (2026-03-01),
2026-06-13,2026/6/13/13-6-2026.docx,,,,2026/6/13/13.docx,,2026/6/13/13-6-2026 افراد.docx,,2026/6/13/13..docx,,2026/6/13/اعداد الخدمات يوم 13-6-2026.docx,STALE,,,2026/6/13/أمر خدمة يوم 13-6-2026.docx,,2026/6/13/ماتش.docx,STALE,,,,,2026/6/13/داتا افراد.docx,STALE,roster_v4_rest,match: chosen own-folder document has a different date (2026-06-08); ref_personnel: chosen own-folder document has a different date (2026-03-01),
2026-06-14,2026/6/14/14-6-2026.docx,,,,2026/6/14/14.docx,,2026/6/14/14-6-2026 افراد.docx,,2026/6/14/14..docx,,2026/6/14/اعداد الخدمات يوم 14-6-2026.docx,,,,2026/6/14/أمر خدمة يوم 14-6-2026.docx,,2026/6/14/ماتش.docx,STALE,,,,,2026/6/14/داتا افراد.docx,STALE,roster_v4_rest,match: chosen own-folder document has a different date (2026-06-08); ref_personnel: chosen own-folder document has a different date (2026-03-01),
2026-06-15,2026/6/15/15-6-2026.docx,,,,2026/6/15/15.docx,,2026/6/15/15-6-2026 افراد.docx,,2026/6/15/15..docx,,2026/6/15/اعداد الخدمات يوم 15-6-2026.docx,,,,2026/6/15/أمر خدمة يوم 15-6-2026.docx,,2026/6/15/ماتش.docx,STALE,,,,,2026/6/15/داتا افراد.docx,STALE,roster_v4_rest,match: chosen own-folder document has a different date (2026-06-08); ref_personnel: chosen own-folder document has a different date (2026-03-01),
2026-06-16,2026/6/16/16-6-2026.docx,,,,2026/6/16/16.docx,,2026/6/16/16-6-2026 افراد.docx,,2026/6/16/16..docx,,2026/6/16/اعداد الخدمات يوم 16-6-2026.docx,,,,2026/6/16/أمر خدمة يوم 16-6-2026.docx,,2026/6/16/ماتش.docx,STALE,,,,,2026/6/16/داتا افراد.docx,STALE,roster_v4_rest,match: chosen own-folder document has a different date (2026-06-08); ref_personnel: chosen own-folder document has a different date (2026-03-01),
2026-06-17,2026/6/17/17-6-2026.docx,,,,2026/6/17/17.docx,,2026/6/17/17-6-2026 افراد.docx,,2026/6/17/17..docx,,2026/6/17/اعداد الخدمات يوم17-6-2026.docx,,,,2026/6/17/أمر خدمة يوم 17-6-2026.docx,,2026/6/17/ماتش.docx,STALE,,,,,2026/6/17/داتا افراد.docx,STALE,roster_v4_rest,match: chosen own-folder document has a different date (2026-06-08); ref_personnel: chosen own-folder document has a different date (2026-03-01),
2026-06-18,2026/6/18/18-6-2026.docx,,,,2026/6/18/18.docx,,2026/6/18/18-6-2026 افراد.docx,,2026/6/18/18..docx,,2026/6/18/اعداد الخدمات يوم18-6-2026.docx,,,,2026/6/18/أمر خدمة يوم 18-6-2026.docx,,2026/6/18/ماتش.docx,STALE,,,,,2026/6/18/داتا افراد.docx,STALE,roster_v4_rest,match: chosen own-folder document has a different date (2026-06-08); ref_personnel: chosen own-folder document has a different date (2026-03-01),
2026-06-19,2026/6/19/19-6-2026.docx,,,,2026/6/19/19.docx,,2026/6/19/19-6-2026 افراد.docx,,2026/6/19/19..docx,,2026/6/19/اعداد الخدمات يوم19-6-2026.docx,,,,2026/6/19/أمر خدمة يوم 19-6-2026.docx,,2026/6/19/ماتش.docx,STALE,,,,,2026/6/19/داتا افراد.docx,STALE,roster_v4_rest,match: chosen own-folder document has a different date (2026-06-08); ref_personnel: chosen own-folder document has a different date (2026-03-01),
2026-06-20,2026/6/20/20-6-2026.docx,,,,2026/6/20/20.docx,,2026/6/20/20-6-2026 افراد.docx,,2026/6/20/20..docx,,2026/6/20/اعداد الخدمات يوم 20-6-2026.docx,,,,2026/6/20/أمر خدمة يوم 20-6-2026.docx,,2026/6/20/ماتش.docx,,,,,,2026/6/20/داتا افراد.docx,,roster_v4_rest,match: chosen own-folder document has a different date (2026-06-08); ref_personnel: chosen own-folder document has a different date (2026-03-01),
2026-06-21,2026/6/21/21-6-2026.docx,,,,2026/6/21/21.docx,,2026/6/21/21-6-2026 افراد.docx,,2026/6/21/21..docx,,2026/6/21/اعداد الخدمات يوم 21-6-2026.docx,,,,2026/6/21/أمر خدمة يوم 20-6-2026.docx,,2026/6/21/ماتش.docx,,,,,,2026/6/21/داتا افراد.docx,STALE,roster_v4_rest,command_order: chosen own-folder document has a different date (2026-06-20); match: chosen own-folder document has a different date (2026-06-08); ref_personnel: chosen own-folder document has a different date (2026-03-01),
2026-06-22,2026/6/22/22-6-2026.docx,,,,2026/6/22/22.docx,,2026/6/22/22-6-2026 افراد.docx,,2026/6/22/22..docx,,2026/6/22/اعداد الخدمات يوم 22-6-2026.docx,,,,2026/6/22/أمر خدمة يوم 22-6-2026.docx,,2026/6/22/ماتش.docx,STALE,,,,,2026/6/22/داتا افراد.docx,STALE,roster_v4_rest,match: chosen own-folder document has a different date (2026-06-08); ref_personnel: chosen own-folder document has a different date (2026-03-01),
2026-06-23,2026/6/23/23-6-2026.docx,,,,2026/6/23/23.docx,,2026/6/23/23-6-2026 افراد.docx,,2026/6/23/23..docx,,2026/6/23/اعداد الخدمات يوم 23-6-2026.docx,,,,2026/6/23/أمر خدمة يوم 23-6-2026.docx,,2026/6/23/ماتش.docx,STALE,,,,,2026/6/23/داتا افراد.docx,STALE,roster_v4_rest,match: chosen own-folder document has a different date (2026-06-08); ref_personnel: chosen own-folder document has a different date (2026-03-01),
2026-06-24,2026/6/24/24-6-2026.docx,,,,2026/6/24/24.docx,,2026/6/24/24-6-2026 افراد.docx,,2026/6/24/24..docx,,2026/6/24/اعداد الخدمات يوم 24-6-2026.docx,,,,2026/6/24/أمر خدمة يوم 24-6-2026.docx,,2026/6/24/ماتش.docx,STALE,,,,,2026/6/24/داتا افراد.docx,,roster_v4_rest,match: chosen own-folder document has a different date (2026-06-08); ref_personnel: chosen own-folder document has a different date (2026-03-01),
2026-06-25,2026/6/25/25-6-2026.docx,,,,2026/6/25/25.docx,,2026/6/25/25-6-2026 افراد.docx,,2026/6/25/25..docx,,2026/6/25/اعداد الخدمات يوم 25-6-2026.docx,,,,2026/6/25/أمر خدمة يوم 25-6-2026.docx,,2026/6/25/ماتش.docx,STALE,,,,,2026/6/25/داتا افراد.docx,,roster_v4_rest,match: chosen own-folder document has a different date (2026-06-08); ref_personnel: chosen own-folder document has a different date (2026-03-01),
2026-06-26,2026/6/26/26-6-2026.docx,,,,2026/6/26/26.docx,,2026/6/26/26-6-2026 افراد.docx,,2026/6/26/26..docx,,2026/6/26/اعداد الخدمات يوم 26-6-2026.docx,,,,2026/6/26/أمر خدمة يوم 26-6-2026.docx,,2026/6/26/ماتش.docx,STALE,,,,,2026/6/26/داتا افراد.docx,STALE,roster_v4_rest,match: chosen own-folder document has a different date (2026-06-08); ref_personnel: chosen own-folder document has a different date (2026-03-01),
2026-06-27,2026/6/27/27-6-2026.docx,,,,2026/6/27/27.docx,,2026/6/27/27-6-2026 افراد.docx,,2026/6/27/27..docx,,2026/6/27/اعداد الخدمات يوم 27-6-2026.docx,,,,2026/6/27/أمر خدمة يوم 27-6-2026.docx,,2026/6/27/ماتش.docx,STALE,,,,,2026/6/27/داتا افراد.docx,STALE,roster_v4_rest,match: chosen own-folder document has a different date (2026-06-08); ref_personnel: chosen own-folder document has a different date (2026-03-01),
2026-06-28,2026/6/28/28-6-2026.docx,,,,2026/6/28/28.docx,,2026/6/28/28-6-2026 افراد.docx,,2026/6/28/28..docx,,2026/6/28/اعداد الخدمات يوم 28-6-2026.docx,,,,2026/6/28/أمر خدمة يوم 28-6-2026.docx,,2026/6/28/ماتش.docx,STALE,,,,,2026/6/28/داتا افراد.docx,,roster_v4_rest,match: chosen own-folder document has a different date (2026-06-08); ref_personnel: chosen own-folder document has a different date (2026-03-01),
2026-06-29,2026/6/29/29-6-2026.docx,,,,2026/6/29/29.docx,,2026/6/29/29-6-2026 افراد.docx,,2026/6/29/29..docx,,2026/6/29/اعداد الخدمات يوم 29-6-2026.docx,,,,2026/6/29/أمر خدمة يوم 28-6-2026.docx,STALE,2026/6/29/ماتش.docx,STALE,,,,,2026/6/29/داتا افراد.docx,STALE,roster_v4_rest,command_order: chosen own-folder document has a different date (2026-06-28); match: chosen own-folder document has a different date (2026-06-08); ref_personnel: chosen own-folder document has a different date (2026-03-01),
2026-06-30,2026/6/30/30-6-2026.docx,,,,2026/6/30/30.docx,,2026/6/30/30-6-2026 افراد.docx,,2026/6/30/30..docx,,2026/6/30/اعداد الخدمات يوم 30-6-2026.docx,,,,2026/6/30/أمر خدمة يوم 28-6-2026.docx,STALE,2026/6/30/ماتش.docx,STALE,,,,,2026/6/30/داتا افراد.docx,,roster_v4_rest,command_order: chosen own-folder document has a different date (2026-06-28); match: chosen own-folder document has a different date (2026-06-08); ref_personnel: chosen own-folder document has a different date (2026-03-01),
2026-07-01,2026/7/1/1-7-2026.docx,,,,2026/7/1/1.docx,,2026/7/1/1-7-2026 افراد.docx,,2026/7/1/1..docx,,2026/7/1/اعداد الخدمات يوم 1-7-2026.docx,,,,2026/7/1/أمر خدمة يوم 1-7-2026.docx,,2026/7/1/ماتش.docx,STALE,,,,,2026/7/1/داتا افراد.docx,STALE,roster_v4_rest,match: chosen own-folder document has a different date (2026-06-08); ref_personnel: chosen own-folder document has a different date (2026-03-01),
2026-07-02,2026/7/2/2-7-2026.docx,,,,2026/7/2/2.docx,,2026/7/2/2-7-2026 افراد.docx,,2026/7/2/2..docx,,2026/7/2/اعداد الخدمات يوم 2-7-2026.docx,,,,2026/7/2/أمر خدمة يوم 2-7-2026.docx,,2026/7/2/ماتش.docx,STALE,,,,,2026/7/2/داتا افراد.docx,STALE,roster_v4_rest,match: chosen own-folder document has a different date (2026-06-08); ref_personnel: chosen own-folder document has a different date (2026-03-01),
2026-07-03,2026/7/3/3-7-2026.docx,,,,2026/7/3/3.docx,,2026/7/3/3-7-2026 افراد.docx,,2026/7/3/3..docx,,2026/7/3/اعداد الخدمات يوم 3-7-2026.docx,,,,2026/7/3/أمر خدمة يوم 3-7-2026.docx,,2026/7/3/ماتش.docx,STALE,2026/7/3/انتشار مباراة مصر واستراليا.docx,,,,2026/7/3/داتا افراد.docx,STALE,roster_v4_rest,match: chosen own-folder document has a different date (2026-06-08); ref_personnel: chosen own-folder document has a different date (2026-03-01),
2026-07-04,2026/7/4/4-7-2026.docx,,,,2026/7/4/4.docx,,2026/7/4/4-7-2026 افراد.docx,,2026/7/4/4..docx,,2026/7/4/اعداد الخدمات يوم 4-7-2026.docx,,,,2026/7/4/أمر خدمة يوم 4-7-2026.docx,,2026/7/4/ماتش.docx,STALE,,,,,2026/7/4/داتا افراد.docx,,roster_v4_rest,match: chosen own-folder document has a different date (2026-06-08); ref_personnel: chosen own-folder document has a different date (2026-03-01),
2026-07-05,2026/7/5/5-7-2026.docx,,,,2026/7/5/5.docx,,2026/7/5/5-7-2026 افراد.docx,,2026/7/5/5..docx,,2026/7/5/اعداد الخدمات يوم 5-7-2026.docx,,,,2026/7/5/أمر خدمة يوم 5-7-2026.docx,,2026/7/5/ماتش.docx,STALE,,,,,2026/7/5/داتا افراد.docx,STALE,roster_v4_rest,match: chosen own-folder document has a different date (2026-06-08); ref_personnel: chosen own-folder document has a different date (2026-03-01),
2026-07-06,2026/7/6/6-7-2026.docx,,,,2026/7/6/6.docx,,2026/7/6/6-7-2026 افراد.docx,,2026/7/6/6..docx,,2026/7/6/اعداد الخدمات يوم 6-7-2026.docx,,,,2026/7/6/أمر خدمة يوم 6-7-2026.docx,,2026/7/6/ماتش.docx,STALE,,,,,2026/7/6/داتا افراد.docx,STALE,roster_v4_rest,match: chosen own-folder document has a different date (2026-06-08); ref_personnel: chosen own-folder document has a different date (2026-03-01),
2026-07-07,2026/7/7/7-7-2026.docx,,,,2026/7/7/7.docx,,2026/7/7/7-7-2026 افراد.docx,,2026/7/7/7..docx,,2026/7/7/اعداد الخدمات يوم 7-7-2026.docx,,,,2026/7/7/أمر خدمة يوم 7-7-2026.docx,,2026/7/7/ماتش.docx,STALE,,,,,2026/7/7/داتا افراد.docx,STALE,roster_v4_rest,match: chosen own-folder document has a different date (2026-06-08); ref_personnel: chosen own-folder document has a different date (2026-03-01),
2026-07-08,2026/7/8/8-7-2026.docx,,,,2026/7/8/8.docx,,2026/7/8/8-7-2026 افراد.docx,,2026/7/8/8..docx,,2026/7/8/اعداد الخدمات يوم 8-7-2026.docx,,,,2026/7/8/أمر خدمة يوم 8-7-2026.docx,,2026/7/8/ماتش.docx,STALE,,,,,2026/7/8/داتا افراد.docx,STALE,roster_v4_rest,match: chosen own-folder document has a different date (2026-06-08); ref_personnel: chosen own-folder document has a different date (2026-03-01),
2026-07-09,2026/7/9/9-7-2026.docx,,,,2026/7/9/9.docx,,2026/7/9/9-7-2026 افراد.docx,,2026/7/9/9..docx,,2026/7/9/اعداد الخدمات يوم 9-7-2026.docx,,,,2026/7/9/أمر خدمة يوم 9-7-2026.docx,,2026/7/9/ماتش.docx,STALE,,,,,2026/7/9/داتا افراد.docx,STALE,roster_v4_rest,match: chosen own-folder document has a different date (2026-06-08); ref_personnel: chosen own-folder document has a different date (2026-03-01),
2026-07-10,2026/7/10/10-7-2026.docx,,,,2026/7/10/10.docx,,2026/7/10/10-7-2026 افراد.docx,,2026/7/10/10 يومية جديدة.docx,,2026/7/10/اعداد الخدمات يوم 10-7-2026.docx,,,,2026/7/10/أمر خدمة يوم 9-7-2026.docx,,2026/7/10/ماتش.docx,STALE,,,,,2026/7/10/داتا افراد.docx,STALE,roster_v4_rest,duty_list: 2026/7/10/9..docx; command_order: chosen own-folder document has a different date (2026-07-09); match: chosen own-folder document has a different date (2026-06-08); ref_personnel: chosen own-folder document has a different date (2026-03-01),
2026-07-11,2026/7/11/11-7-2026.docx,,,,2026/7/11/11.docx,,2026/7/11/11-7-2026 افراد.docx,,2026/7/11/11..docx,,2026/7/11/اعداد الخدمات يوم 11-7-2026.docx,,,,2026/7/11/أمر خدمة يوم 11-7-2026.docx,,2026/7/11/ماتش.docx,STALE,,,,,2026/7/11/داتا افراد.docx,,roster_v4_rest,match: chosen own-folder document has a different date (2026-06-08),
2026-07-12,2026/7/12/12-7-2026.docx,,,,2026/7/12/12.docx,,2026/7/12/12-7-2026 افراد.docx,,2026/7/12/11..docx,STALE,2026/7/12/اعداد الخدمات يوم 12-7-2026.docx,,,,2026/7/12/أمر خدمة يوم 12-7-2026.docx,,2026/7/12/ماتش.docx,STALE,,,,,2026/7/12/داتا افراد.docx,,roster_v4_rest,duty_list: 2026/7/12/12 يومية جديدة.docx; duty_list: chosen own-folder document has a different date (2026-07-11); match: chosen own-folder document has a different date (2026-06-08),
2026-07-13,2026/7/13/13-7-2026.docx,,,,2026/7/13/13.docx,,2026/7/13/13-7-2026 افراد.docx,,2026/7/13/11..docx,STALE,2026/7/13/اعداد الخدمات يوم 13-7-2026.docx,,,,2026/7/13/أمر خدمة يوم 13-7-2026.docx,,2026/7/13/ماتش.docx,STALE,,,,,2026/7/13/داتا افراد.docx,,roster_v4_rest,duty_list: 2026/7/13/13 يومية جديدة.docx; duty_list: chosen own-folder document has a different date (2026-07-11); match: chosen own-folder document has a different date (2026-06-08),
2026-07-14,2026/7/14/14-7-2026.docx,,,,2026/7/14/14.docx,,2026/7/14/14-7-2026 افراد.docx,,2026/7/14/11..docx,STALE,2026/7/14/اعداد الخدمات يوم 14-7-2026.docx,,,,2026/7/14/أمر خدمة يوم 14-7-2026.docx,,2026/7/14/ماتش.docx,STALE,,,,,2026/7/14/داتا افراد.docx,STALE,roster_v4_rest,duty_list: 2026/7/14/14 يومية جديدة.docx; duty_list: chosen own-folder document has a different date (2026-07-11); match: chosen own-folder document has a different date (2026-06-08),
2026-07-15,2026/7/15/15-7-2026.docx,,,,2026/7/15/15.docx,,2026/7/15/15-7-2026 افراد.docx,,2026/7/15/11..docx,STALE,2026/7/15/اعداد الخدمات يوم 15-7-2026.docx,,,,2026/7/15/أمر خدمة يوم 15-7-2026.docx,,2026/7/15/ماتش.docx,STALE,,,,,2026/7/15/داتا افراد.docx,STALE,roster_v4_rest,duty_list: 2026/7/15/15 يومية جديدة.docx; duty_list: chosen own-folder document has a different date (2026-07-11); counts: chosen own-folder document has a different date (2026-07-14); match: chosen own-folder document has a different date (2026-06-08),
2026-07-16,2026/7/16/16-7-2026.docx,,,,2026/7/16/16.docx,,2026/7/16/16-7-2026 افراد.docx,,2026/7/16/11..docx,STALE,2026/7/16/اعداد الخدمات يوم 16-7-2026.docx,,,,2026/7/16/أمر خدمة يوم 16-7-2026.docx,,2026/7/16/ماتش.docx,STALE,,,,,2026/7/16/داتا افراد.docx,STALE,roster_v4_rest,duty_list: 2026/7/16/16يومية جديدة.docx; duty_list: chosen own-folder document has a different date (2026-07-11); match: chosen own-folder document has a different date (2026-06-08),
2026-07-17,2026/7/17/17-7-2026.docx,,,,2026/7/17/17.docx,,2026/7/17/17-7-2026 افراد.docx,,2026/7/17/11..docx,STALE,2026/7/17/اعداد الخدمات يوم 17-7-2026.docx,,,,2026/7/17/أمر خدمة يوم 17-7-2026.docx,,2026/7/17/ماتش.docx,STALE,,,,,2026/7/17/داتا افراد.docx,STALE,roster_v4_rest,duty_list: 2026/7/17/يومية جديده 17.docx; duty_list: chosen own-folder document has a different date (2026-07-11); match: chosen own-folder document has a different date (2026-06-08),
2026-07-18,2026/7/18/18-7-2026.docx,,,,2026/7/18/18.docx,,2026/7/18/18-7-2026 افراد.docx,,2026/7/18/11..docx,STALE,2026/7/18/اعداد الخدمات يوم 18-7-2026.docx,,,,2026/7/18/أمر خدمة يوم 18-7-2026.docx,,2026/7/18/ماتش.docx,STALE,,,,,2026/7/18/داتا افراد.docx,,roster_v4_rest,duty_list: 2026/7/18/يومية جديده 18.docx; duty_list: chosen own-folder document has a different date (2026-07-11); match: chosen own-folder document has a different date (2026-06-08),
2026-07-19,2026/7/19/19-7-2026.docx,,,,2026/7/19/19.docx,,2026/7/19/19-7-2026 افراد.docx,,2026/7/19/19..docx,,2026/7/19/اعداد الخدمات يوم 19-7-2026.docx,,,,2026/7/19/أمر خدمة يوم 19-7-2026.docx,,2026/7/19/ماتش.docx,STALE,,,,,2026/7/19/داتا افراد.docx,,roster_v4_rest,counts: chosen own-folder document has a different date (2026-07-18); match: chosen own-folder document has a different date (2026-06-08),
2026-07-20,2026/7/20/20-7-2026.docx,,,,2026/7/20/20.docx,,2026/7/20/20-7-2026 افراد.docx,,2026/7/20/20..docx,,2026/7/20/اعداد الخدمات يوم 20-7-2026.docx,,,,2026/7/20/أمر خدمة يوم 20-7-2026.docx,,2026/7/20/ماتش.docx,STALE,,,,,2026/7/20/داتا افراد.docx,STALE,roster_v4_rest,match: chosen own-folder document has a different date (2026-06-08),
2026-07-21,2026/7/21/21-7-2026.docx,,,,2026/7/21/21.docx,,2026/7/21/21-7-2026 افراد.docx,,2026/7/21/21..docx,,2026/7/21/اعداد الخدمات يوم 21-7-2026.docx,,,,2026/7/21/أمر خدمة يوم 21-7-2026.docx,,2026/7/21/ماتش.docx,STALE,,,,,2026/7/21/داتا افراد.docx,STALE,roster_v4_rest,match: chosen own-folder document has a different date (2026-06-08),
2026-07-22,2026/7/22/22-7-2026.docx,,,,2026/7/22/22.docx,,2026/7/22/22-7-2026 افراد.docx,,2026/7/22/22..docx,,2026/7/22/اعداد الخدمات يوم 22-7-2026.docx,,,,2026/7/22/أمر خدمة يوم 22-7-2026.docx,,2026/7/22/ماتش.docx,STALE,,,,,2026/7/22/داتا افراد.docx,STALE,roster_v4_rest,match: chosen own-folder document has a different date (2026-06-08),
2026-07-23,2026/7/23/23-7-2026.docx,,,,2026/7/23/23.docx,,2026/7/23/23-7-2026 افراد.docx,,2026/7/23/23..docx,,2026/7/23/اعداد الخدمات يوم 23-7-2026.docx,,,,2026/7/23/أمر خدمة يوم 23-7-2026.docx,,2026/7/23/ماتش.docx,STALE,,,,,2026/7/23/داتا افراد.docx,STALE,roster_v4_rest,match: chosen own-folder document has a different date (2026-06-08),
2026-07-24,2026/7/24/24-7-2026.docx,,,,2026/7/24/24.docx,,2026/7/24/24-7-2026 افراد.docx,,2026/7/24/24..docx,,2026/7/24/اعداد الخدمات يوم 24-7-2026.docx,,,,2026/7/24/أمر خدمة يوم 2-7-2026.docx,,2026/7/24/ماتش.docx,STALE,,,,,2026/7/24/داتا افراد.docx,STALE,roster_v4_rest,command_order: chosen own-folder document has a different date (2026-07-02); match: chosen own-folder document has a different date (2026-06-08),
2026-07-25,2026/7/25/25-7-2026.docx,,,,2026/7/25/25.docx,,2026/7/25/25-7-2026 افراد.docx,,2026/7/25/25..docx,,2026/7/25/اعداد الخدمات يوم 25-7-2026.docx,,,,2026/7/25/أمر خدمة يوم 25-7-2026.docx,,2026/7/25/ماتش.docx,STALE,,,,,2026/7/25/داتا افراد.docx,STALE,roster_v4_rest,match: chosen own-folder document has a different date (2026-06-08),
2026-07-26,2026/7/26/26-7-2026.docx,,,,2026/7/26/26.docx,,2026/7/26/26-7-2026 افراد.docx,,2026/7/26/.26.docx,,2026/7/26/اعداد الخدمات يوم 26-7-2026.docx,,,,2026/7/26/أمر خدمة يوم 26-7-2026.docx,,2026/7/26/ماتش.docx,STALE,,,,,2026/7/26/داتا افراد.docx,,roster_v4_rest,counts: 2026/7/26/اعداد الخدمات يوم 26-7-2026.xlsx; match: chosen own-folder document has a different date (2026-06-08),
2026-07-27,2026/7/27/27-7-2026.docx,,,,2026/7/27/27.docx,,2026/7/27/27-7-2026 افراد.docx,,2026/7/27/.27.docx,,2026/7/27/اعداد الخدمات يوم 27-7-2026.xlsx,,,,2026/7/27/أمر خدمة يوم 27-7-2026.docx,,2026/7/27/ماتش.docx,STALE,,,,,2026/7/27/داتا افراد.docx,,roster_v4_rest,match: chosen own-folder document has a different date (2026-06-08); ref_personnel: chosen own-folder document has a different date (2026-07-26),
2026-07-28,2026/7/28/28-7-2026.docx,,,,2026/7/28/28.docx,,2026/7/28/28-7-2026 افراد.docx,,2026/7/28/.28.docx,,2026/7/28/اعداد الخدمات يوم 28-7-2026.xlsx,,,,2026/7/28/أمر خدمة يوم 28-7-2026.docx,,2026/7/28/ماتش.docx,STALE,,,,,2026/7/28/داتا افراد.docx,,roster_v4_rest,match: chosen own-folder document has a different date (2026-06-08); ref_personnel: chosen own-folder document has a different date (2026-07-26),
2026-07-29,2026/7/29/29-7-2026.docx,,,,2026/7/29/29.docx,,2026/7/29/29-7-2026 افراد.docx,,2026/7/29/29..docx,,2026/7/29/اعداد الخدمات يوم 29-7-2026.xlsx,,,,2026/7/29/أمر خدمة يوم 29-7-2026.docx,,2026/7/29/ماتش.docx,STALE,,,,,2026/7/29/داتا افراد.docx,,roster_temporary_variant,match: chosen own-folder document has a different date (2026-06-08); ref_personnel: chosen own-folder document has a different date (2026-07-26),
2026-07-30,2026/7/30/30-7-2026.docx,,,,2026/7/30/30.docx,,2026/7/30/30-7-2026 افراد.docx,,2026/7/30/30..docx,,2026/7/30/اعداد الخدمات يوم 30-7-2026.xlsx,,,,2026/7/30/أمر خدمة يوم 30-7-2026.docx,,2026/7/30/ماتش.docx,STALE,,,,,2026/7/30/داتا افراد.docx,,roster_temporary_variant,match: chosen own-folder document has a different date (2026-06-08); ref_personnel: chosen own-folder document has a different date (2026-07-26),
2026-07-31,2026/7/31/31-7-2026.docx,,,,2026/7/31/31.docx,,2026/7/31/31-7-2026 افراد.docx,,2026/7/31/31..docx,,2026/7/31/اعداد الخدمات يوم 31-7-2026.xlsx,,,,2026/7/31/أمر خدمة يوم 31-7-2026.docx,,2026/7/31/ماتش.docx,STALE,,,,,2026/7/31/داتا افراد.docx,,roster_temporary_variant,match: chosen own-folder document has a different date (2026-06-08); ref_personnel: chosen own-folder document has a different date (2026-07-26),
2026-08-01,2026/8/1/1-8-2026.docx,,,,2026/8/1/1.docx,,2026/8/1/1-8-2026 افراد.docx,,2026/8/1/1..docx,,2026/8/1/اعداد الخدمات يوم 1-8-2026.xlsx,,,,2026/8/1/أمر خدمة يوم 1-8-2026.docx,,2026/8/1/ماتش.docx,STALE,,,,,2026/8/1/داتا افراد.docx,,roster_v4_rest,match: chosen own-folder document has a different date (2026-06-08); ref_personnel: chosen own-folder document has a different date (2026-07-26),
2026-08-02,2026/8/2/2-8-2026.docx,,,,2026/8/2/2.docx,,2026/8/2/2-8-2026 افراد.docx,,2026/8/2/2..docx,,2026/8/2/اعداد الخدمات يوم 2-8-2026.xlsx,,,,2026/8/2/أمر خدمة يوم 2-8-2026.docx,,2026/8/2/ماتش.docx,STALE,,,,,2026/8/2/داتا افراد.docx,,roster_v4_rest,match: chosen own-folder document has a different date (2026-06-08); ref_personnel: chosen own-folder document has a different date (2026-07-26),
2026-08-03,2026/8/3/3-8-2026.docx,,,,2026/8/3/3.docx,,2026/8/3/3-8-2026 افراد.docx,,2026/8/3/3..docx,,2026/8/3/اعداد الخدمات يوم 3-8-2026.xlsx,,,,2026/8/3/أمر خدمة يوم 3-8-2026.docx,,2026/8/3/ماتش.docx,STALE,,,,,2026/8/3/داتا افراد.docx,,roster_v4_rest,match: chosen own-folder document has a different date (2026-06-08); ref_personnel: chosen own-folder document has a different date (2026-07-26),
2026-08-04,2026/8/4/4-8-2026.docx,,,,2026/8/4/4.docx,,2026/8/4/4-8-2026 افراد.docx,,2026/8/4/4..docx,,2026/8/4/اعداد الخدمات يوم 4-8-2026.xlsx,,,,2026/8/4/أمر خدمة يوم 4-8-2026.docx,,2026/8/4/ماتش.docx,STALE,,,,,2026/8/4/داتا افراد.docx,STALE,roster_temporary_variant,match: chosen own-folder document has a different date (2026-06-08); ref_personnel: chosen own-folder document has a different date (2026-07-26),
2026-08-05,2026/8/5/5-8-2026.docx,,,,2026/8/5/5.docx,,2026/8/5/5-8-2026 افراد.docx,,2026/8/5/5..docx,,2026/8/5/اعداد الخدمات يوم 5-8-2026.xlsx,,,,2026/8/5/أمر خدمة يوم 5-8-2026.docx,,2026/8/5/ماتش.docx,STALE,,,,,2026/8/5/داتا افراد.docx,,roster_temporary_variant,board: 2026/8/5/يومية فارغة.docx; match: chosen own-folder document has a different date (2026-06-08); ref_personnel: chosen own-folder document has a different date (2026-07-26),
2026-08-06,2026/8/6/6-8-2026.docx,,,,2026/8/6/6.docx,,2026/8/6/6-8-2026 افراد.docx,,2026/8/6/6..docx,,2026/8/6/اعداد الخدمات يوم 6-8-2026.xlsx,,,,2026/8/6/أمر خدمة يوم 5-8-2026.docx,,2026/8/6/ماتش.docx,STALE,,,,,2026/8/6/داتا افراد.docx,STALE,roster_temporary_variant,board: 2026/8/6/يومية فارغة.docx; command_order: chosen own-folder document has a different date (2026-08-05); match: chosen own-folder document has a different date (2026-06-08); ref_personnel: chosen own-folder document has a different date (2026-07-26),
2026-08-07,2026/8/7/7-8-2026.docx,,,,2026/8/7/7.docx,,2026/8/7/7-8-2026 افراد.docx,,2026/8/7/7..docx,,2026/8/7/اعداد الخدمات يوم 7-8-2026.xlsx,,,,2026/8/7/أمر خدمة يوم 7-8-2026.docx,,2026/8/7/ماتش.docx,STALE,,,,,2026/8/7/ارقام الافراد.docx,,roster_temporary_variant,board: 2026/8/7/يومية فارغة.docx; match: chosen own-folder document has a different date (2026-06-08); ref_personnel: 2026/8/7/داتا افراد.docx,
2026-08-08,2026/8/8/8-8-2026.docx,,,,2026/8/8/8.docx,,2026/8/8/8-8-2026 افراد.docx,,2026/8/8/8..docx,,2026/8/8/اعداد الخدمات يوم 8-8-2026.xlsx,,,,2026/8/8/أمر خدمة يوم 8-8-2026.docx,,2026/8/8/ماتش.docx,STALE,,,,,2026/8/8/ارقام الافراد.docx,STALE,roster_temporary_variant,board: 2026/8/8/يومية فارغة.docx; counts: chosen own-folder document has a different date (2026-08-07); match: chosen own-folder document has a different date (2026-06-08); ref_personnel: 2026/8/8/داتا افراد.docx,
2026-08-09,2026/8/9/9-8-2026.docx,,,,2026/8/9/9.docx,,2026/8/9/9-8-2026 افراد.docx,,2026/8/9/9..docx,,2026/8/9/اعداد الخدمات يوم 9-8-2026.xlsx,,,,2026/8/9/أمر خدمة يوم 9-8-2026.docx,,,,,,2026/8/9/ارقام الضباط.docx,,2026/8/9/ارقام الافراد.docx,STALE,roster_v4_rest,ref_personnel: 2026/8/9/داتا افراد.docx,
2026-08-10,2026/8/10/10-8-2026.docx,,,,2026/8/10/10.docx,,2026/8/10/10-8-2026 افراد.docx,,2026/8/10/10..docx,,2026/8/10/اعداد الخدمات يوم 10-8-2026.xlsx,,,,2026/8/10/أمر خدمة يوم 10-8-2026.docx,,,,,,2026/8/10/ارقام الضباط.docx,STALE,2026/8/10/داتا افراد.docx,,roster_v4_rest,ref_officers: chosen own-folder document has a different date (2026-08-09),
2026-08-11,2026/8/11/11-8-2026.docx,,,,2026/8/11/11.docx,,2026/8/11/11-8-2026 افراد.docx,,2026/8/11/11..docx,,2026/8/11/اعداد الخدمات يوم 11-8-2026.xlsx,,,,2026/8/11/أمر خدمة يوم 11-8-2026.docx,,,,,,2026/8/11/ارقام الضباط.docx,STALE,2026/8/11/ارقام الافراد.docx,,roster_v4_rest,ref_officers: chosen own-folder document has a different date (2026-08-09); ref_personnel: 2026/8/11/داتا افراد.docx,
2026-08-12,2026/8/12/12-8-2026.docx,,,,2026/8/12/12.docx,,2026/8/12/12-8-2026 افراد.docx,,2026/8/12/12..docx,,2026/8/12/اعداد الخدمات يوم 12-8-2026.xlsx,,,,2026/8/12/أمر خدمة يوم 11-8-2026.docx,,,,,,2026/8/12/ارقام الضباط.docx,STALE,2026/8/12/ارقام الافراد.docx,STALE,roster_v4_rest,board: 2026/8/12/يومية فارغة.docx; command_order: chosen own-folder document has a different date (2026-08-11); ref_officers: chosen own-folder document has a different date (2026-08-09); ref_personnel: 2026/8/12/داتا افراد.docx,
2026-08-13,2026/8/13/13-8-2026.docx,,,,2026/8/13/13.docx,,2026/8/13/13-8-2026 افراد.docx,,2026/8/13/13..docx,,2026/8/13/اعداد الخدمات يوم 13-8-2026.xlsx,,,,2026/8/13/أمر خدمة يوم 13-8-2026.docx,,,,,,2026/8/13/ارقام الضباط.docx,STALE,2026/8/13/ارقام الافراد.docx,,roster_v4_rest,board: 2026/8/13/يومية فارغة.docx; ref_officers: chosen own-folder document has a different date (2026-08-09); ref_personnel: 2026/8/13/داتا افراد.docx,
2026-08-14,2026/8/14/14-8-2026.docx,,,,2026/8/14/14.docx,,2026/8/14/14-8-2026 افراد.docx,,2026/8/14/14..docx,,2026/8/14/اعداد الخدمات يوم 14-8-2026.xlsx,,,,2026/8/14/أمر خدمة يوم 13-8-2026.docx,,,,,,2026/8/14/ارقام الضباط.docx,,2026/8/14/ارقام الافراد.docx,,roster_v4_rest,board: 2026/8/14/يومية فارغة.docx; duty_list: 2026/8/14/يومية اظامات خطة الانتشار.docx; command_order: chosen own-folder document has a different date (2026-08-13); ref_personnel: 2026/8/14/داتا افراد.docx,
2026-08-15,2026/8/15/15-8-2026.docx,,,,2026/8/15/15.docx,,2026/8/15/15-8-2026 افراد.docx,,2026/8/15/15..docx,,2026/8/15/اعداد الخدمات يوم 15-8-2026.xlsx,,,,2026/8/15/أمر خدمة يوم 15-8-2026.docx,,,,,,2026/8/15/ارقام الضباط.docx,STALE,2026/8/15/ارقام الافراد.docx,,roster_v4_rest,board: 2026/8/15/يومية فارغة.docx; ref_personnel: 2026/8/15/داتا افراد.docx,
2026-08-16,2026/8/16/16-8-2026.docx,,,,2026/8/16/16.docx,,2026/8/16/16-8-2026 افراد.docx,,2026/8/16/16..docx,,2026/8/16/اعداد الخدمات يوم 16-8-2026.xlsx,,,,2026/8/16/أمر خدمة يوم 16-8-2026.docx,,,,,,2026/8/16/ارقام الضباط.docx,,2026/8/16/ارقام الافراد.docx,STALE,roster_v4_rest,board: 2026/8/16/يومية فارغة.docx; ref_personnel: 2026/8/16/داتا افراد.docx,
2026-08-17,2026/8/17/17-8-2026.docx,,,,2026/8/17/17.docx,,2026/8/17/17-8-2026 افراد.docx,,2026/8/17/17..docx,,2026/8/17/اعداد الخدمات يوم 17-8-2026.xlsx,,,,2026/8/17/أمر خدمة يوم 17-8-2026.docx,,,,,,2026/8/17/ارقام الضباط.docx,,2026/8/17/ارقام الافراد.docx,STALE,roster_v4_rest,board: 2026/8/17/يومية فارغة.docx; ref_personnel: 2026/8/17/داتا افراد.docx,
2026-08-18,2026/8/18/18-8-2026.docx,,,,2026/8/18/18.docx,,2026/8/18/18-8-2026 افراد.docx,,2026/8/18/18..docx,,2026/8/18/اعداد الخدمات يوم 18-8-2026.xlsx,,,,2026/8/18/أمر خدمة يوم 18-8-2026.docx,,,,,,2026/8/18/ارقام الضباط.docx,STALE,2026/8/18/ارقام الافراد.docx,STALE,roster_v4_rest,board: 2026/8/18/يومية فارغة.docx; ref_personnel: 2026/8/18/داتا افراد.docx,
2026-08-19,2026/8/19/19-8-2026.docx,,,,2026/8/19/19.docx,,2026/8/19/19-8-2026 افراد.docx,,2026/8/19/19..docx,,2026/8/19/اعداد الخدمات يوم 19-8-2026.xlsx,,,,2026/8/19/أمر خدمة يوم 19-8-2026.docx,,,,,,2026/8/19/ارقام الضباط.docx,STALE,2026/8/19/ارقام الافراد.docx,STALE,roster_v4_rest,board: 2026/8/19/يومية فارغة.docx; ref_personnel: 2026/8/19/داتا افراد.docx,
2026-08-20,2026/8/20/20-8-2026.docx,,,,2026/8/20/20.docx,,2026/8/20/20-8-2026 افراد.docx,,2026/8/20/20..docx,,2026/8/20/اعداد الخدمات يوم 20-8-2026.xlsx,,,,2026/8/20/أمر خدمة يوم 20-8-2026.docx,,,,,,2026/8/20/ارقام الضباط.docx,STALE,2026/8/20/ارقام الافراد.docx,STALE,roster_v4_rest,board: 2026/8/20/يومية فارغة.docx; ref_personnel: 2026/8/20/داتا افراد.docx,
2026-08-21,2026/8/21/21-8-2026.docx,,,,2026/8/21/21.docx,,2026/8/21/21-8-2026 افراد.docx,,2026/8/21/21..docx,,2026/8/21/اعداد الخدمات يوم 21-8-2026.xlsx,,,,2026/8/21/أمر خدمة يوم 21-8-2026.docx,,,,,,2026/8/21/ارقام الضباط.docx,,2026/8/21/ارقام الافراد.docx,STALE,roster_v4_rest,board: 2026/8/21/يومية فارغة.docx; duty_list: 2026/8/21/خطة انتشار الجمعة.docx; ref_personnel: 2026/8/21/داتا افراد.docx,
2026-08-22,2026/8/22/22-8-2026.docx,,,,2026/8/22/22.docx,,2026/8/22/22-8-2026 افراد.docx,,2026/8/22/22..docx,,2026/8/22/اعداد الخدمات يوم 22-8-2026.xlsx,,,,2026/8/22/أمر خدمة يوم 22-8-2026.docx,,,,,,2026/8/22/ارقام الضباط.docx,STALE,2026/8/22/ارقام الافراد.docx,STALE,roster_v4_rest,board: 2026/8/22/يومية فارغة.docx; duty_list: 2026/8/22/خطة انتشار المباراة.docx; ref_personnel: 2026/8/22/داتا افراد.docx,
2026-08-23,2026/8/23/23-8-2026.docx,,,,2026/8/23/23.docx,,2026/8/23/23-8-2026 افراد.docx,,2026/8/23/23..docx,,2026/8/23/اعداد الخدمات يوم 23-8-2026.xlsx,,,,2026/8/23/أمر خدمة يوم 23-8-2026.docx,,,,,,2026/8/23/ارقام الضباط.docx,STALE,2026/8/23/ارقام الافراد.docx,STALE,roster_v4_rest,board: 2026/8/23/يومية فارغة.docx; ref_personnel: 2026/8/23/داتا افراد.docx,
2026-08-24,2026/8/24/24-8-2026.docx,,,,2026/8/24/24.docx,,2026/8/24/24-8-2026 افراد.docx,,2026/8/24/24..docx,,2026/8/24/اعداد الخدمات يوم 24-8-2026.xlsx,,,,2026/8/24/أمر خدمة يوم 24-8-2026.docx,,,,,,2026/8/24/ارقام الضباط.docx,STALE,2026/8/24/ارقام الافراد.docx,,roster_v4_rest,board: 2026/8/24/يومية فارغة.docx; ref_personnel: 2026/8/24/داتا افراد.docx,
2026-08-25,2026/8/25/25-8-2026.docx,,,,2026/8/25/25.docx,,2026/8/25/25-8-2026 افراد.docx,,2026/8/25/25..docx,,2026/8/25/اعداد الخدمات يوم 25-8-2026.xlsx,,,,2026/8/25/أمر خدمة يوم 25-8-2026.docx,,,,,,2026/8/25/ارقام الضباط.docx,STALE,2026/8/25/ارقام الافراد.docx,STALE,roster_v4_rest,board: 2026/8/25/يومية فارغة.docx; ref_personnel: 2026/8/25/داتا افراد.docx,
2026-08-26,2026/8/26/26-8-2026.docx,,,,2026/8/26/26.docx,,2026/8/26/26-8-2026 افراد.docx,,2026/8/26/26..docx,,2026/8/26/اعداد الخدمات يوم 26-8-2026.xlsx,,,,2026/8/26/أمر خدمة يوم 26-8-2026.docx,,,,,,2026/8/26/ارقام الضباط.docx,STALE,2026/8/26/ارقام الافراد.docx,,roster_v4_rest,board: 2026/8/26/يومية فارغة.docx; duty_list: 2026/8/26/خطة انتشار الماتش.docx; ref_personnel: 2026/8/26/داتا افراد.docx,
2026-08-27,2026/8/27/27-8-2026.docx,,,,2026/8/27/27.docx,,2026/8/27/27-8-2026 افراد.docx,,2026/8/27/27..docx,,2026/8/27/اعداد الخدمات يوم 27-8-2026.xlsx,,,,2026/8/27/أمر خدمة يوم 27-8-2026.docx,,2026/8/27/ماتش.docx,,,,2026/8/27/ارقام الضباط.docx,STALE,2026/8/27/ارقام الافراد.docx,,roster_v4_rest,board: 2026/8/27/يومية فارغة.docx; duty_list: 2026/8/27/خطة انتشار الماتش.docx; counts: chosen own-folder document has a different date (2026-08-26); ref_personnel: 2026/8/27/داتا افراد.docx,
2026-08-28,2026/8/28/28-8-2026.docx,,,,2026/8/28/28.docx,,2026/8/28/28-8-2026 افراد.docx,,2026/8/28/.28.docx,,2026/8/28/اعداد الخدمات يوم 28-8-2026.xlsx,,,,2026/8/28/أمر خدمة يوم 28-8-2026.docx,,2026/8/28/ماتش.docx,STALE,,,2026/8/28/ارقام الضباط.docx,STALE,2026/8/28/ارقام الافراد.docx,STALE,roster_v4_rest,board: 2026/8/28/يومية فارغة.docx; duty_list: 2026/8/28/خطة انتشار الماتش.docx | 2026/8/28/خطة انتشار.docx; counts: chosen own-folder document has a different date (2026-08-27); ref_personnel: 2026/8/28/داتا افراد.docx,
2026-08-29,2026/8/29/29-8-2026.docx,,,,2026/8/29/29.docx,,2026/8/29/30-8-2026 افراد.docx,,2026/8/29/.29.docx,,2026/8/29/اعداد الخدمات يوم 29-8-2026.xlsx,,,,2026/8/29/أمر خدمة يوم 29-8-2026.docx,,2026/8/29/ماتش.docx,STALE,,,2026/8/29/ارقام الضباط.docx,,2026/8/29/ارقام الافراد.docx,STALE,roster_v4_rest,board: 2026/8/29/يومية فارغة.docx; afraad: chosen own-folder document has a different date (2026-08-30); duty_list: 2026/8/29/خطة انتشار الماتش.docx | 2026/8/29/خطة انتشار.docx; ref_personnel: 2026/8/29/داتا افراد.docx,
2026-08-30,2026/8/30/30-8-2026.docx,,,,2026/8/30/30.docx,,2026/8/30/30-8-2026 افراد.docx,,2026/8/30/.30.docx,,2026/8/30/اعداد الخدمات يوم 30-8-2026.xlsx,,,,2026/8/30/أمر خدمة يوم 30-8-2026.docx,,2026/8/30/ماتش.docx,STALE,,,2026/8/30/ارقام الضباط.docx,,2026/8/30/ارقام الافراد.docx,STALE,roster_v4_rest,board: 2026/8/30/يومية فارغة.docx; duty_list: 2026/8/30/خطة انتشار الماتش.docx | 2026/8/30/خطة انتشار.docx; ref_personnel: 2026/8/30/داتا افراد.docx,
2026-08-31,2026/8/31/31-8-2026.docx,,,,2026/8/31/31.docx,,2026/8/31/31-8-2026 افراد.docx,,2026/8/31/31..docx,,2026/8/31/اعداد الخدمات يوم 31-8-2026.xlsx,,,,2026/8/31/أمر خدمة يوم 31-8-2026.docx,,2026/8/31/ماتش.docx,,,,2026/8/31/ارقام الضباط.docx,STALE,2026/8/31/ارقام الافراد.docx,,roster_v4_rest,board: 2026/8/31/يومية فارغة.docx; afraad: chosen own-folder document has a different date (2026-09-01); duty_list: 2026/8/31/خطة انتشار الماتش.docx | 2026/8/31/خطة انتشار.docx; ref_personnel: 2026/8/31/داتا افراد.docx,
2026-09-01,2026/9/1/1-9-2026.docx,,,,2026/9/1/1.docx,,2026/9/1/1-9-2026 افراد.docx,,2026/9/1/1..docx,,2026/9/1/اعداد الخدمات يوم 1-9-2026.xlsx,,,,2026/9/1/أمر خدمة يوم 1-9-2026.docx,,2026/9/1/ماتش.docx,,,,2026/9/1/ارقام الضباط.docx,STALE,2026/9/1/ارقام الافراد.docx,STALE,roster_v4_rest,board: 2026/9/1/يومية فارغة.docx; duty_list: 2026/9/1/خطة انتشار الماتش.docx | 2026/9/1/خطة انتشار.docx; ref_personnel: 2026/9/1/داتا افراد.docx,
2026-09-02,2026/9/2/2-9-2026.docx,,,,2026/9/2/2.docx,,2026/9/2/2-9-2026 افراد.docx,,2026/9/2/2..docx,,2026/9/2/اعداد الخدمات يوم 2-9-2026.xlsx,,,,2026/9/2/أمر خدمة يوم 2-9-2026.docx,,,,,,2026/9/2/ارقام الضباط.docx,STALE,2026/9/2/ارقام الافراد.docx,STALE,roster_v4_rest,board: 2026/9/2/يومية فارغة.docx; duty_list: 2026/9/2/خطة انتشار.docx; ref_personnel: 2026/9/2/داتا افراد.docx,
2026-09-03,2026/9/3/3-9-2026.docx,,,,2026/9/3/3.docx,,2026/9/3/3-9-2026 افراد.docx,,2026/9/3/3..docx,,2026/9/3/اعداد الخدمات يوم 3-9-2026.xlsx,,,,2026/9/3/أمر خدمة يوم 3-9-2026.docx,,,,,,2026/9/3/ارقام الضباط.docx,STALE,2026/9/3/ارقام الافراد.docx,STALE,roster_v4_rest,board: 2026/9/3/يومية فارغة.docx; duty_list: 2026/9/3/خطة انتشار.docx; ref_personnel: 2026/9/3/داتا افراد.docx,
2026-09-04,2026/9/4/4-9-2026.docx,,,,2026/9/4/4.docx,,2026/9/4/4-9-2026 افراد.docx,,2026/9/4/4..docx,,2026/9/4/اعداد الخدمات يوم 4-9-2026.xlsx,,,,2026/9/4/أمر خدمة يوم 4-9-2026.docx,,,,,,2026/9/4/ارقام الضباط.docx,,2026/9/4/ارقام الافراد.docx,STALE,roster_v4_rest,board: 2026/9/4/يومية فارغة.docx; duty_list: 2026/9/4/خطة انتشار.docx; ref_personnel: 2026/9/4/داتا افراد.docx,
2026-09-05,2026/9/5/5-9-2026.docx,,,,2026/9/5/5.docx,,2026/9/5/5-9-2026 افراد.docx,,2026/9/5/5..docx,,2026/9/5/اعداد الخدمات يوم 5-9-2026.xlsx,,,,2026/9/5/أمر خدمة يوم 5-9-2026.docx,,,,,,2026/9/5/ارقام الضباط.docx,STALE,2026/9/5/ارقام الافراد.docx,STALE,roster_v4_rest,board: 2026/9/5/يومية فارغة.docx; duty_list: 2026/9/5/خطة انتشار.docx; ref_personnel: 2026/9/5/داتا افراد.docx,
2026-09-06,2026/9/6/6-9-2026.docx,,,,2026/9/6/6.docx,,2026/9/6/6-9-2026 افراد.docx,,2026/9/6/6..docx,,2026/9/6/اعداد الخدمات يوم 6-9-2026.xlsx,,,,2026/9/6/أمر خدمة يوم 6-9-2026.docx,,,,,,2026/9/6/ارقام الضباط.docx,,2026/9/6/ارقام الافراد.docx,,roster_v4_rest,board: 2026/9/6/يومية فارغة.docx; duty_list: 2026/9/6/خطة انتشار.docx; ref_personnel: 2026/9/6/داتا افراد.docx,
2026-09-07,2026/9/7/7-9-2026.docx,,,,2026/9/7/7.docx,,2026/9/7/7-9-2026 افراد.docx,,2026/9/7/7..docx,,2026/9/7/اعداد الخدمات يوم 7-9-2026.xlsx,,,,2026/9/7/أمر خدمة يوم 7-9-2026.docx,,,,,,2026/9/7/ارقام الضباط.docx,STALE,2026/9/7/ارقام الافراد.docx,STALE,roster_v4_rest,board: 2026/9/7/يومية فارغة.docx; duty_list: 2026/9/7/خطة انتشار.docx; ref_personnel: 2026/9/7/داتا افراد.docx,
2026-09-08,2026/9/8/8-9-2026.docx,,,,2026/9/8/8.docx,,2026/9/8/8-9-2026 افراد.docx,,2026/9/8/8..docx,,2026/9/8/اعداد الخدمات يوم 8-9-2026.xlsx,,,,2026/9/8/أمر خدمة يوم 8-9-2026.docx,,,,,,2026/9/8/ارقام الضباط.docx,,2026/9/8/ارقام الافراد.docx,STALE,roster_v4_rest,board: 2026/9/8/يومية فارغة.docx; duty_list: 2026/9/8/خطة انتشار.docx; ref_personnel: 2026/9/8/داتا افراد.docx,
2026-09-09,2026/9/9/9-9-2026.docx,,,,2026/9/9/9.docx,,2026/9/9/9-9-2026 افراد.docx,,2026/9/9/8..docx,STALE,2026/9/9/اعداد الخدمات يوم 9-9-2026.xlsx,,,,2026/9/9/أمر خدمة يوم 9-9-2026.docx,,,,,,2026/9/9/ارقام الضباط.docx,STALE,2026/9/9/ارقام الافراد.docx,STALE,roster_v4_rest,board: 2026/9/9/يومية فارغة.docx; duty_list: 2026/9/9/9..docx | 2026/9/9/خطة انتشار.docx; ref_personnel: 2026/9/9/داتا افراد.docx,
2026-09-10,2026/9/10/10-9-2026.docx,,,,2026/9/10/10.docx,,2026/9/10/10-9-2026 افراد.docx,,2026/9/10/10..docx,,2026/9/10/اعداد الخدمات يوم 10-9-2026.xlsx,,,,2026/9/10/أمر خدمة يوم 10-9-2026.docx,,,,,,2026/9/10/ارقام الضباط.docx,STALE,2026/9/10/ارقام الافراد.docx,,roster_v4_rest,board: 2026/9/10/يومية فارغة.docx; duty_list: 2026/9/10/خطة انتشار.docx; ref_personnel: 2026/9/10/داتا افراد.docx,
2026-09-11,2026/9/11/11-9-2026.docx,,,,2026/9/11/11.docx,,2026/9/11/11-9-2026 افراد.docx,,2026/9/11/11..docx,,2026/9/11/اعداد الخدمات يوم 11-9-2026.xlsx,,,,2026/9/11/أمر خدمة يوم 11-9-2026.docx,,,,,,2026/9/11/ارقام الضباط.docx,,2026/9/11/ارقام الافراد.docx,STALE,roster_v4_rest,board: 2026/9/11/يومية فارغة.docx; duty_list: 2026/9/11/خطة انتشار.docx; ref_personnel: 2026/9/11/داتا افراد.docx,
2026-09-12,2026/9/12/12-9-2026.docx,,,,2026/9/12/12.docx,,2026/9/12/12-9-2026 افراد.docx,,2026/9/12/12..docx,,2026/9/12/اعداد الخدمات يوم 12-9-2026.xlsx,,,,2026/9/12/أمر خدمة يوم 12-9-2026.docx,,,,,,2026/9/12/ارقام الضباط.docx,STALE,2026/9/12/ارقام الافراد.docx,STALE,roster_v4_rest,board: 2026/9/12/يومية فارغة.docx; duty_list: 2026/9/12/خطة انتشار.docx; ref_personnel: 2026/9/12/داتا افراد.docx,
2026-09-13,2026/9/13/13-9-2026.docx,,,,2026/9/13/13.docx,,2026/9/13/13-9-2026 افراد.docx,,2026/9/13/13..docx,,2026/9/13/اعداد الخدمات يوم 13-9-2026.xlsx,,,,2026/9/13/أمر خدمة يوم 13-9-2026.docx,,,,,,2026/9/13/ارقام الضباط.docx,STALE,2026/9/13/ارقام الافراد.docx,STALE,roster_v4_rest,board: 2026/9/13/يومية فارغة.docx; duty_list: 2026/9/13/خطة انتشار.docx; ref_personnel: 2026/9/13/داتا افراد.docx,
2026-09-14,2026/9/14/14-9-2026.docx,,,,2026/9/14/14.docx,,2026/9/14/14-9-2026 افراد.docx,,2026/9/14/14..docx,,2026/9/14/اعداد الخدمات يوم 14-9-2026.xlsx,,,,2026/9/14/أمر خدمة يوم 14-9-2026.docx,,,,,,2026/9/14/ارقام الضباط.docx,,2026/9/14/ارقام الافراد.docx,STALE,roster_v4_rest,board: 2026/9/14/يومية فارغة.docx; duty_list: 2026/9/14/خطة انتشار.docx; ref_personnel: 2026/9/14/داتا افراد.docx,
2026-09-15,2026/9/15/15-9-2026.docx,,,,2026/9/15/15.docx,,2026/9/15/15-9-2026 افراد.docx,,2026/9/15/15..docx,,2026/9/15/اعداد الخدمات يوم 15-9-2026.xlsx,,,,2026/9/15/أمر خدمة يوم 15-9-2026.docx,,,,,,2026/9/15/ارقام الضباط.docx,STALE,2026/9/15/ارقام الافراد.docx,STALE,roster_v4_rest,board: 2026/9/15/يومية فارغة.docx; duty_list: 2026/9/15/خطة انتشار.docx; ref_personnel: 2026/9/15/داتا افراد.docx,
2026-09-16,2026/9/16/16-9-2026.docx,,,,2026/9/16/16.docx,,2026/9/16/16-9-2026 افراد.docx,,2026/9/16/16..docx,,2026/9/16/اعداد الخدمات يوم 16-9-2026.xlsx,,,,2026/9/16/أمر خدمة يوم 16-9-2026.docx,,,,,,2026/9/16/ارقام الضباط.docx,STALE,2026/9/16/ارقام الافراد.docx,STALE,roster_v4_rest,board: 2026/9/16/يومية فارغة.docx; duty_list: 2026/9/16/خطة انتشار.docx; ref_personnel: 2026/9/16/داتا افراد.docx,
2026-09-17,2026/9/17/17-9-2026.docx,,,,2026/9/17/يومية فارغة.docx,,2026/9/17/17-9-2026 افراد.docx,,2026/9/17/17..docx,,2026/9/17/اعداد الخدمات يوم 17-9-2026.xlsx,,,,2026/9/17/أمر خدمة يوم 17-9-2026.docx,,,,,,2026/9/17/ارقام الضباط.docx,STALE,2026/9/17/ارقام الافراد.docx,STALE,roster_v4_rest,duty_list: 2026/9/17/خطة انتشار.docx; ref_personnel: 2026/9/17/داتا افراد.docx,
2026-09-18,2026/9/18/18-9-2026.docx,,,,2026/9/18/18.docx,,2026/9/18/18-9-2026 افراد.docx,,2026/9/18/18..docx,,2026/9/18/اعداد الخدمات يوم 18-9-2026.xlsx,,,,2026/9/18/أمر خدمة يوم 18-9-2026.docx,,,,,,2026/9/18/ارقام الضباط.docx,,2026/9/18/ارقام الافراد.docx,STALE,roster_v4_rest,board: 2026/9/18/يومية فارغة.docx; duty_list: 2026/9/18/خطة انتشار.docx; ref_personnel: 2026/9/18/داتا افراد.docx,
2026-09-19,2026/9/19/19-9-2026.docx,,,,2026/9/19/19.docx,,2026/9/19/19-9-2026 افراد.docx,,2026/9/19/19..docx,,2026/9/19/اعداد الخدمات يوم 19-9-2026.xlsx,,,,2026/9/19/أمر خدمة يوم 19-9-2026.docx,,,,,,2026/9/19/ارقام الضباط.docx,STALE,2026/9/19/ارقام الافراد.docx,STALE,roster_v4_rest,board: 2026/9/19/يومية فارغة.docx; duty_list: 2026/9/19/خطة انتشار.docx; ref_personnel: 2026/9/19/داتا افراد.docx,
2026-09-20,2026/9/20/20-9-2026.docx,,,,2026/9/20/20.docx,,2026/9/20/20-9-2026 افراد.docx,,2026/9/20/20..docx,,2026/9/20/اعداد الخدمات يوم 19-9-2026.xlsx,,,,2026/9/20/أمر خدمة يوم 20-9-2026.docx,,,,,,2026/9/20/ارقام الضباط.docx,STALE,2026/9/20/ارقام الافراد.docx,,roster_v4_rest,board: 2026/9/20/يومية فارغة.docx; duty_list: 2026/9/20/خطة انتشار.docx; counts: chosen own-folder document has a different date (2026-09-19); ref_personnel: 2026/9/20/داتا افراد.docx,
2026-09-21,2026/9/21/21-9-2026.docx,,,,2026/9/21/21.docx,,2026/9/21/21-9-2026 افراد.docx,,2026/9/21/21..docx,,2026/9/21/اعداد الخدمات يوم 21-9-2026.xlsx,,,,2026/9/21/أمر خدمة يوم 21-9-2026.docx,,,,,,2026/9/21/ارقام الضباط.docx,STALE,2026/9/21/ارقام الافراد.docx,STALE,roster_v4_rest,board: 2026/9/21/يومية فارغة.docx; duty_list: 2026/9/21/خطة انتشار.docx; ref_personnel: 2026/9/21/داتا افراد.docx,
2026-09-22,2026/9/22/22-9-2026.docx,,,,2026/9/22/22.docx,,2026/9/22/22-9-2026 افراد.docx,,2026/9/22/22..docx,,2026/9/22/اعداد الخدمات يوم 21-9-2026.xlsx,,,,2026/9/22/أمر خدمة يوم 21-9-2026.docx,,,,,,2026/9/22/ارقام الضباط.docx,STALE,2026/9/22/ارقام الافراد.docx,STALE,roster_v4_rest,board: 2026/9/22/يومية فارغة.docx; duty_list: 2026/9/22/خطة انتشار.docx; counts: chosen own-folder document has a different date (2026-09-21); command_order: chosen own-folder document has a different date (2026-09-21); ref_personnel: 2026/9/22/داتا افراد.docx,
2026-09-23,2026/9/23/23-9-2026.docx,,,,2026/9/23/23.docx,,2026/9/23/23-9-2026 افراد.docx,,2026/9/23/23..docx,,2026/9/23/اعداد الخدمات يوم 23-9-2026.xlsx,,,,2026/9/23/أمر خدمة يوم 23-9-2026.docx,,,,,,2026/9/23/ارقام الضباط.docx,STALE,2026/9/23/ارقام الافراد.docx,STALE,roster_v4_rest,board: 2026/9/23/يومية فارغة.docx; duty_list: 2026/9/23/خطة انتشار.docx; ref_personnel: 2026/9/23/داتا افراد.docx,
2026-09-24,2026/9/24/24-9-2026.docx,,,,2026/9/24/24.docx,,2026/9/24/24-9-2026 افراد.docx,,2026/9/24/24..docx,,2026/9/24/اعداد الخدمات يوم 24-9-2026.xlsx,,,,2026/9/24/أمر خدمة يوم 24-9-2026.docx,,,,,,2026/9/24/ارقام الضباط.docx,STALE,2026/9/24/ارقام الافراد.docx,STALE,roster_v4_rest,board: 2026/9/24/يومية فارغة.docx; duty_list: 2026/9/24/خطة انتشار.docx; ref_personnel: 2026/9/24/داتا افراد.docx,
2026-09-25,2026/9/25/25-9-2026.docx,,,,2026/9/25/25.docx,,2026/9/25/25-9-2026 افراد.docx,,2026/9/25/25..docx,,2026/9/25/اعداد الخدمات يوم 25-9-2026.xlsx,,,,2026/9/25/أمر خدمة يوم 25-9-2026.docx,,,,,,2026/9/25/ارقام الضباط.docx,STALE,2026/9/25/ارقام الافراد.docx,STALE,roster_v4_rest,board: 2026/9/25/يومية فارغة.docx; duty_list: 2026/9/25/خطة انتشار.docx; ref_personnel: 2026/9/25/داتا افراد.docx,
2026-09-26,2026/9/26/26-9-2026.docx,,,,2026/9/26/26.docx,,2026/9/26/26-9-2026 افراد.docx,,2026/9/26/26..docx,,2026/9/26/اعداد الخدمات يوم 26-9-2026.xlsx,,,,2026/9/26/أمر خدمة يوم 26-9-2026.docx,,,,,,2026/9/26/ارقام الضباط.docx,STALE,2026/9/26/ارقام الافراد.docx,STALE,roster_v4_rest,board: 2026/9/26/يومية فارغة.docx; duty_list: 2026/9/26/خطة انتشار.docx; ref_personnel: 2026/9/26/داتا افراد.docx,
2026-09-27,2026/9/27/27-9-2026.docx,,,,2026/9/27/27.docx,,2026/9/27/27-9-2026 افراد.docx,,2026/9/27/27..docx,,2026/9/27/اعداد الخدمات يوم 27-9-2026.xlsx,,,,2026/9/27/أمر خدمة يوم 27-9-2026.docx,,,,,,2026/9/27/ارقام الضباط.docx,,2026/9/27/ارقام الافراد.docx,STALE,roster_v4_rest,board: 2026/9/27/يومية فارغة.docx; duty_list: 2026/9/27/خطة انتشار.docx; ref_personnel: 2026/9/27/داتا افراد.docx,
2026-09-28,2026/9/28/28-9-2026.docx,,,,2026/9/28/28.docx,,2026/9/28/28-9-2026 افراد.docx,,2026/9/28/28..docx,,2026/9/28/اعداد الخدمات يوم 27-9-2026.xlsx,,,,2026/9/28/أمر خدمة يوم 28-9-2026.docx,,,,,,2026/9/28/ارقام الضباط.docx,STALE,2026/9/28/ارقام الافراد.docx,STALE,roster_v4_rest,board: 2026/9/28/يومية فارغة.docx; duty_list: 2026/9/28/خطة انتشار.docx; counts: chosen own-folder document has a different date (2026-09-27); ref_personnel: 2026/9/28/داتا افراد.docx,
2026-09-29,2026/9/29/29-9-2026.docx,,,,2026/9/29/29.docx,,,,2026/9/29/29..docx,,2026/9/29/اعداد الخدمات يوم 29-9-2026.xlsx,,,,2026/9/29/أمر خدمة يوم 29-9-2026.docx,,,,,,,,2026/9/29/ارقام الافراد.docx,STALE,roster_v4_rest,board: 2026/9/29/يومية فارغة.docx; duty_list: 2026/9/29/خطة انتشار.docx; command_order: chosen own-folder document has a different date (2026-09-28); ref_personnel: 2026/9/29/داتا افراد.docx,
