date,source_status,target_status,reference_rows,target_rows,missing_rows,extra_rows,field_diffs,state_diffs,action,roster,afraad,notes
"2023-10-01","complete","present","29","29","0","0","12","44","skip","2023/شهر 10/1-10-2023/1-10-2023.docx","2023/شهر 10/1-10-2023/1.docx",""
"2023-10-02","complete","present","29","29","0","0","12","44","skip","2023/شهر 10/2-10-2023/2-10-2023.docx","2023/شهر 10/2-10-2023/2.docx",""
"2023-10-03","complete","present","28","28","0","0","12","46","skip","2023/شهر 10/3-10-2023/3-10-2023.docx","2023/شهر 10/3-10-2023/3.docx",""
"2023-10-04","complete","present","30","30","0","0","14","46","skip","2023/شهر 10/4-10-2023/4-10-2023.docx","2023/شهر 10/4-10-2023/4.docx",""
"2023-10-05","complete","present","26","26","0","0","11","46","skip","2023/شهر 10/5-10-2023/5-10-2023.docx","2023/شهر 10/5-10-2023/55.docx",""
"2023-10-06","complete","present","35","35","0","0","18","44","skip","2023/شهر 10/6-10-2023/6-10-2023.docx","2023/شهر 10/6-10-2023/6-10-2023 افراد.docx",""
"2023-10-07","complete","present","29","29","0","0","13","44","skip","2023/شهر 10/7-10-2023/7-10-2023.docx","2023/شهر 10/7-10-2023/7-10-2023 افراد.docx",""
"2023-10-08","complete","present","29","29","0","0","11","44","skip","2023/شهر 10/8-10-2023/8-10-2023.docx","2023/شهر 10/8-10-2023/8-10-2023 افراد.docx",""
"2023-10-09","complete","present","28","28","0","0","12","44","skip","2023/شهر 10/9-10-2023/9-10-2023.docx","2023/شهر 10/9-10-2023/9-10-2023 افراد.docx",""
"2023-10-10","complete","present","27","27","0","0","13","44","skip","2023/شهر 10/10-10-2023/10-10-2023.docx","2023/شهر 10/10-10-2023/10-10-2023 افراد.docx",""
"2023-10-11","complete","present","28","28","0","0","14","44","skip","2023/شهر 10/11-10-2023/11-10-2023.docx","2023/شهر 10/11-10-2023/11-10-2023 افراد.docx",""
"2023-10-12","complete","present","29","29","0","0","12","44","skip","2023/شهر 10/12-10-2023/12-10-2023.docx","2023/شهر 10/12-10-2023/12-10-2023 افراد.docx",""
"2023-10-13","complete","present","37","37","0","0","15","44","skip","2023/شهر 10/13-10-2023/13-10-2023.docx","2023/شهر 10/13-10-2023/13-10-2023 افراد.docx",""
"2023-10-14","complete","present","30","30","0","0","11","44","skip","2023/شهر 10/14-10-2023/14-10-2023.docx","2023/شهر 10/14-10-2023/14-10-2023 افراد.docx",""
"2023-10-15","complete","present","20","20","0","0","11","44","skip","2023/شهر 10/15-10-2023/15-10-2023.docx","2023/شهر 10/15-10-2023/15-10-2023 افراد.docx",""
"2023-10-16","complete","present","30","30","0","0","15","44","skip","2023/شهر 10/16-10-2023/16-10-2023.docx","2023/شهر 10/16-10-2023/16-10-2023 افراد.docx",""
"2023-10-17","complete","present","31","31","0","0","17","44","skip","2023/شهر 10/17-10-2023/17-10-2023.docx","2023/شهر 10/17-10-2023/17-10-2023 افراد.docx",""
"2023-10-18","complete","present","30","30","0","0","15","44","skip","2023/شهر 10/18-10-2023/18-10-2023.docx","2023/شهر 10/18-10-2023/18-10-2023 افراد.docx",""
"2023-10-19","complete","present","34","34","0","0","10","44","skip","2023/شهر 10/19-10-2023/19-10-2023.docx","2023/شهر 10/19-10-2023/19-10-2023 افراد.docx",""
"2023-10-20","complete","present","47","47","0","0","24","44","skip","2023/شهر 10/20-10-2023/20-10-2023.docx","2023/شهر 10/20-10-2023/20-10-2023 افراد.docx",""
"2023-10-21","complete","present","40","40","0","0","15","44","skip","2023/شهر 10/21-10-2023/21-10-2023.docx","2023/شهر 10/21-10-2023/21-10-2023 افراد.docx",""
"2023-10-22","complete","present","19","19","0","0","1","0","skip","2023/شهر 10/22-10-2023/22-10-2023.docx","2023/شهر 10/22-10-2023/22-10-2023 افراد.docx",""
"2023-10-23","complete","present","37","37","0","0","17","44","skip","2023/شهر 10/23-10-2023/23-10-2023.docx","2023/شهر 10/23-10-2023/23-10-2023 افراد.docx",""
"2023-10-24","complete","present","45","45","0","0","16","44","skip","2023/شهر 10/24-10-2023/24-10-2023.docx","2023/شهر 10/24-10-2023/24-10-2023 افراد.docx",""
"2023-10-25","complete","present","36","36","0","0","14","44","skip","2023/شهر 10/25-10-2023/25-10-2023.docx","2023/شهر 10/25-10-2023/25-10-2023 افراد.docx",""
"2023-10-26","complete","present","41","41","0","0","14","44","skip","2023/شهر 10/26-10-2023/26-10-2023.docx","2023/شهر 10/26-10-2023/26-10-2023 افراد.docx",""
"2023-10-27","complete","present","33","33","0","0","20","44","skip","2023/شهر 10/27-10-2023/27-10-2023.docx","2023/شهر 10/27-10-2023/27-10-2023 افراد.docx",""
"2023-10-28","complete","present","40","40","0","0","15","44","skip","2023/شهر 10/28-10-2023/28-10-2023.docx","2023/شهر 10/28-10-2023/28-10-2023 افراد.docx",""
"2023-10-29","complete","present","42","42","0","0","16","44","skip","2023/شهر 10/29-10-2023/29-10-2023.docx","2023/شهر 10/29-10-2023/29-10-2023 افراد.docx",""
"2023-10-30","complete","present","41","41","0","0","16","44","skip","2023/شهر 10/30-10-2023/30-10-2023.docx","2023/شهر 10/30-10-2023/30-10-2023 افراد.docx",""
"2023-10-31","complete","present","38","38","0","0","15","44","skip","2023/شهر 10/31-10-2023/31-10-2023.docx","2023/شهر 10/31-10-2023/31-10-2023 افراد.docx",""
"2023-11-01","complete","present","45","45","0","0","21","44","skip","2023/شهر 11/1-11-2023/1-11-2023.docx","2023/شهر 11/1-11-2023/1-11-2023 افراد.docx",""
"2023-11-02","complete","present","49","49","0","0","24","44","skip","2023/شهر 11/2-11-2023/2-11-2023.docx","2023/شهر 11/2-11-2023/2-11-2023 افراد.docx",""
"2023-11-03","complete","present","41","41","0","0","23","44","skip","2023/شهر 11/3-11-2023/3-11-2023.docx","2023/شهر 11/3-11-2023/3-11-2023 افراد.docx",""
"2023-11-04","complete","present","47","47","0","0","16","44","skip","2023/شهر 11/4-11-2023/4-11-2023.docx","2023/شهر 11/4-11-2023/4-11-2023 افراد.docx",""
"2023-11-05","complete","present","45","45","0","0","17","44","skip","2023/شهر 11/5-11-2023/5-11-2023.docx","2023/شهر 11/5-11-2023/5-11-2023 افراد.docx",""
"2023-11-06","complete","present","44","44","0","0","20","44","skip","2023/شهر 11/6-11-2023/6-11-2023.docx","2023/شهر 11/6-11-2023/6-11-2023 افراد.docx",""
"2023-11-07","complete","present","45","45","0","0","14","44","skip","2023/شهر 11/7-11-2023/7-11-2023.docx","2023/شهر 11/7-11-2023/7-11-2023 افراد.docx",""
"2023-11-08","complete","present","47","47","0","0","16","44","skip","2023/شهر 11/8-11-2023/8-11-2023.docx","2023/شهر 11/8-11-2023/8-11-2023 افراد.docx",""
"2023-11-09","complete","present","47","47","0","0","19","44","skip","2023/شهر 11/9-11-2023/9-11-2023.docx","2023/شهر 11/9-11-2023/9-11-2023 افراد.docx",""
"2023-11-10","complete","present","41","41","0","0","21","44","skip","2023/شهر 11/10-11-2023/10-11-2023.docx","2023/شهر 11/10-11-2023/9-11-2023 افراد.docx",""
"2023-11-11","complete","present","49","49","0","0","19","44","skip","2023/شهر 11/11-11-2023/11-11-2023.docx","2023/شهر 11/11-11-2023/11-11-2023 افراد.docx",""
"2023-11-12","complete","present","45","45","0","0","17","42","skip","2023/شهر 11/12-11-2023/12-11-2023.docx","2023/شهر 11/12-11-2023/12 -11-2023 افراد.docx",""
"2023-11-13","complete","present","44","44","0","0","17","42","skip","2023/شهر 11/13-11-2023/13-11-2023.docx","2023/شهر 11/13-11-2023/13-11-2023 افراد.docx",""
"2023-11-14","complete","present","45","45","0","0","21","42","skip","2023/شهر 11/14-11-2023/14-11-2023.docx","2023/شهر 11/14-11-2023/14-11-2023 افراد.docx",""
"2023-11-15","complete","present","49","49","0","0","21","42","skip","2023/شهر 11/15-11-2023/15-11-2023.docx","2023/شهر 11/15-11-2023/15-11-2023 افراد.docx",""
"2023-11-16","complete","present","43","43","0","0","21","42","skip","2023/شهر 11/16-11-2023/16-11-2023.docx","2023/شهر 11/16-11-2023/16-11-2023 افراد.docx",""
"2023-11-17","complete","present","34","34","0","0","12","42","skip","2023/شهر 11/17-11-2023/17-11-2023.docx","2023/شهر 11/17-11-2023/17-11-2023 افراد.docx",""
"2023-11-18","complete","present","33","33","0","0","15","42","skip","2023/شهر 11/18-11-2023/18-11-2023.docx","2023/شهر 11/18-11-2023/18-11-2023 افراد.docx",""
"2023-11-19","complete","present","34","34","0","0","12","42","skip","2023/شهر 11/19-11-2023/19-11-2023.docx","2023/شهر 11/19-11-2023/19-11-2023 افراد.docx",""
"2023-11-20","complete","present","35","35","0","0","15","42","skip","2023/شهر 11/20-11-2023/20-11-2023.docx","2023/شهر 11/20-11-2023/20-11-2023 افراد.docx",""
"2023-11-21","complete","present","35","35","0","0","12","42","skip","2023/شهر 11/21-11-2023/21-11-2023.docx","2023/شهر 11/21-11-2023/21-11-2023 افراد.docx",""
"2023-11-22","complete","present","48","48","0","0","27","42","skip","2023/شهر 11/22-11-2023/22-11-2023.docx","2023/شهر 11/22-11-2023/22-11-2023 افراد.docx",""
"2023-11-23","complete","present","42","42","0","0","23","42","skip","2023/شهر 11/23-11-2023/23-11-2023.docx","2023/شهر 11/23-11-2023/23-11-2023 افراد.docx",""
"2023-11-24","complete","present","42","42","0","0","17","42","skip","2023/شهر 11/24-11-2023/24-11-2023.docx","2023/شهر 11/24-11-2023/24-11-2023 افراد.docx",""
"2023-11-25","complete","present","41","41","0","0","16","42","skip","2023/شهر 11/25-11-2023/25-11-2023.docx","2023/شهر 11/25-11-2023/24-11-2023 افراد.docx",""
"2023-11-26","complete","present","41","41","0","0","15","42","skip","2023/شهر 11/26-11-2023/26-11-2023.docx","2023/شهر 11/26-11-2023/26-11-2023 افراد.docx",""
"2023-11-27","complete","present","41","41","0","0","19","42","skip","2023/شهر 11/27-11-2023/27-11-2023.docx","2023/شهر 11/27-11-2023/27-11-2023 افراد.docx",""
"2023-11-28","complete","present","41","41","0","0","10","42","skip","2023/شهر 11/28-11-2023/28-11-2023.docx","2023/شهر 11/28-11-2023/28-11-2023 افراد.docx",""
"2023-11-29","complete","present","40","40","0","0","19","42","skip","2023/شهر 11/29-11-2023/29-11-2023.docx","2023/شهر 11/29-11-2023/28-11-2023 افراد.docx",""
"2023-11-30","complete","present","40","40","0","0","18","42","skip","2023/شهر 11/30-11-2023/30-11-2023.docx","2023/شهر 11/30-11-2023/30-11-2023 افراد.docx",""
"2023-12-01","complete","present","37","37","0","0","15","42","skip","2023/شهر 12/1-12-2023/1-12-2023.docx","2023/شهر 12/1-12-2023/1-12-2023 افراد.docx",""
"2023-12-02","complete","present","44","44","0","0","18","42","skip","2023/شهر 12/2-12-2023/2-12-2023.docx","2023/شهر 12/2-12-2023/2-12-2023 افراد.docx",""
"2023-12-03","complete","present","44","44","0","0","17","42","skip","2023/شهر 12/3-12-2023/3-12-2023.docx","2023/شهر 12/3-12-2023/3-12-2023 افراد.docx",""
"2023-12-04","complete","present","45","45","0","0","16","42","skip","2023/شهر 12/4-12-2023/4-12-2023.docx","2023/شهر 12/4-12-2023/4-12-2023 افراد.docx",""
"2023-12-05","complete","present","41","41","0","0","16","42","skip","2023/شهر 12/5-12-2023/5-12-2023.docx","2023/شهر 12/5-12-2023/5-12-2023 افراد.docx",""
"2023-12-06","complete","present","43","43","0","0","23","42","skip","2023/شهر 12/6-12-2023/6-12-2023.docx","2023/شهر 12/6-12-2023/6-12-2023 افراد.docx",""
"2023-12-07","complete","present","44","44","0","0","20","42","skip","2023/شهر 12/7-12-2023/7-12-2023.docx","2023/شهر 12/7-12-2023/7-12-2023 افراد.docx",""
"2023-12-08","complete","present","45","45","0","0","20","42","skip","2023/شهر 12/8-12-2023/8-12-2023.docx","2023/شهر 12/8-12-2023/8-12-2023 افراد.docx",""
"2023-12-09","complete","present","45","45","0","0","17","42","skip","2023/شهر 12/9-12-2023/9-12-2023.docx","2023/شهر 12/9-12-2023/9-12-2023 افراد.docx",""
"2023-12-10","complete","present","41","41","0","0","17","42","skip","2023/شهر 12/10-12-2023/10-12-2023.docx","2023/شهر 12/10-12-2023/10-12-2023 افراد.docx",""
"2023-12-11","complete","present","39","39","0","0","17","42","skip","2023/شهر 12/11-12-2023/11-12-2023.docx","2023/شهر 12/11-12-2023/11-12-2023 افراد.docx",""
"2023-12-12","complete","present","41","41","0","0","17","42","skip","2023/شهر 12/12-12-2023/12-12-2023.docx","2023/شهر 12/12-12-2023/12-12-2023 افراد.docx",""
"2023-12-13","complete","present","21","21","0","0","2","0","skip","2023/شهر 12/13-12-2023/13-12-2023.docx","2023/شهر 12/13-12-2023/13-12-2023 افراد.docx",""
"2023-12-14","complete","present","23","23","0","0","2","0","skip","2023/شهر 12/14-12-2023/14-12-2023.docx","2023/شهر 12/14-12-2023/14-12-2023 افراد.docx",""
"2023-12-15","complete","present","44","44","0","0","20","42","skip","2023/شهر 12/15-12-2023/15-12-2023.docx","2023/شهر 12/15-12-2023/15-12-2023 افراد.docx",""
"2023-12-16","complete","present","39","39","0","0","13","42","skip","2023/شهر 12/16-12-2023/16-12-2023.docx","2023/شهر 12/16-12-2023/16-12-2023 افراد.docx",""
"2023-12-17","complete","present","40","40","0","0","16","42","skip","2023/شهر 12/17-12-2023/17-12-2023.docx","2023/شهر 12/17-12-2023/17-12-2023 افراد.docx",""
"2023-12-18","complete","present","40","40","0","0","18","42","skip","2023/شهر 12/18-12-2023/18-12-2023.docx","2023/شهر 12/18-12-2023/18-12-2023 افراد.docx",""
"2023-12-19","complete","present","41","41","0","0","17","42","skip","2023/شهر 12/19-12-2023/19-12-2023.docx","2023/شهر 12/19-12-2023/19-12-2023 افراد.docx",""
"2023-12-20","complete","present","30","30","0","0","13","42","skip","2023/شهر 12/20-12-2023/20-12-2023.docx","2023/شهر 12/20-12-2023/20-12-2023 افراد.docx",""
"2023-12-21","complete","present","33","33","0","0","14","42","skip","2023/شهر 12/21-12-2023/21-12-2023.docx","2023/شهر 12/21-12-2023/21-12-2023 افراد.docx",""
"2023-12-22","complete","present","35","35","0","0","15","42","skip","2023/شهر 12/22-12-2023/22-12-2023.docx","2023/شهر 12/22-12-2023/22-12-2023 افراد.docx",""
"2023-12-23","complete","present","32","32","0","0","12","42","skip","2023/شهر 12/23-12-2023/23-12-2023.docx","2023/شهر 12/23-12-2023/23-12-2023 افراد.docx",""
"2023-12-24","source_gap","missing","0","0","0","0","0","0","skip","","",""
"2023-12-25","complete","present","31","31","0","0","12","42","skip","2023/شهر 12/25-12-2023/25-12-2023.docx","2023/شهر 12/25-12-2023/25-12-2023 افراد.docx",""
"2023-12-26","complete","present","27","27","0","0","9","42","skip","2023/شهر 12/26-12-2023/26-12-2023.docx","2023/شهر 12/26-12-2023/26-12-2023 افراد.docx",""
"2023-12-27","complete","present","31","31","0","0","13","42","skip","2023/شهر 12/27-12-2023/27-12-2023.docx","2023/شهر 12/27-12-2023/27-12-2023 افراد.docx",""
"2023-12-28","complete","present","29","29","0","0","13","42","skip","2023/شهر 12/28-12-2023/28-12-2023.docx","2023/شهر 12/28-12-2023/28-12-2023 افراد.docx",""
"2023-12-29","complete","present","38","38","0","0","18","42","skip","2023/شهر 12/29-12-2023/29-12-2023.docx","2023/شهر 12/29-12-2023/29-12-2023 افراد.docx",""
"2023-12-30","complete","present","27","27","0","0","11","42","skip","2023/شهر 12/30-12-2023/30-12-2023.docx","2023/شهر 12/30-12-2023/30-12-2023 افراد.docx",""
"2023-12-31","complete","present","49","49","0","0","21","42","skip","2023/شهر 12/31-12-2023/31-12-2023.docx","2023/شهر 12/31-12-2023/31-12-2023 افراد.docx",""
"2024-01-01","complete","present","28","28","0","0","13","42","skip","2024/1/1-1-2024/1-1-2024.docx","2024/1/1-1-2024/31-12-2023 افراد.docx",""
"2024-01-02","complete","present","31","31","0","0","10","42","skip","2024/1/2-1-2024/2-1-2024.docx","2024/1/2-1-2024/2-1-2024 افراد.docx",""
"2024-01-03","complete","present","33","33","0","0","16","42","skip","2024/1/3-1-2024/3-1-2024.docx","2024/1/3-1-2024/3-1-2024 افراد.docx",""
"2024-01-04","complete","present","31","31","0","0","19","42","skip","2024/1/4-1-2024/4-1-2024.docx","2024/1/4-1-2024/4-1-2024 افراد.docx",""
"2024-01-05","complete","present","33","33","0","0","15","42","skip","2024/1/5-1-2024/5-1-2024.docx","2024/1/5-1-2024/5-1-2024 افراد.docx",""
"2024-01-06","complete","present","40","40","0","0","19","42","skip","2024/1/6-1-2024/6-1-2024.docx","2024/1/6-1-2024/5-1-2024 افراد.docx",""
"2024-01-07","complete","present","34","34","0","0","17","42","skip","2024/1/7-1-2024/7-1-2024.docx","2024/1/7-1-2024/7-1-2024 افراد.docx",""
"2024-01-08","complete","present","36","36","0","0","16","42","skip","2024/1/8-1-2024/8-1-2024.docx","2024/1/8-1-2024/8-1-2024 افراد.docx",""
"2024-01-09","complete","present","33","33","0","0","13","42","skip","2024/1/9-1-2024/9-1-2024.docx","2024/1/9-1-2024/9-1-2024 افراد.docx",""
"2024-01-10","complete","present","35","35","0","0","18","42","skip","2024/1/10-1-2024/10-1-2024.docx","2024/1/10-1-2024/10-1-2024 افراد.docx",""
"2024-01-11","complete","present","33","33","0","0","17","42","skip","2024/1/11-1-2024/11-1-2024.docx","2024/1/11-1-2024/11-1-2024 افراد.docx",""
"2024-01-12","complete","present","44","44","0","0","24","42","skip","2024/1/12-1-2024/12-1-2024.docx","2024/1/12-1-2024/12-1-2024 افراد.docx",""
"2024-01-13","complete","present","30","30","0","0","12","42","skip","2024/1/13-1-2024/13-1-2024.docx","2024/1/13-1-2024/13-1-2024 افراد.docx",""
"2024-01-14","complete","present","32","32","0","0","13","42","skip","2024/1/14-1-2024/14-1-2024.docx","2024/1/14-1-2024/14-1-2024 افراد.docx",""
"2024-01-15","complete","present","34","34","0","0","17","42","skip","2024/1/15-1-2024/15-1-2024.docx","2024/1/15-1-2024/15-1-2024 افراد.docx",""
"2024-01-16","complete","present","31","31","0","0","12","42","skip","2024/1/16-1-2024/16-1-2024.docx","2024/1/16-1-2024/16-1-2024 افراد.docx",""
"2024-01-17","complete","present","34","34","0","0","17","42","skip","2024/1/17-1-2024/17-1-2024.docx","2024/1/17-1-2024/17-1-2024 افراد.docx",""
"2024-01-18","complete","present","37","37","0","0","18","42","skip","2024/1/18-1-2024/18-1-2024.docx","2024/1/18-1-2024/18-1-2024 افراد.docx",""
"2024-01-19","complete","present","43","43","0","0","20","42","skip","2024/1/19-1-2024/19-1-2024.docx","2024/1/19-1-2024/19-1-2024 افراد.docx",""
"2024-01-20","complete","present","30","30","0","0","17","42","skip","2024/1/20-1-2024/20-1-2024.docx","2024/1/20-1-2024/19-1-2024 افراد.docx",""
"2024-01-21","complete","present","30","30","0","0","14","42","skip","2024/1/21-1-2024/21-1-2024.docx","2024/1/21-1-2024/21-1-2024 افراد.docx",""
"2024-01-22","complete","present","35","35","0","0","16","42","skip","2024/1/22-1-2024/22-1-2024.docx","2024/1/22-1-2024/22-1-2024 افراد.docx",""
"2024-01-23","complete","present","19","19","0","0","9","42","skip","2024/1/23-1-2024/23-1-2024.docx","2024/1/23-1-2024/22-1-2024 افراد.docx",""
"2024-01-24","complete","present","33","33","0","0","15","42","skip","2024/1/24-1-2024/24-1-2024.docx","2024/1/24-1-2024/22-1-2024 افراد.docx",""
"2024-01-25","complete","present","42","42","0","0","23","42","skip","2024/1/25-1-2024/25-1-2024.docx","2024/1/25-1-2024/22-1-2024 افراد.docx",""
"2024-01-26","complete","present","45","45","0","0","27","42","skip","2024/1/26-1-2024/26-1-2024.docx","2024/1/26-1-2024/26-1-2024 افراد.docx",""
"2024-01-27","complete","present","31","31","0","0","15","42","skip","2024/1/27-1-2024/27-1-2024.docx","2024/1/27-1-2024/27-1-2024 افراد.docx",""
"2024-01-28","complete","present","29","29","0","0","14","42","skip","2024/1/28-1-2024/28-1-2024.docx","2024/1/28-1-2024/28-1-2024 افراد.docx",""
"2024-01-29","complete","present","31","31","0","0","19","42","skip","2024/1/29-1-2024/29-1-2024.docx","2024/1/29-1-2024/29-1-2024 افراد.docx",""
"2024-01-30","complete","present","27","27","0","0","12","42","skip","2024/1/30-1-2024/30-1-2024.docx","2024/1/30-1-2024/30-1-2024 افراد.docx",""
"2024-01-31","complete","present","28","28","0","0","14","42","skip","2024/1/31-1-2024/31-1-2024.docx","2024/1/31-1-2024/30-1-2024 افراد.docx",""
"2024-02-01","complete","present","35","35","0","0","18","42","skip","2024/2/1-2-2024/1-2-2024.docx","2024/2/1-2-2024/30-1-2024 افراد.docx",""
"2024-02-02","complete","present","37","37","0","0","26","42","skip","2024/2/2-2-2024/2-2-2024.docx","2024/2/2-2-2024/2-2-2024 افراد.docx",""
"2024-02-03","complete","present","30","30","0","0","13","42","skip","2024/2/3-2-2024/3-2-2024.docx","2024/2/3-2-2024/3-2-2024 افراد.docx",""
"2024-02-04","source_gap","missing","0","0","0","0","0","0","skip","","",""
"2024-02-05","complete","present","31","31","0","0","15","42","skip","2024/2/5-2-2024/5-2-2024.docx","2024/2/5-2-2024/5-2-2024 افراد.docx",""
"2024-02-06","complete","present","31","31","0","0","11","42","skip","2024/2/6-2-2024/6-2-2024.docx","2024/2/6-2-2024/6-2-2024 افراد.docx",""
"2024-02-07","complete","present","37","37","0","0","16","42","skip","2024/2/7-2-2024/7-2-2024.docx","2024/2/7-2-2024/7-2-2024 افراد.docx",""
"2024-02-08","complete","present","31","31","0","0","13","42","skip","2024/2/8-2-2024/8-2-2024.docx","2024/2/8-2-2024/8-2-2024 افراد.docx",""
"2024-02-09","complete","present","40","40","0","0","26","40","skip","2024/2/9-2-2024/9-2-2024.docx","2024/2/9-2-2024/9-2-2024 افراد.docx",""
"2024-02-10","complete","present","29","29","0","0","12","40","skip","2024/2/10-2-2024/10-2-2024.docx","2024/2/10-2-2024/10-2-2024 افراد.docx",""
"2024-02-11","complete","present","26","26","0","0","10","42","skip","2024/2/11-2-2024/11-2-2024.docx","2024/2/11-2-2024/11-2-2024 افراد.docx",""
"2024-02-12","complete","present","41","41","0","0","19","44","skip","2024/2/12-2-2024/12-2-2024.docx","2024/2/12-2-2024/12-2-2024 افراد.docx",""
"2024-02-13","complete","present","32","32","0","0","12","44","skip","2024/2/13-2-2024/13-2-2024.docx","2024/2/13-2-2024/13-2-2024 افراد.docx",""
"2024-02-14","complete","present","33","33","0","0","17","44","skip","2024/2/14-2-2024/14-2-2024.docx","2024/2/14-2-2024/14-2-2024 افراد.docx",""
"2024-02-15","complete","present","35","35","0","0","16","44","skip","2024/2/15-2-2024/15-2-2024.docx","2024/2/15-2-2024/15-2-2024 افراد.docx",""
"2024-02-16","complete","present","38","38","0","0","27","44","skip","2024/2/16-2-2024/16-2-2024.docx","2024/2/16-2-2024/16-2-2024 افراد.docx",""
"2024-02-17","complete","present","33","33","0","0","15","44","skip","2024/2/17-2-2024/17-2-2024.docx","2024/2/17-2-2024/17-2-2024 افراد.docx",""
"2024-02-18","complete","present","27","27","0","0","10","44","skip","2024/2/18-2-2024/18-2-2024.docx","2024/2/18-2-2024/18-2-2024 افراد.docx",""
"2024-02-19","complete","present","34","34","0","0","13","44","skip","2024/2/19-2-2024/19-2-2024.docx","2024/2/19-2-2024/19-2-2024 افراد.docx",""
"2024-02-20","complete","present","29","29","0","0","12","44","skip","2024/2/20-2-2024/20-2-2024.docx","2024/2/20-2-2024/20-2-2024 افراد.docx",""
"2024-02-21","complete","present","32","32","0","0","16","44","skip","2024/2/21-2-2024/21-2-2024.docx","2024/2/21-2-2024/21-2-2024 افراد.docx",""
"2024-02-22","complete","present","32","32","0","0","13","44","skip","2024/2/22-2-2024/22-2-2024.docx","2024/2/22-2-2024/22-2-2024 افراد.docx",""
"2024-02-23","complete","present","42","42","0","0","23","44","skip","2024/2/23-2-2024/23-2-2024.docx","2024/2/23-2-2024/22-2-2024 افراد.docx",""
"2024-02-24","complete","present","34","34","0","0","14","44","skip","2024/2/24-2-2024/24-2-2024.docx","2024/2/24-2-2024/24-2-2024 افراد.docx",""
"2024-02-25","complete","present","31","31","0","0","11","44","skip","2024/2/25-2-2024/25-2-2024.docx","2024/2/25-2-2024/25-2-2024 افراد.docx",""
"2024-02-26","complete","present","32","32","0","0","14","44","skip","2024/2/26-2-2024/26-2-2024.docx","2024/2/26-2-2024/26-2-2024 افراد.docx",""
"2024-02-27","complete","present","29","29","0","0","12","44","skip","2024/2/27-2-2024/28-2-2024.docx","2024/2/27-2-2024/26-2-2024 افراد.docx",""
"2024-02-28","complete","present","29","29","0","0","15","44","skip","2024/2/28-2-2024/28-2-2024.docx","2024/2/28-2-2024/28-2-2024 افراد.docx",""
"2024-02-29","complete","present","32","32","0","0","20","44","skip","2024/2/29-2-2024/29-2-2024.docx","2024/2/29-2-2024/29-2-2024 افراد.docx",""
"2024-03-01","complete","present","24","24","0","0","13","44","skip","2024/3/1-3-2024/1-3-2024.docx","2024/3/1-3-2024/29-2-2024 افراد.docx",""
"2024-03-02","complete","present","29","29","0","0","13","44","skip","2024/3/2-3-2024/29-2-2024.docx","2024/3/2-3-2024/2-3-2024 افراد.docx",""
"2024-03-03","complete","present","32","32","0","0","14","44","skip","2024/3/3-3-2024/3-3-2024.docx","2024/3/3-3-2024/3-3-2024 افراد.docx",""
"2024-03-04","complete","present","32","32","0","0","15","44","skip","2024/3/4-3-2024/4-3-2024.docx","2024/3/4-3-2024/3-3-2024 افراد.docx",""
"2024-03-05","complete","present","30","30","0","0","12","44","skip","2024/3/5-3-2024/5-3-2024.docx","2024/3/5-3-2024/5-3-2024 افراد.docx",""
"2024-03-06","complete","present","37","37","0","0","19","44","skip","2024/3/6-3-2024/6-3-2024.docx","2024/3/6-3-2024/6-3-2024 افراد.docx",""
"2024-03-07","complete","present","36","36","0","0","19","44","skip","2024/3/7-3-2024/7-3-2024.docx","2024/3/7-3-2024/7-3-2024 افراد.docx",""
"2024-03-08","complete","present","39","39","0","0","28","44","skip","2024/3/8-3-2024/8-3-2024.docx","2024/3/8-3-2024/8-3-2024 افراد.docx",""
"2024-03-09","complete","present","36","36","0","0","17","44","skip","2024/3/9-3-2024/9-3-2024.docx","2024/3/9-3-2024/9-3-2024 افراد.docx",""
"2024-03-10","complete","present","30","30","0","0","13","44","skip","2024/3/10-3-2024/10-3-2024.docx","2024/3/10-3-2024/10-3-2024 افراد.docx",""
"2024-03-11","complete","present","33","33","0","0","17","44","skip","2024/3/11-3-2024/11-3-2024.docx","2024/3/11-3-2024/11-3-2024 افراد.docx",""
"2024-03-12","complete","present","29","29","0","0","12","44","skip","2024/3/12-3-2024/12-3-2024.docx","2024/3/12-3-2024/12-3-2024 افراد.docx",""
"2024-03-13","complete","present","33","33","0","0","19","44","skip","2024/3/13-3-2024/13-3-2024.docx","2024/3/13-3-2024/13-3-2024 افراد.docx",""
"2024-03-14","complete","present","31","31","0","0","15","44","skip","2024/3/14-3-2024/14-3-2024.docx","2024/3/14-3-2024/14-3-2024 افراد.docx",""
"2024-03-15","complete","present","40","40","0","0","25","44","skip","2024/3/15-3-2024/15-3-2024.docx","2024/3/15-3-2024/15-3-2024 افراد.docx",""
"2024-03-16","complete","present","31","31","0","0","15","44","skip","2024/3/16-3-2024/16-3-2024.docx","2024/3/16-3-2024/16-3-2024 افراد.docx",""
"2024-03-17","complete","present","29","29","0","0","15","44","skip","2024/3/17-3-2024/17-3-2024.docx","2024/3/17-3-2024/17-3-2024 افراد.docx",""
"2024-03-18","complete","present","30","30","0","0","13","44","skip","2024/3/18-3-2024/18-3-2024.docx","2024/3/18-3-2024/18-3-2024 افراد.docx",""
"2024-03-19","complete","present","32","32","0","0","14","44","skip","2024/3/19-3-2024/19-3-2024.docx","2024/3/19-3-2024/19-3-2024 افراد.docx",""
"2024-03-20","complete","present","31","31","0","0","12","44","skip","2024/3/20-3-2024/20-3-2024.docx","2024/3/20-3-2024/20-3-2024 افراد.docx",""
"2024-03-21","complete","present","31","31","0","0","12","44","skip","2024/3/21-3-2024/21-3-2024.docx","2024/3/21-3-2024/21-3-2024 افراد.docx",""
"2024-03-22","complete","present","43","43","0","0","23","44","skip","2024/3/22-3-2024/22-3-2024.docx","2024/3/22-3-2024/21-3-2024 افراد.docx",""
"2024-03-23","complete","present","35","35","0","0","18","44","skip","2024/3/23-3-2024/23-3-2024.docx","2024/3/23-3-2024/23-3-2024 افراد.docx",""
"2024-03-24","complete","present","22","22","0","0","14","44","skip","2024/3/24-3-2024/24-3-2024.docx","2024/3/24-3-2024/21-3-2024 افراددد.docx",""
"2024-03-25","complete","present","37","37","0","0","18","44","skip","2024/3/25-3-2024/25-3-2024.docx","2024/3/25-3-2024/25-3-2024 افراد.docx",""
"2024-03-26","complete","present","34","34","0","0","16","44","skip","2024/3/26-3-2024/26-3-2024.docx","2024/3/26-3-2024/23-3-2024 افراد.docx",""
"2024-03-27","complete","present","38","38","0","0","19","44","skip","2024/3/27-3-2024/27-3-2024.docx","2024/3/27-3-2024/27-3-2024 افراد.docx",""
"2024-03-28","complete","present","35","35","0","0","16","44","skip","2024/3/28-3-2024/28-3-2024.docx","2024/3/28-3-2024/28-3-2024 افراد.docx",""
"2024-03-29","complete","present","43","43","0","0","24","44","skip","2024/3/29-3-2024/29-3-2024.docx","2024/3/29-3-2024/29-3-2024 افراد.docx",""
"2024-03-30","complete","present","32","32","0","0","16","44","skip","2024/3/30-3-2024/30-3-2024.docx","2024/3/30-3-2024/30-3-2024 افراد.docx",""
"2024-03-31","complete","present","30","30","0","0","16","44","skip","2024/3/31-3-2024/31-3-2024.docx","2024/3/31-3-2024/31-3-2024 افراد.docx",""
"2024-04-01","complete","present","32","32","0","0","12","44","skip","2024/4/1-4-2024/1-4-2024.docx","2024/4/1-4-2024/1-4-2024 افراد.docx",""
"2024-04-02","complete","present","41","41","0","0","23","44","skip","2024/4/2-4-2024/2-4-2024.docx","2024/4/2-4-2024/2-4-2024 افراد.docx",""
"2024-04-03","complete","present","33","33","0","0","14","44","skip","2024/4/3-4-2024/3-4-2024.docx","2024/4/3-4-2024/3-4-2024 افراد.docx",""
"2024-04-04","complete","present","29","29","0","0","16","44","skip","2024/4/4-4-2024/4-4-2024.docx","2024/4/4-4-2024/4-4-2024 افراد.docx",""
"2024-04-05","complete","present","40","40","0","0","19","44","skip","2024/4/5-4-2024/5-4-2024.docx","2024/4/5-4-2024/5-4-2024 افراد.docx",""
"2024-04-06","complete","present","31","31","0","0","19","44","skip","2024/4/6-4-2024/6-4-2024.docx","2024/4/6-4-2024/6-4-2024 افراد.docx",""
"2024-04-07","complete","present","26","26","0","0","14","44","skip","2024/4/7-4-2024/7-4-2024.docx","2024/4/7-4-2024/7-4-2024 افراد.docx",""
"2024-04-08","complete","present","30","30","0","0","14","44","skip","2024/4/8-4-2024/8-4-2024.docx","2024/4/8-4-2024/8-4-2024 افراد.docx",""
"2024-04-09","complete","present","22","22","0","0","13","44","skip","2024/4/9-4-2024/9-4-2024.docx","2024/4/9-4-2024/10-4-2024 افراد.docx",""
"2024-04-10","complete","present","33","33","0","0","15","44","skip","2024/4/10-4-2024/10-4-2024.docx","2024/4/10-4-2024/10-4-2024 افراد.docx",""
"2024-04-11","complete","present","34","34","0","0","14","44","skip","2024/4/11-4-2024/11-4-2024.docx","2024/4/11-4-2024/11-4-2024 افراد.docx",""
"2024-04-12","complete","present","34","34","0","0","19","44","skip","2024/4/12-4-2024/12-4-2024.docx","2024/4/12-4-2024/12-4-2024 افراد.docx",""
"2024-04-13","complete","present","30","30","0","0","12","44","skip","2024/4/13-4-2024/13-4-2024.docx","2024/4/13-4-2024/13-4-2024 افراد.docx",""
"2024-04-14","complete","present","30","30","0","0","14","44","skip","2024/4/14-4-2024/14-4-2024.docx","2024/4/14-4-2024/14-4-2024 افراد.docx",""
"2024-04-15","complete","present","29","29","0","0","15","44","skip","2024/4/15-4-2024/15-4-2024.docx","2024/4/15-4-2024/15-4-2024 افراد.docx",""
"2024-04-16","complete","present","24","24","0","0","12","44","skip","2024/4/16-4-2024/16-4-2024.docx","2024/4/16-4-2024/16-4-2024 افراد.docx",""
"2024-04-17","complete","present","29","29","0","0","16","44","skip","2024/4/17-4-2024/17-4-2024.docx","2024/4/17-4-2024/17-4-2024 افراد.docx",""
"2024-04-18","complete","present","26","26","0","0","13","44","skip","2024/4/18-4-2024/18-4-2024.docx","2024/4/18-4-2024/18-4-2024 افراد.docx",""
"2024-04-19","complete","present","38","38","0","0","23","44","skip","2024/4/19-4-2024/19-4-2024.docx","2024/4/19-4-2024/19-4-2024 افراد.docx",""
"2024-04-20","complete","present","27","27","0","0","16","44","skip","2024/4/20-4-2024/20-4-2024.docx","2024/4/20-4-2024/20-4-2024 افراد.docx",""
"2024-04-21","complete","present","27","27","0","0","17","44","skip","2024/4/21-4-2024/21-4-2024.docx","2024/4/21-4-2024/21-4-2024 افراد.docx",""
"2024-04-22","complete","present","28","28","0","0","16","44","skip","2024/4/22-4-2024/22-4-2024.docx","2024/4/22-4-2024/22-4-2024 افراد.docx",""
"2024-04-23","complete","present","28","28","0","0","13","44","skip","2024/4/23-4-2024/23-4-2024.docx","2024/4/23-4-2024/23-4-2024 افراد.docx",""
"2024-04-24","complete","present","28","28","0","0","16","44","skip","2024/4/24-4-2024/24-4-2024.docx","2024/4/24-4-2024/24-4-2024 افراد.docx",""
"2024-04-25","complete","present","23","23","0","0","12","44","skip","2024/4/25-4-2024/25-4-2024.docx","2024/4/25-4-2024/25-4-2024 افراد.docx",""
"2024-04-26","complete","present","41","41","0","0","25","44","skip","2024/4/26-4-2024/26-4-2024.docx","2024/4/26-4-2024/26-4-2024 افراد.docx",""
"2024-04-27","complete","present","27","27","0","0","17","44","skip","2024/4/27-4-2024/27-4-2024.docx","2024/4/27-4-2024/27-4-2024 افراد.docx",""
"2024-04-28","complete","present","37","37","0","0","16","44","skip","2024/4/28-4-2024/28-4-2024.docx","2024/4/28-4-2024/28-4-2024 افراد.docx",""
"2024-04-29","complete","present","33","33","0","0","16","44","skip","2024/4/29-4-2024/29-4-2024.docx","2024/4/29-4-2024/28-4-2024 افراد.docx",""
"2024-04-30","complete","present","34","34","0","0","16","44","skip","2024/4/30-4-2024/29-4-2024.docx","2024/4/30-4-2024/30-4-2024 افراد.docx",""
"2024-05-01","complete","present","32","32","0","0","16","44","skip","2024/5/1-5-2024/1-5-2024.docx","2024/5/1-5-2024/30-4-2024 افراد.docx",""
"2024-05-02","complete","present","40","40","0","0","17","44","skip","2024/5/2-5-2024/2-5-2024.docx","2024/5/2-5-2024/28-4-2024 افراد.docx",""
"2024-05-03","complete","present","35","35","0","0","17","44","skip","2024/5/3-5-2024/3-5-2024.docx","2024/5/3-5-2024/3-5-2024 افراد.docx",""
"2024-05-04","complete","present","38","38","0","0","15","44","skip","2024/5/4-5-2024/4-5-2024.docx","2024/5/4-5-2024/4-5-2024 افراد.docx",""
"2024-05-05","complete","present","41","41","0","0","12","44","skip","2024/5/5-5-2024/5-5-2024.docx","2024/5/5-5-2024/5-5-2024 افراد.docx",""
"2024-05-06","complete","present","39","39","0","0","12","44","skip","2024/5/6-5-2024/6-5-2024.docx","2024/5/6-5-2024/5-5-2024 افراد.docx",""
"2024-05-07","complete","present","27","27","0","0","15","44","skip","2024/5/7-5-2024/7-5-2024.docx","2024/5/7-5-2024/7-5-2024 افراد.docx",""
"2024-05-08","complete","present","27","27","0","0","18","44","skip","2024/5/8-5-2024/8-5-2024.docx","2024/5/8-5-2024/8-5-2024 افراد.docx",""
"2024-05-09","complete","present","27","27","0","0","14","44","skip","2024/5/9 -5-2024/9 -5-2024.docx","2024/5/9 -5-2024/9-5-2024 افراد.docx",""
"2024-05-10","complete","present","38","38","0","0","24","44","skip","2024/5/10-5-2024/10 -5-2024.docx","2024/5/10-5-2024/10-5-2024 افراد.docx",""
"2024-05-11","complete","present","25","25","0","0","16","44","skip","2024/5/11-5-2024/11 -5-2024.docx","2024/5/11-5-2024/11-5-2024 افراد.docx",""
"2024-05-12","complete","present","24","24","0","0","15","44","skip","2024/5/12-5-2024/12-5-2024.docx","2024/5/12-5-2024/12-5-2024 افراد.docx",""
"2024-05-13","complete","present","27","27","0","0","18","44","skip","2024/5/13-5-2024/13-5-2024.docx","2024/5/13-5-2024/13-5-2024 افراد.docx",""
"2024-05-14","complete","present","24","24","0","0","11","44","skip","2024/5/14-5-2024/14-5-2024.docx","2024/5/14-5-2024/14-5-2024 افراد.docx",""
"2024-05-15","complete","present","30","30","0","0","16","44","skip","2024/5/15-5-2024/15-5-2024.docx","2024/5/15-5-2024/15-5-2024 افراد.docx",""
"2024-05-16","complete","present","28","28","0","0","17","44","skip","2024/5/16-5-2024/16-5-2024.docx","2024/5/16-5-2024/16-5-2024 افراد.docx",""
"2024-05-17","complete","present","36","36","0","0","25","44","skip","2024/5/17-5-2024/17-5-2024.docx","2024/5/17-5-2024/17-5-2024 افراد.docx",""
"2024-05-18","complete","present","25","25","0","0","13","44","skip","2024/5/18-5-2024/18-5-2024.docx","2024/5/18-5-2024/18-5-2024 افراد.docx",""
"2024-05-19","complete","present","26","26","0","0","16","44","skip","2024/5/19-5-2024/19-5-2024.docx","2024/5/19-5-2024/19-5-2024 افراد.docx",""
"2024-05-20","complete","present","28","28","0","0","14","44","skip","2024/5/20-5-2024/20-5-2024.docx","2024/5/20-5-2024/20-5-2024 افراد.docx",""
"2024-05-21","complete","present","27","27","0","0","17","44","skip","2024/5/21-5-2024/21-5-2024.docx","2024/5/21-5-2024/21-5-2024 افراد.docx",""
"2024-05-22","complete","present","27","27","0","0","14","44","skip","2024/5/22-5-2024/22-5-2024.docx","2024/5/22-5-2024/22-5-2024 افراد.docx",""
"2024-05-23","complete","present","26","26","0","0","15","44","skip","2024/5/23-5-2024/23-5-2024.docx","2024/5/23-5-2024/23-5-2024 افراد.docx",""
"2024-05-24","complete","present","38","38","0","0","27","44","skip","2024/5/24-5-2024/24-5-2024.docx","2024/5/24-5-2024/24-5-2024 افراد.docx",""
"2024-05-25","complete","present","29","29","0","0","14","44","skip","2024/5/25-5-2024/25-5-2024.docx","2024/5/25-5-2024/25-5-2024 افراد.docx",""
"2024-05-26","complete","present","27","27","0","0","14","44","skip","2024/5/26-5-2024/26-5-2024.docx","2024/5/26-5-2024/26-5-2024 افراد.docx",""
"2024-05-27","complete","present","33","33","0","0","15","44","skip","2024/5/27-5-2024/27-5-2024.docx","2024/5/27-5-2024/27-5-2024 افراد.docx",""
"2024-05-28","complete","present","27","27","0","0","12","44","skip","2024/5/28-5-2024/28-5-2024.docx","2024/5/29-5-2024/28-5-2024 افراد.docx",""
"2024-05-29","complete","present","22","22","0","0","12","44","skip","2024/5/29-5-2024/29-5-2024.docx","2024/5/29-5-2024/28-5-2024 افراد.docx",""
"2024-05-30","complete","present","28","28","0","0","17","44","skip","2024/5/30-5-2024/30-5-2024.docx","2024/5/31-5-2024/30-5-2024 افراد.docx",""
"2024-05-31","complete","present","43","43","0","0","24","44","skip","2024/5/31-5-2024/31-5-2024.docx","2024/5/30-5-2024/31-5-2024 افراد.docx",""
"2024-06-01","complete","present","37","37","0","0","21","44","skip","2024/6/1-6-2024/1-6-2024.docx","2024/6/1-6-2024/1-6-2024 افراد.docx",""
"2024-06-02","complete","present","34","34","0","0","17","44","skip","2024/6/2-6-2024/2-6-2024.docx","2024/6/2-6-2024/2-6-2024 افراد.docx",""
"2024-06-03","complete","present","35","35","0","0","16","44","skip","2024/6/3-6-2024/3-6-2024.docx","2024/6/3-6-2024/3-6-2024 افراد.docx",""
"2024-06-04","complete","present","29","29","0","0","14","44","skip","2024/6/4-6-2024/4-6-2024.docx","2024/6/4-6-2024/4-6-2024 افراد.docx",""
"2024-06-05","complete","present","33","33","0","0","19","44","skip","2024/6/5-6-2024/5-6-2024.docx","2024/6/5-6-2024/5-6-2024 افراد.docx",""
"2024-06-06","complete","present","33","33","0","0","11","44","skip","2024/6/6-6-2024/5-6-2024.docx","2024/6/6-6-2024/6-6-2024 افراد.docx",""
"2024-06-07","complete","present","36","36","0","0","21","44","skip","2024/6/7-6-2024/7-6-2024.docx","2024/6/7-6-2024/7-6-2024 افراد.docx",""
"2024-06-08","complete","present","31","31","0","0","18","44","skip","2024/6/8-6-2024/8-6-2024.docx","2024/6/8-6-2024/8-6-2024 افراد.docx",""
"2024-06-09","complete","present","29","29","0","0","16","44","skip","2024/6/9-6-2024/9-6-2024.docx","2024/6/9-6-2024/9-6-2024 افراد.docx",""
"2024-06-10","complete","present","33","33","0","0","18","44","skip","2024/6/10-6-2024/10-6-2024.docx","2024/6/10-6-2024/10-6-2024 افراد.docx",""
"2024-06-11","complete","present","31","31","0","0","15","44","skip","2024/6/11-6-2024/11-6-2024.docx","2024/6/11-6-2024/11-6-2024 افراد.docx",""
"2024-06-12","complete","present","32","32","0","0","16","44","skip","2024/6/12-6-2024/12-6-2024.docx","2024/6/12-6-2024/12-6-2024 افراد.docx",""
"2024-06-13","complete","present","30","30","0","0","12","44","skip","2024/6/13-6-2024/13-6-2024.docx","2024/6/13-6-2024/13-6-2024 افراد.docx",""
"2024-06-14","complete","present","36","36","0","0","24","44","skip","2024/6/14-6-2024/14-6-2024.docx","2024/6/14-6-2024/14-6-2024 افراد.docx",""
"2024-06-15","complete","present","35","35","0","0","17","44","skip","2024/6/15-6-2024/15-6-2024.docx","2024/6/15-6-2024/15-6-2024 افراد.docx",""
"2024-06-16","complete","present","30","30","0","0","19","44","skip","2024/6/16-6-2024/16-6-2024.docx","2024/6/16-6-2024/16-6-2024 افراد.docx",""
"2024-06-17","complete","present","31","31","0","0","18","44","skip","2024/6/17-6-2024/17-6-2024.docx","2024/6/17-6-2024/17-6-2024 افراد.docx",""
"2024-06-18","complete","present","31","31","0","0","17","44","skip","2024/6/18-6-2024/18-6-2024.docx","2024/6/18-6-2024/18-6-2024 افراد.docx",""
"2024-06-19","complete","present","32","32","0","0","16","44","skip","2024/6/19-6-2024/19-6-2024.docx","2024/6/19-6-2024/19-6-2024 افراد.docx",""
"2024-06-20","complete","present","32","32","0","0","19","44","skip","2024/6/20-6-2024/20-6-2024.docx","2024/6/20-6-2024/20-6-2024 افراد.docx",""
"2024-06-21","complete","present","41","41","0","0","19","44","skip","2024/6/21-6-2024/21-6-2024.docx","2024/6/21-6-2024/21-6-2024 افراد.docx",""
"2024-06-22","complete","present","32","32","0","0","13","44","skip","2024/6/22-6-2024/22-6-2024.docx","2024/6/22-6-2024/22-6-2024 افراد.docx",""
"2024-06-23","complete","present","26","26","0","0","10","44","skip","2024/6/23-6-2024/23-6-2024.docx","2024/6/23-6-2024/23-6-2024 افراد.docx",""
"2024-06-24","complete","present","30","30","0","0","18","44","skip","2024/6/24-6-2024/24-6-2024.docx","2024/6/24-6-2024/24-6-2024 افراد.docx",""
"2024-06-25","complete","present","31","31","0","0","15","44","skip","2024/6/25-6-2024/25.6.2024.docx","2024/6/25-6-2024/25-6-2024 افراد.docx",""
"2024-06-26","complete","present","29","29","0","0","15","44","skip","2024/6/26-6-2024/26.6.2024.docx","2024/6/26-6-2024/26-6-2024 افراد.docx",""
"2024-06-27","complete","present","31","31","0","0","14","44","skip","2024/6/27-6-2024/27.6.2024.docx","2024/6/27-6-2024/27-6-2024 افراد.docx",""
"2024-06-28","complete","present","38","38","0","0","20","44","skip","2024/6/28-6-2024/28.6.2024.docx","2024/6/28-6-2024/28-6-2024 افراد.docx",""
"2024-06-29","complete","present","37","37","0","0","17","44","skip","2024/6/29-6-2024/29-6-2024.docx","2024/6/29-6-2024/29-6-2024 افراد.docx",""
"2024-06-30","complete","present","47","47","0","0","22","44","skip","2024/6/30-6-2024/30-6-2024.docx","2024/6/30-6-2024/30-6-2024 افراد.docx",""
"2024-07-01","complete","present","33","33","0","0","15","44","skip","2024/7/1-7-2024/1-7-2024.docx","2024/7/1-7-2024/1-7-2024 افراد.docx",""
"2024-07-02","complete","present","34","34","0","0","12","44","skip","2024/7/2-7-2024/2-7-2024.docx","2024/7/2-7-2024/2-7-2024 افراد.docx",""
"2024-07-03","complete","present","33","33","0","0","17","44","skip","2024/7/3-7-2024/3-7-2024.docx","2024/7/3-7-2024/3-7-2024 افراد.docx",""
"2024-07-04","complete","present","29","29","0","0","13","44","skip","2024/7/4-7-2024/4-7-2024.docx","2024/7/4-7-2024/4-7-2024 افراد.docx",""
"2024-07-05","complete","present","37","37","0","0","16","44","skip","2024/7/5-7-2024/5-7-2024.docx","2024/7/5-7-2024/5-7-2024 افراد.docx",""
"2024-07-06","complete","present","36","36","0","0","17","44","skip","2024/7/6-7-2024/6-7-2024.docx","2024/7/6-7-2024/6-7-2024 افراد.docx",""
"2024-07-07","complete","present","30","30","0","0","17","44","skip","2024/7/7-7-2024/7-7-2024.docx","2024/7/7-7-2024/7-7-2024 افراد.docx",""
"2024-07-08","complete","present","31","31","0","0","17","44","skip","2024/7/8-7-2024/8-7-2024.docx","2024/7/8-7-2024/8-7-2024 افراد.docx",""
"2024-07-09","complete","present","30","30","0","0","12","44","skip","2024/7/9-7-2024/9-7-2024.docx","2024/7/9-7-2024/9-7-2024 افراد.docx",""
"2024-07-10","complete","present","34","34","0","0","14","44","skip","2024/7/10-7-2024/10-7-2024.docx","2024/7/10-7-2024/10-7-2024 افراد.docx",""
"2024-07-11","complete","present","32","32","0","0","14","44","skip","2024/7/11-7-2024/11-7-2024.docx","2024/7/11-7-2024/11-7-2024 افراد.docx",""
"2024-07-12","complete","present","47","47","0","0","25","44","skip","2024/7/12-7-2024/12-7-2024.docx","2024/7/12-7-2024/12-7-2024 افراد.docx",""
"2024-07-13","complete","present","35","35","0","0","17","44","skip","2024/7/13-7-2024/13-7-2024.docx","2024/7/13-7-2024/13-7-2024 افراد.docx",""
"2024-07-14","complete","present","32","32","0","0","17","44","skip","2024/7/14-7-2024/14-7-2024.docx","2024/7/14-7-2024/14-7-2024 افراد.docx",""
"2024-07-15","complete","present","33","33","0","0","16","44","skip","2024/7/15-7-2024/15-7-2024.docx","2024/7/15-7-2024/15-7-2024 افراد.docx",""
"2024-07-16","complete","present","24","24","0","0","11","44","skip","2024/7/16-7-2024/16-7-2024.docx","2024/7/16-7-2024/16-7-2024 افراد.docx",""
"2024-07-17","complete","present","34","34","0","0","14","44","skip","2024/7/17-7-2024/17-7-2024.docx","2024/7/17-7-2024/17-7-2024 افراد.docx",""
"2024-07-18","complete","present","28","28","0","0","9","44","skip","2024/7/18-7-2024/18-7-2024.docx","2024/7/18-7-2024/18-7-2024 افراد.docx",""
"2024-07-19","complete","present","36","36","0","0","18","44","skip","2024/7/19-7-2024/19-7-2024.docx","2024/7/19-7-2024/19-7-2024 افراد.docx",""
"2024-07-20","complete","present","28","28","0","0","12","44","skip","2024/7/20-7-2024/20-7-2024.docx","2024/7/20-7-2024/20-7-2024 افراد.docx",""
"2024-07-21","complete","present","30","30","0","0","10","44","skip","2024/7/21-7-2024/21-7-2024.docx","2024/7/21-7-2024/21-7-2024 افراد.docx",""
"2024-07-22","complete","present","32","32","0","0","14","44","skip","2024/7/22-7-2024/22-7-2024.docx","2024/7/22-7-2024/22-7-2024 افراد.docx",""
"2024-07-23","complete","present","28","28","0","0","11","44","skip","2024/7/23-7-2024/23-7-2024.docx","2024/7/23-7-2024/23-7-2024 افراد.docx",""
"2024-07-24","complete","present","33","33","0","0","13","44","skip","2024/7/24-7-2024/24-7-2024.docx","2024/7/24-7-2024/24-7-2024 افراد.docx",""
"2024-07-25","complete","present","28","28","0","0","9","44","skip","2024/7/25-7-2024/25-7-2024.docx","2024/7/25-7-2024/25-7-2024 افراد.docx",""
"2024-07-26","complete","present","43","43","0","0","26","44","skip","2024/7/26-7-2024/26-7-2024.docx","2024/7/26-7-2024/26-7-2024 افراد.docx",""
"2024-07-27","complete","present","32","32","0","0","12","44","skip","2024/7/27-7-2024/27-7-2024.docx","2024/7/27-7-2024/27-7-2024 افراد.docx",""
"2024-07-28","complete","present","33","33","0","0","10","44","skip","2024/7/28-7-2024/28-7-2024.docx","2024/7/28-7-2024/28-7-2024 افراد.docx",""
"2024-07-29","complete","present","24","24","0","0","12","40","skip","2024/7/29-7-2024/29-7-2024.docx","2024/7/29-7-2024/29-7-2024 افراد.docx",""
"2024-07-30","complete","present","25","25","0","0","10","40","skip","2024/7/30-7-2024/30-7-2024.docx","2024/7/30-7-2024/30-7-2024 افراد.docx",""
"2024-07-31","complete","present","26","26","0","0","12","38","skip","2024/7/31-7-2024/31-7-2024.docx","2024/7/31-7-2024/31-7-2024 افراد.docx",""
"2024-08-01","complete","present","24","24","0","0","11","36","skip","2024/8/1-8-2024/1-8-2024.docx","2024/8/1-8-2024/1-8-2024 افراد.docx",""
"2024-08-02","complete","present","36","36","0","0","22","36","skip","2024/8/2-8-2024/2-8-2024.docx","2024/8/2-8-2024/2-8-2024 افراد.docx",""
"2024-08-03","complete","present","26","26","0","0","15","34","skip","2024/8/3-8-2024/3-8-2024.docx","2024/8/3-8-2024/3-8-2024 افراد.docx",""
"2024-08-04","complete","present","30","30","0","0","10","40","skip","2024/8/4-8-2024/4-8-2024.docx","2024/8/4-8-2024/4-8-2024 افراد.docx",""
"2024-08-05","complete","present","34","34","0","0","14","38","skip","2024/8/5-8-2024/5-8-2024.docx","2024/8/5-8-2024/5-8-2024 افراد.docx",""
"2024-08-06","complete","present","33","33","0","0","16","38","skip","2024/8/6-8-2024/6-8-2024.docx","2024/8/6-8-2024/6-8-2024 افراد.docx",""
"2024-08-07","complete","present","30","30","0","0","16","38","skip","2024/8/7-8-2024/7-8-2024.docx","2024/8/7-8-2024/7-8-2024 افراد.docx",""
"2024-08-08","complete","present","30","30","0","0","13","38","skip","2024/8/8-8-2024/8-8-2024.docx","2024/8/8-8-2024/8-8-2024 افراد.docx",""
"2024-08-09","complete","present","41","41","0","0","15","38","skip","2024/8/9-8-2024/9-8-2024.docx","2024/8/9-8-2024/9-8-2024 افراد.docx",""
"2024-08-10","complete","present","30","30","0","0","13","36","skip","2024/8/10-8-2024/10-8-2024.docx","2024/8/10-8-2024/10-8-2024 افراد.docx",""
"2024-08-11","complete","present","30","30","0","0","13","36","skip","2024/8/11-8-2024/11-8-2024.docx","2024/8/11-8-2024/11-8-2024 افراد.docx",""
"2024-08-12","complete","present","33","33","0","0","12","36","skip","2024/8/12-8-2024/12-8-2024.docx","2024/8/12-8-2024/12-8-2024 افراد.docx",""
"2024-08-13","complete","present","28","28","0","0","9","36","skip","2024/8/13-8-2024/13-8-2024.docx","2024/8/13-8-2024/13-8-2024 افراد.docx",""
"2024-08-14","complete","present","33","33","0","0","13","36","skip","2024/8/14-8-2024/14-8-2024.docx","2024/8/14-8-2024/14-8-2024 افراد.docx",""
"2024-08-15","complete","present","30","30","0","0","7","36","skip","2024/8/15-8-2024/15-8-2024.docx","2024/8/15-8-2024/15-8-2024 افراد.docx",""
"2024-08-16","complete","present","40","40","0","0","16","36","skip","2024/8/16-8-2024/16-8-2024.docx","2024/8/16-8-2024/16-8-2024 افراد.docx",""
"2024-08-17","complete","present","30","30","0","0","14","36","skip","2024/8/17-8-2024/17-8-2024.docx","2024/8/17-8-2024/17-8-2024 افراد.docx",""
"2024-08-18","complete","present","28","28","0","0","12","36","skip","2024/8/18-8-2024/18-8-2024.docx","2024/8/18-8-2024/18-8-2024 افراد.docx",""
"2024-08-19","complete","present","30","30","0","0","13","36","skip","2024/8/19-8-2024/19-8-2024.docx","2024/8/19-8-2024/19-8-2024 افراد.docx",""
"2024-08-20","complete","present","28","28","0","0","10","36","skip","2024/8/20-8-2024/20-8-2024.docx","2024/8/20-8-2024/20-8-2024 افراد.docx",""
"2024-08-21","complete","present","31","31","0","0","10","36","skip","2024/8/21-8-2024/21-8-2024.docx","2024/8/21-8-2024/21-8-2024 افراد.docx",""
"2024-08-22","complete","present","32","32","0","0","9","36","skip","2024/8/22-8-2024/22-8-2024.docx","2024/8/22-8-2024/22-8-2024 افراد.docx",""
"2024-08-23","complete","present","37","37","0","0","18","36","skip","2024/8/23-8-2024/23-8-2024.docx","2024/8/23-8-2024/22-8-2024 افراد.docx",""
"2024-08-24","complete","present","27","27","0","0","13","36","skip","2024/8/24-8-2024/24-8-2024 بند.docx","2024/8/24-8-2024/23-8-2024 افراد.docx",""
"2024-08-25","complete","present","23","23","0","0","10","36","skip","2024/8/25-8-2024/25-8-2024.docx","2024/8/25-8-2024/25-8-2024 افراد.docx",""
"2024-08-26","complete","present","32","32","0","0","17","36","skip","2024/8/26-8-2024/26-8-2024.docx","2024/8/26-8-2024/26-8-2024 افراد.docx",""
"2024-08-27","complete","present","31","31","0","0","14","36","skip","2024/8/27-8-2024/27-8-2024.docx","2024/8/27-8-2024/27-8-2024 افراد.docx",""
"2024-08-28","complete","present","39","39","0","0","14","36","skip","2024/8/28-8-2024/28-8-2024.docx","2024/8/28-8-2024/28-8-2024 افراد.docx",""
"2024-08-29","complete","present","33","33","0","0","13","36","skip","2024/8/29-8-2024/29-8-2024.docx","2024/8/29-8-2024/29-8-2024 افراد.docx",""
"2024-08-30","complete","present","39","39","0","0","23","36","skip","2024/8/30-8-2024/30-8-2024.docx","2024/8/30-8-2024/30-8-2024 افراد.docx",""
"2024-08-31","complete","present","28","28","0","0","14","36","skip","2024/8/30-8-2024 - Copy/30-8-2024.docx","2024/8/30-8-2024 - Copy/31-8-2024 افراد.docx","recovered-from-copy-folder"
"2024-09-01","complete","present","28","28","0","0","12","36","skip","2024/9/1/1-9-2024.docx","2024/9/1/1-9-2024 افراد.docx",""
"2024-09-02","complete","present","31","31","0","0","14","36","skip","2024/9/2/2-9-2024.docx","2024/9/2/1-9-2024 افراد.docx",""
"2024-09-03","complete","present","31","31","0","0","12","36","skip","2024/9/3/3-9-2024.docx","2024/9/3/3-9-2024 افراد.docx",""
"2024-09-04","complete","present","32","32","0","0","11","36","skip","2024/9/4/4-9-2024.docx","2024/9/4/4-9-2024 افراد.docx",""
"2024-09-05","complete","present","34","34","0","0","13","36","skip","2024/9/5/5-9-2024.docx","2024/9/5/5-9-2024 افراد.docx",""
"2024-09-06","complete","present","41","41","0","0","23","36","skip","2024/9/6/6-9-2024.docx","2024/9/6/5-9-2024 افراد.docx",""
"2024-09-07","complete","present","28","28","0","0","11","36","skip","2024/9/7/7-9-2024.docx","2024/9/7/7-9-2024 افراد.docx",""
"2024-09-08","complete","present","26","26","0","0","12","36","skip","2024/9/8/8-9-2024.docx","2024/9/8/8-9-2024 افراد.docx",""
"2024-09-09","complete","present","27","27","0","0","15","36","skip","2024/9/9/9-9-2024.docx","2024/9/9/9-9-2024 افراد.docx",""
"2024-09-10","complete","present","26","26","0","0","12","36","skip","2024/9/10/10-9-2024.docx","2024/9/10/10-9-2024 افراد.docx",""
"2024-09-11","complete","present","30","30","0","0","11","36","skip","2024/9/11/11-9-2024.docx","2024/9/11/11-9-2024 افراد.docx",""
"2024-09-12","complete","present","27","27","0","0","12","36","skip","2024/9/12/12-9-2024.docx","2024/9/12/11-9-2024 افراد.docx",""
"2024-09-13","complete","present","39","39","0","0","25","36","skip","2024/9/13/13-9-2024.docx","2024/9/13/13-9-2024 افراد.docx",""
"2024-09-14","complete","present","25","25","0","0","10","36","skip","2024/9/14/14-9-2024.docx","2024/9/14/14-9-2024 افراد.docx",""
"2024-09-15","complete","present","22","22","0","0","8","36","skip","2024/9/15/15-9-2024.docx","2024/9/15/15-9-2024 افراد.docx",""
"2024-09-16","complete","present","28","28","0","0","15","36","skip","2024/9/16/16-9-2024.docx","2024/9/16/16-9-2024 افراد.docx",""
"2024-09-17","complete","present","28","28","0","0","15","36","skip","2024/9/17/17-9-2024.docx","2024/9/17/17-9-2024 افراد.docx",""
"2024-09-18","complete","present","30","30","0","0","14","36","skip","2024/9/18/18-9-2024.docx","2024/9/18/18-9-2024 افراد.docx",""
"2024-09-19","complete","present","24","24","0","0","12","36","skip","2024/9/19/19-9-2024.docx","2024/9/19/19-9-2024 افراد.docx",""
"2024-09-20","complete","present","33","33","0","0","18","36","skip","2024/9/20/20-9-2024.docx","2024/9/20/19-9-2024 افراد.docx",""
"2024-09-21","complete","present","29","29","0","0","11","36","skip","2024/9/21/21-9-2024.docx","2024/9/21/21-9-2024 افراد.docx",""
"2024-09-22","complete","present","26","26","0","0","12","36","skip","2024/9/22/22-9-2024.docx","2024/9/22/22-9-2024 افراد.docx",""
"2024-09-23","complete","present","26","26","0","0","14","36","skip","2024/9/23/23-9-2024.docx","2024/9/23/23-9-2024 افراد.docx",""
"2024-09-24","complete","present","29","29","0","0","13","36","skip","2024/9/24/24-9-2024.docx","2024/9/24/24-9-2024 افراد.docx",""
"2024-09-25","complete","present","27","27","0","0","11","36","skip","2024/9/25/25-9-2024.docx","2024/9/25/25-9-2024 افراد.docx",""
"2024-09-26","complete","present","23","23","0","0","11","36","skip","2024/9/26/26-9-2024.docx","2024/9/26/26-9-2024 افراد.docx",""
"2024-09-27","complete","present","42","42","0","0","22","36","skip","2024/9/27/27-9-2024.docx","2024/9/27/27-9-2024 افراد.docx",""
"2024-09-28","complete","present","27","27","0","0","12","36","skip","2024/9/28/28-9-2024.docx","2024/9/28/28-9-2024 افراد.docx",""
"2024-09-29","complete","present","28","28","0","0","13","36","skip","2024/9/29/29-9-2024.docx","2024/9/29/29-9-2024 افراد.docx",""
"2024-09-30","complete","present","29","29","0","0","15","36","skip","2024/9/30/30-9-2024.docx","2024/9/30/30-9-2024 افراد.docx",""
"2024-10-01","complete","present","25","25","0","0","13","36","skip","2024/10/1/1-10-2024.docx","2024/10/1/1-10-2024 افراد.docx",""
"2024-10-02","complete","present","30","30","0","0","11","36","skip","2024/10/2/2-10-2024.docx","2024/10/2/2-10-2024 افراد.docx",""
"2024-10-03","complete","present","26","26","0","0","12","36","skip","2024/10/3/3-10-2024.docx","2024/10/3/3-10-2024 افراد.docx",""
"2024-10-04","complete","present","43","43","0","0","20","36","skip","2024/10/4/4-10-2024.docx","2024/10/4/4-10-2024 افراد.docx",""
"2024-10-05","complete","present","45","45","0","0","12","36","skip","2024/10/5/5-10-2024.docx","2024/10/5/5-10-2024 افراد.docx",""
"2024-10-06","complete","present","36","36","0","0","12","36","skip","2024/10/6/6-10-2024.docx","2024/10/6/6-10-2024 افراد.docx",""
"2024-10-07","complete","present","43","43","0","0","16","36","skip","2024/10/7/7-10-2024.docx","2024/10/7/7-10-2024 افراد.docx",""
"2024-10-08","complete","present","29","29","0","0","9","36","skip","2024/10/8/8-10-2024.docx","2024/10/8/8-10-2024 افراد.docx",""
"2024-10-09","complete","present","27","27","0","0","12","38","skip","2024/10/9/9-10-2024.docx","2024/10/9/9-10-2024 افراد.docx",""
"2024-10-10","complete","present","27","27","0","0","11","38","skip","2024/10/10/10-10-2024.docx","2024/10/10/10-10-2024 افراد.docx",""
"2024-10-11","complete","present","40","40","0","0","17","38","skip","2024/10/11/11-10-2024.docx","2024/10/11/11-10-2024 افراد.docx",""
"2024-10-12","complete","present","30","30","0","0","9","38","skip","2024/10/12/12-10-2024.docx","2024/10/12/12-10-2024 افراد.docx",""
"2024-10-13","complete","present","30","30","0","0","12","38","skip","2024/10/13/13-10-2024.docx","2024/10/13/13-10-2024 افراد.docx",""
"2024-10-14","complete","present","29","29","0","0","14","38","skip","2024/10/14/14-10-2024.docx","2024/10/14/14-10-2024 افراد.docx",""
"2024-10-15","complete","present","26","26","0","0","14","36","skip","2024/10/15/15 -10-2024.docx","2024/10/15/15-10-2024 افراد.docx",""
"2024-10-16","complete","present","27","27","0","0","13","36","skip","2024/10/16/16-10-2024.docx","2024/10/16/16-10-2024 افراد.docx",""
"2024-10-17","complete","present","28","28","0","0","15","36","skip","2024/10/17/17 -10-2024.docx","2024/10/17/17-10-2024 افراد.docx",""
"2024-10-18","complete","present","41","41","0","0","17","36","skip","2024/10/18/18-10-2024.docx","2024/10/18/18-10-2024 افراد.docx",""
"2024-10-19","complete","present","29","29","0","0","13","36","skip","2024/10/19/19-10-2024.docx","2024/10/19/19-10-2024 افراد.docx",""
"2024-10-20","complete","present","31","31","0","0","13","36","skip","2024/10/20/20 -10-2024.docx","2024/10/20/20-10-2024 افراد.docx",""
"2024-10-21","complete","present","28","28","0","0","12","36","skip","2024/10/21/21-10-2024.docx","2024/10/21/21-10-2024 افراد.docx",""
"2024-10-22","complete","present","27","27","0","0","9","36","skip","2024/10/22/22-10-2024.docx","2024/10/22/22-10-2024 افراد.docx",""
"2024-10-23","complete","present","27","27","0","0","10","36","skip","2024/10/23/23-10-2024.docx","2024/10/23/23-10-2024 افراد.docx",""
"2024-10-24","complete","present","42","42","0","0","17","36","skip","2024/10/24/24-10-2024.docx","2024/10/24/24-10-2024 افراد.docx",""
"2024-10-25","complete","present","40","40","0","0","25","36","skip","2024/10/25/25-10-2024.docx","2024/10/25/25-10-2024 افراد.docx",""
"2024-10-26","complete","present","37","37","0","0","13","36","skip","2024/10/26/26-10-2024.docx","2024/10/26/26-10-2024 افراد.docx",""
"2024-10-27","complete","present","34","34","0","0","13","36","skip","2024/10/27/27-10-2024.docx","2024/10/27/27-10-2024 افراد.docx",""
"2024-10-28","complete","present","29","29","0","0","12","36","skip","2024/10/28/28-10-2024.docx","2024/10/28/28-10-2024 افراد.docx",""
"2024-10-29","complete","present","27","27","0","0","11","36","skip","2024/10/29/29-10-2024.docx","2024/10/29/28-10-2024 افراد.docx",""
"2024-10-30","complete","present","40","40","0","0","18","36","skip","2024/10/30/30-10-2024.docx","2024/10/30/30-10-2024 افراد.docx",""
"2024-10-31","complete","present","30","30","0","0","8","36","skip","2024/10/31/31-10-2024.docx","2024/10/31/31-10-2024 افراد.docx",""
"2024-11-01","complete","present","45","45","0","0","17","36","skip","2024/11/1/1-11-2024.docx","2024/11/1/1-11-2024 افراد.docx",""
"2024-11-02","complete","present","33","33","0","0","7","36","skip","2024/11/2/2-11-2024.docx","2024/11/2/2-11-2024 افراد.docx",""
"2024-11-03","complete","present","33","33","0","0","9","36","skip","2024/11/3/3-11-2024.docx","2024/11/3/3-11-2024 افراد.docx",""
"2024-11-04","complete","present","37","37","0","0","14","36","skip","2024/11/4/4-11-2024.docx","2024/11/4/4-11-2024 افراد.docx",""
"2024-11-05","complete","present","27","27","0","0","9","36","skip","2024/11/5/5-11-2024.docx","2024/11/5/5-11-2024 افراد.docx",""
"2024-11-06","complete","present","30","30","0","0","11","36","skip","2024/11/6/6-11-2024.docx","2024/11/6/6-11-2024 افراد.docx",""
"2024-11-07","complete","present","32","32","0","0","13","36","skip","2024/11/7/7 -11-2024.docx","2024/11/7/7-11-2024 افراد.docx",""
"2024-11-08","complete","present","40","40","0","0","16","36","skip","2024/11/8/8-11-2024.docx","2024/11/8/7-11-2024 افراد.docx",""
"2024-11-09","complete","present","32","32","0","0","13","36","skip","2024/11/9/9-11-2024.docx","2024/11/9/9-11-2024 افراد.docx",""
"2024-11-10","complete","present","42","42","0","0","15","36","skip","2024/11/10/10-11-2024.docx","2024/11/10/9-11-2024 افراد.docx",""
"2024-11-11","complete","present","33","33","0","0","16","36","skip","2024/11/11/11-11-2024.docx","2024/11/11/11 -11-2024 افراد.docx",""
"2024-11-12","complete","present","32","32","0","0","11","36","skip","2024/11/12/12-11-2024.docx","2024/11/12/12-11-2024 افراد.docx",""
"2024-11-13","complete","present","35","35","0","0","15","36","skip","2024/11/13/13-11-2024.docx","2024/11/13/13-11-2024 افراد.docx",""
"2024-11-14","complete","present","35","35","0","0","9","36","skip","2024/11/14/14-11-2024.docx","2024/11/14/14-11-2024 افراد.docx",""
"2024-11-15","complete","present","40","40","0","0","11","36","skip","2024/11/15/15-11-2024.docx","2024/11/15/15-11-2024 افراد.docx",""
"2024-11-16","complete","present","39","39","0","0","11","36","skip","2024/11/16/16-11-2024.docx","2024/11/16/16-11-2024 افراد.docx",""
"2024-11-17","complete","present","43","43","0","0","14","36","skip","2024/11/17/17-11-2024.docx","2024/11/17/17-11-2024 افراد.docx",""
"2024-11-18","complete","present","42","42","0","0","14","36","skip","2024/11/18/18-11-2024.docx","2024/11/18/18-11-2024 افراد.docx",""
"2024-11-19","complete","present","36","36","0","0","11","36","skip","2024/11/19/19-11-2024.docx","2024/11/19/19-11-2024 افراد.docx",""
"2024-11-20","complete","present","36","36","0","0","16","36","skip","2024/11/20/20-11-2024.docx","2024/11/20/20-11-2024 افراد.docx",""
"2024-11-21","complete","present","38","38","0","0","9","36","skip","2024/11/21/21-11-2024.docx","2024/11/21/21-11-2024 افراد.docx",""
"2024-11-22","complete","present","46","46","0","0","16","36","skip","2024/11/22/22-11-2024.docx","2024/11/22/22-11-2024 افراد.docx",""
"2024-11-23","complete","present","31","31","0","0","13","34","skip","2024/11/23/23-11-2024.docx","2024/11/23/23-11-2024 افراد.docx",""
"2024-11-24","complete","present","41","41","0","0","14","34","skip","2024/11/24/24-11-2024.docx","2024/11/24/24-11-2024 افراد.docx",""
"2024-11-25","complete","present","37","37","0","0","10","34","skip","2024/11/25/25-11-2024.docx","2024/11/25/25-11-2024 افراد.docx",""
"2024-11-26","complete","present","22","22","0","0","2","0","skip","2024/11/26/بنود الحضور.docx","2024/11/26/26-11-2024 افراد.docx",""
"2024-11-27","complete","present","44","44","0","0","15","34","skip","2024/11/27/27-11-2024.docx","2024/11/27/27-11-2024 افراد.docx",""
"2024-11-28","complete","present","42","42","0","0","11","34","skip","2024/11/28/28-11-2024.docx","2024/11/28/28-11-2024 افراد.docx",""
"2024-11-29","complete","present","46","46","0","0","16","34","skip","2024/11/29/29-11-2024.docx","2024/11/29/29-11-2024 افراد.docx",""
"2024-11-30","complete","present","36","36","0","0","14","34","skip","2024/11/30/30-11-2024.docx","2024/11/30/30-11-2024 افراد.docx",""
"2024-12-01","complete","present","36","36","0","0","14","34","skip","2024/12/1/1-12-2024.docx","2024/12/1/1-12-2024 افراد.docx",""
"2024-12-02","complete","present","48","48","0","0","20","34","skip","2024/12/2/2-12-2024.docx","2024/12/2/2-12-2024 افراد.docx",""
"2024-12-03","complete","present","31","31","0","0","11","34","skip","2024/12/3/3-12-2024.docx","2024/12/3/3-12-2024 افراد.docx",""
"2024-12-04","complete","present","35","35","0","0","8","0","skip","2024/12/4/بنود الحضور.docx","2024/12/4/4-12-2024 افراد.docx",""
"2024-12-05","complete","present","34","34","0","0","12","34","skip","2024/12/5/5-12-2024.docx","2024/12/5/5-12-2024 افراد.docx",""
"2024-12-06","complete","present","49","49","0","0","16","34","skip","2024/12/6/6-12-2024.docx","2024/12/6/6-12-2024 افراد.docx",""
"2024-12-07","complete","present","35","35","0","0","13","34","skip","2024/12/7/7-12-2024.docx","2024/12/7/7-12-2024 افراد.docx",""
"2024-12-08","complete","present","44","44","0","0","9","34","skip","2024/12/8/8-12-2024.docx","2024/12/8/8-12-2024 افراد.docx",""
"2024-12-09","complete","present","40","40","0","0","18","34","skip","2024/12/9/9-12-2024.docx","2024/12/9/9-12-2024 افراد.docx",""
"2024-12-10","complete","present","44","44","0","0","15","34","skip","2024/12/10/10-12-2024.docx","2024/12/10/10-12-2024 افراد.docx",""
"2024-12-11","complete","present","47","47","0","0","21","34","skip","2024/12/11/11-12-2024.docx","2024/12/11/11-12-2024 افراد.docx",""
"2024-12-12","complete","present","42","42","0","0","11","34","skip","2024/12/12/12-12-2024.docx","2024/12/12/12-12-2024 افراد.docx",""
"2024-12-13","complete","present","50","50","0","0","17","34","skip","2024/12/13/13-12-2024.docx","2024/12/13/13-12-2024 افراد.docx",""
"2024-12-14","complete","present","37","37","0","0","13","34","skip","2024/12/14/14-12-2024.docx","2024/12/14/14-12-2024 افراد.docx",""
"2024-12-15","complete","present","49","49","0","0","12","34","skip","2024/12/15/15-12-2024.docx","2024/12/15/15-12-2024 افراد.docx",""
"2024-12-16","complete","present","38","38","0","0","10","34","skip","2024/12/16/16-12-2024.docx","2024/12/16/16-12-2024 افراد.docx",""
"2024-12-17","complete","present","36","36","0","0","8","34","skip","2024/12/17/17-12-2024.docx","2024/12/17/17-12-2024 افراد.docx",""
"2024-12-18","complete","present","41","41","0","0","16","34","skip","2024/12/18/18-12-2024.docx","2024/12/18/18-12-2024 افراد.docx",""
"2024-12-19","complete","present","45","45","0","0","10","34","skip","2024/12/19/19-12-2024.docx","2024/12/19/19-12-2024 افراد.docx",""
"2024-12-20","complete","present","42","42","0","0","12","34","skip","2024/12/20/20-12-2024.docx","2024/12/20/20-12-2024 افراد.docx",""
"2024-12-21","complete","present","32","32","0","0","12","34","skip","2024/12/21/21-12-2024.docx","2024/12/21/21-12-2024 افراد.docx",""
"2024-12-22","complete","present","40","40","0","0","9","34","skip","2024/12/22/22-12-2024.docx","2024/12/22/22-12-2024 افراد.docx",""
"2024-12-23","complete","present","37","37","0","0","15","36","skip","2024/12/23/23-12-2024.docx","2024/12/23/23-12-2024 افراد.docx",""
"2024-12-24","complete","present","35","35","0","0","13","34","skip","2024/12/24/24-12-2024.docx","2024/12/24/24-12-2024 افراد.docx",""
"2024-12-25","complete","present","36","36","0","0","12","34","skip","2024/12/25/25-12-2024 للمديرية.docx","2024/12/25/25-12-2024 افراد.docx",""
"2024-12-26","complete","present","43","43","0","0","12","34","skip","2024/12/26/26-12-2024.docx","2024/12/26/26-12-2024 افراد.docx",""
"2024-12-27","complete","present","47","47","0","0","18","34","skip","2024/12/27/27-12-2024 للمديرية.docx","2024/12/27/27-12-2024 افراد.docx",""
"2024-12-28","complete","present","31","31","0","0","10","34","skip","2024/12/28/28-12-2024 للمديرية.docx","2024/12/28/28-12-2024 افراد.docx",""
"2024-12-29","complete","present","33","33","0","0","11","34","skip","2024/12/29/29-12-2024 للمديرية.docx","2024/12/29/29-12-2024 افراد.docx",""
"2024-12-30","complete","present","37","37","0","0","13","34","skip","2024/12/30/30-12-2024 للمديرية.docx","2024/12/30/30-12-2024 افراد.docx",""
"2024-12-31","complete","present","42","42","0","0","11","34","skip","2024/12/31/31-12-2024 للمديرية.docx","2024/12/31/31-12-2024 افراد.docx",""
"2025-01-01","complete","present","34","34","0","0","11","34","skip","2025/1/1/1-1-2025للمديرية.docx","2025/1/1/1-1-2025افراد.docx",""
"2025-01-02","complete","present","33","33","0","0","13","34","skip","2025/1/2/2-1-2025للمديرية.docx","2025/1/2/2-1-2025افراد.docx",""
"2025-01-03","complete","present","43","43","0","0","14","34","skip","2025/1/3/3-1-2025للمديرية.docx","2025/1/3/3-1-2025افراد.docx",""
"2025-01-04","complete","present","35","35","0","0","7","34","skip","2025/1/4/4-1-2025 للمديرية.docx","2025/1/4/4-1-2025 افراد.docx",""
"2025-01-05","complete","present","41","41","0","0","8","34","skip","2025/1/5/5-1-2025 للمديرية.docx","2025/1/5/5-1-2025 افراد.docx",""
"2025-01-06","complete","present","40","40","0","0","9","0","skip","2025/1/6/6-1-2025 للمديرية.docx","2025/1/6/6-1-2024 افراد.docx","afraad: name year typo"
"2025-01-07","complete","present","38","38","0","0","11","0","skip","2025/1/7/7-1-2025 للمديرية.docx","2025/1/7/7-1-2024 افراد.docx","afraad: name year typo"
"2025-01-08","complete","present","33","33","0","0","10","34","skip","2025/1/8/8-1-2025للمديرية.docx","2025/1/8/8-1-2024 افراد.docx","afraad: name year typo"
"2025-01-09","complete","present","37","37","0","0","11","34","skip","2025/1/9/9-1-2025للمديرية.docx","2025/1/9/9-1-2024 افراد.docx","afraad: name year typo"
"2025-01-10","complete","present","44","44","0","0","10","34","skip","2025/1/10/10-1-2025للمديرية.docx","2025/1/10/10-1-2025افراد.docx",""
"2025-01-11","complete","present","33","33","0","0","5","34","skip","2025/1/11/11-1-2025للمديرية.docx","2025/1/11/11-1-2024 افراد.docx","afraad: name year typo"
"2025-01-12","complete","present","35","35","0","0","7","34","skip","2025/1/12/12-1-2025للمديرية.docx","2025/1/12/12-1-2024 افراد.docx","afraad: name year typo"
"2025-01-13","complete","present","29","29","0","0","7","34","skip","2025/1/13/13-1-2025للمديرية.docx","2025/1/13/13-1-2024 افراد.docx","afraad: name year typo"
"2025-01-14","complete","present","37","37","0","0","6","34","skip","2025/1/14/14-1-2025للمديرية.docx","2025/1/14/14-1-2024 افراد.docx","afraad: name year typo"
"2025-01-15","complete","present","31","31","0","0","4","34","skip","2025/1/15/15-1-2025للمديرية.docx","2025/1/15/15-1-2024 افراد.docx","afraad: name year typo"
"2025-01-16","complete","present","32","32","0","0","6","34","skip","2025/1/16/16-1-2025للمديرية.docx","2025/1/16/16-1-2024 افراد.docx","afraad: name year typo"
"2025-01-17","complete","present","40","40","0","0","14","32","skip","2025/1/17/17-1-2025 للمديرية.docx","2025/1/17/17-1-2025 افراد.docx",""
"2025-01-18","complete","present","22","22","0","0","6","32","skip","2025/1/18/18-1-2025 للمديرية.docx","2025/1/18/18-1-2024 افراد.docx","afraad: name year typo"
"2025-01-19","complete","present","31","31","0","0","8","32","skip","2025/1/19/19-1-2025 للمديرية.docx","2025/1/19/19-1-2024 افراد.docx","afraad: name year typo"
"2025-01-20","complete","present","31","31","0","0","9","32","skip","2025/1/20/20-1-2025 للمديرية.docx","2025/1/20/20-1-2024 افراد.docx","afraad: name year typo"
"2025-01-21","complete","present","30","30","0","0","8","32","skip","2025/1/21/21-1-2025 للمديرية.docx","2025/1/21/21-1-2024 افراد.docx","afraad: name year typo"
"2025-01-22","complete","present","38","38","0","0","6","32","skip","2025/1/22/22-1-2025 للمديرية.docx","2025/1/22/22-1-2024 افراد.docx","afraad: name year typo"
"2025-01-23","complete","present","49","49","0","0","16","32","skip","2025/1/23/23-1-2025 للمديرية.docx","2025/1/23/23-1-2024 افراد.docx","afraad: name year typo"
"2025-01-24","complete","present","44","44","0","0","14","0","skip","2025/1/24/24-1-2025 للمديرية.docx","2025/1/24/24-1-2024 افراد.docx","afraad: name year typo"
"2025-01-25","complete","present","41","41","0","0","12","32","skip","2025/1/25/25-1-2025 للمديرية.docx","2025/1/25/25-1-2024 افراد.docx","afraad: name year typo"
"2025-01-26","complete","present","42","42","0","0","13","32","skip","2025/1/26/26-1-2025 للمديرية.docx","2025/1/26/26-1-2024 افراد.docx","afraad: name year typo"
"2025-01-27","complete","present","38","38","0","0","6","32","skip","2025/1/27/27-1-2025 للمديرية.docx","2025/1/27/27-1-2024 افراد.docx","afraad: name year typo"
"2025-01-28","complete","present","32","32","0","0","11","32","skip","2025/1/28/28-1-2025 للمديرية.docx","2025/1/28/28-1-2024 افراد.docx","afraad: name year typo"
"2025-01-29","complete","present","38","38","0","0","9","32","skip","2025/1/29/29-1-2025 للمديرية.docx","2025/1/29/29-1-2024 افراد.docx","afraad: name year typo"
"2025-01-30","complete","present","30","30","0","0","0","0","skip","2025/1/30/31-1-2025 للمديرية.docx","2025/1/30/30-1-2024 افراد.docx","afraad: name year typo"
"2025-01-31","complete","present","43","43","0","0","14","32","skip","2025/1/31/31-1-2025 للمديرية.docx","2025/1/31/31-1-2024 افراد.docx","afraad: name year typo"
"2025-02-01","complete","present","41","41","0","0","10","32","skip","2025/2/1/1-2-2025 للمديرية.docx","2025/2/1/1-2-2024 افراد.docx","afraad: name year typo"
"2025-02-02","complete","present","40","40","0","0","11","32","skip","2025/2/2/2-2-2025 للمديرية.docx","2025/2/2/2-2-2024 افراد.docx","afraad: name year typo"
"2025-02-03","complete","present","45","45","0","0","12","32","skip","2025/2/3/3-2-2025 للمديرية.docx","2025/2/3/3-2-2024 افراد.docx","afraad: name year typo"
"2025-02-04","complete","present","36","36","0","0","10","30","skip","2025/2/4/4-2-2025 للمديرية.docx","2025/2/4/4-2-2024 افراد.docx","afraad: name year typo"
"2025-02-05","complete","present","44","44","0","0","15","30","skip","2025/2/5/5-2-2025 للمديرية.docx","2025/2/5/5-2-2024 افراد.docx","afraad: name year typo"
"2025-02-06","complete","present","34","34","0","0","8","30","skip","2025/2/6/6-2-2025 للمديرية.docx","2025/2/6/6-2-2024 افراد.docx","afraad: name year typo"
"2025-02-07","complete","present","47","47","0","0","18","28","skip","2025/2/7/7-2-2025 للمديرية.docx","2025/2/7/7-2-2024 افراد.docx","afraad: name year typo"
"2025-02-08","complete","present","31","31","0","0","8","28","skip","2025/2/8/8-2-2025 للمديرية.docx","2025/2/8/8-2-2024 افراد.docx","afraad: name year typo"
"2025-02-09","complete","present","34","34","0","0","9","28","skip","2025/2/9/9-2-2025 للمديرية.docx","2025/2/9/9-2-2024 افراد.docx","afraad: name year typo"
"2025-02-10","complete","present","26","26","0","0","7","30","skip","2025/2/10/10-2-2025 للمديرية.docx","2025/2/10/10-2-2024 افراد.docx","afraad: name year typo"
"2025-02-11","complete","present","33","33","0","0","9","30","skip","2025/2/11/11-2-2025 للمديرية.docx","2025/2/11/11-2-2024 افراد.docx","afraad: name year typo"
"2025-02-12","complete","present","37","37","0","0","13","30","skip","2025/2/12/12-2-2025 للمديرية.docx","2025/2/12/12-2-2024 افراد.docx","afraad: name year typo"
"2025-02-13","complete","present","34","34","0","0","8","30","skip","2025/2/13/13-2-2025 للمديرية.docx","2025/2/13/13-2-2024 افراد.docx","afraad: name year typo"
"2025-02-14","complete","present","48","48","0","0","13","30","skip","2025/2/14/14-2-2025 للمديرية.docx","2025/2/14/14-2-2024 افراد.docx","afraad: name year typo"
"2025-02-15","complete","present","36","36","0","0","10","30","skip","2025/2/15/15-2-2025 للمديرية.docx","2025/2/15/15-2-2024 افراد.docx","afraad: name year typo"
"2025-02-16","complete","present","41","41","0","0","10","30","skip","2025/2/16/16-2-2025 للمديرية.docx","2025/2/16/16-2-2024 افراد.docx","afraad: name year typo"
"2025-02-17","complete","present","37","37","0","0","14","30","skip","2025/2/17/17-2-2025 للمديرية.docx","2025/2/17/17-2-2024 افراد.docx","afraad: name year typo"
"2025-02-18","complete","present","36","36","0","0","5","30","skip","2025/2/18/18-2-2025 للمديرية.docx","2025/2/18/18-2-2024 افراد.docx","afraad: name year typo"
"2025-02-19","complete","present","37","37","0","0","10","30","skip","2025/2/19/19-2-2025 للمديرية.docx","2025/2/19/19-2-2024 افراد.docx","afraad: name year typo"
"2025-02-20","complete","present","34","34","0","0","11","30","skip","2025/2/20/20-2-2025 للمديرية.docx","2025/2/20/20-2-2024 افراد.docx","afraad: name year typo"
"2025-02-21","complete","present","44","44","0","0","13","30","skip","2025/2/21/21-2-2025 للمديرية.docx","2025/2/21/21-2-2024 افراد.docx","afraad: name year typo"
"2025-02-22","complete","present","44","44","0","0","7","30","skip","2025/2/22/22-2-2025 للمديرية.docx","2025/2/22/22-2-2024 افراد.docx","afraad: name year typo"
"2025-02-23","complete","present","36","36","0","0","10","30","skip","2025/2/23/23-2-2025 للمديرية.docx","2025/2/23/23-2-2024 افراد.docx","afraad: name year typo"
"2025-02-24","complete","present","35","35","0","0","11","30","skip","2025/2/24/24-2-2025 للمديرية.docx","2025/2/24/24-2-2024 افراد.docx","afraad: name year typo"
"2025-02-25","complete","present","32","32","0","0","7","30","skip","2025/2/25/25-2-2025 للمديرية.docx","2025/2/25/25-2-2024 افراد.docx","afraad: name year typo"
"2025-02-26","complete","present","43","43","0","0","11","30","skip","2025/2/26/26-2-2025 للمديرية.docx","2025/2/26/26-2-2024 افراد.docx","afraad: name year typo"
"2025-02-27","complete","present","35","35","0","0","11","30","skip","2025/2/27/27-2-2025 للمديرية.docx","2025/2/27/27-2-2024 افراد.docx","afraad: name year typo"
"2025-02-28","complete","present","41","41","0","0","10","30","skip","2025/2/28/28-2-2025 للمديرية.docx","2025/2/28/28-2-2024 افراد.docx","afraad: name year typo"
"2025-03-01","complete","present","28","28","0","0","10","30","skip","2025/3/1/1-3-2025 للمديرية.docx","2025/3/1/1-3-2024 افراد.docx","afraad: name year typo"
"2025-03-02","complete","present","29","29","0","0","9","30","skip","2025/3/2/2-3-2025 للمديرية.docx","2025/3/2/2-3-2024 افراد.docx","afraad: name year typo"
"2025-03-03","complete","present","33","33","0","0","12","30","skip","2025/3/3/3-3-2025 للمديرية.docx","2025/3/3/3-3-2024 افراد.docx","afraad: name year typo"
"2025-03-04","complete","present","30","30","0","0","8","30","skip","2025/3/4/4-3-2025 للمديرية.docx","2025/3/4/4-3-2024 افراد.docx","afraad: name year typo"
"2025-03-05","complete","present","36","36","0","0","9","30","skip","2025/3/5/5-3-2025 للمديرية.docx","2025/3/5/5-3-2024 افراد.docx","afraad: name year typo"
"2025-03-06","complete","present","33","33","0","0","9","30","skip","2025/3/6/6-3-2025 للمديرية.docx","2025/3/6/6-3-2024 افراد.docx","afraad: name year typo"
"2025-03-07","complete","present","42","42","0","0","8","30","skip","2025/3/7/7-3-2025 للمديرية.docx","2025/3/7/7-3-2024 افراد.docx","afraad: name year typo"
"2025-03-08","complete","present","33","33","0","0","9","30","skip","2025/3/8/8-3-2025 للمديرية.docx","2025/3/8/8-3-2024 افراد.docx","afraad: name year typo"
"2025-03-09","complete","present","8","8","0","0","3","30","skip","2025/3/9/9-3-2025 للمديرية.docx","2025/3/9/9-3-2024 افراد.docx","afraad: name year typo"
"2025-03-10","complete","present","33","33","0","0","11","30","skip","2025/3/10/10-3-2025 للمديرية.docx","2025/3/10/10-3-2024 افراد.docx","afraad: name year typo"
"2025-03-11","complete","present","31","31","0","0","9","30","skip","2025/3/11/11-3-2025 للمديرية.docx","2025/3/11/11-3-2024 افراد.docx","afraad: name year typo"
"2025-03-12","complete","present","42","42","0","0","16","30","skip","2025/3/12/12-3-2025 للمديرية.docx","2025/3/12/12-3-2024 افراد.docx","afraad: name year typo"
"2025-03-13","complete","present","39","39","0","0","10","30","skip","2025/3/13/13-3-2025 للمديرية.docx","2025/3/13/13-3-2024 افراد.docx","afraad: name year typo"
"2025-03-14","complete","present","36","36","0","0","9","30","skip","2025/3/14/14-3-2025 للمديرية.docx","2025/3/14/14-3-2024 افراد.docx","afraad: name year typo"
"2025-03-15","complete","present","33","33","0","0","11","30","skip","2025/3/15/15-3-2025 للمديرية.docx","2025/3/15/15-3-2024 افراد.docx","afraad: name year typo"
"2025-03-16","complete","present","28","28","0","0","9","30","skip","2025/3/16/16-3-2025 للمديرية.docx","2025/3/16/16-3-2024 افراد.docx","afraad: name year typo"
"2025-03-17","complete","present","36","36","0","0","9","28","skip","2025/3/17/17-3-2025 للمديرية.docx","2025/3/17/17-3-2024 افراد.docx","afraad: name year typo"
"2025-03-18","complete","present","33","33","0","0","5","28","skip","2025/3/18/17-3-2025 للمديرية.docx","2025/3/18/18-3-2024 افراد.docx","afraad: name year typo"
"2025-03-19","complete","present","38","38","0","0","10","28","skip","2025/3/19/19-3-2025 للمديرية.docx","2025/3/19/19-3-2024 افراد.docx","afraad: name year typo"
"2025-03-20","complete","present","32","32","0","0","8","28","skip","2025/3/20/20-3-2025 للمديرية.docx","2025/3/20/19-3-2024 افراد.docx",""
"2025-03-21","complete","present","40","40","0","0","7","28","skip","2025/3/21/21-3-2025 للمديرية.docx","2025/3/21/21-3-2024 افراد.docx","afraad: name year typo"
"2025-03-22","complete","present","36","36","0","0","12","28","skip","2025/3/22/22-3-2025 للمديرية.docx","2025/3/22/22-3-2024 افراد.docx","afraad: name year typo"
"2025-03-23","complete","present","26","26","0","0","13","28","skip","2025/3/23/22-3-2025 للمديرية.docx","2025/3/23/23-3-2024 افراد.docx","afraad: name year typo"
"2025-03-24","complete","present","30","30","0","0","13","28","skip","2025/3/24/24-3-2025 للمديرية.docx","2025/3/24/24-3-2024 افراد.docx","afraad: name year typo"
"2025-03-25","complete","present","25","25","0","0","8","28","skip","2025/3/25/25-3-2025 للمديرية.docx","2025/3/25/25-3-2024 افراد.docx","afraad: name year typo"
"2025-03-26","complete","present","28","28","0","0","8","28","skip","2025/3/26/26-3-2025 للمديرية.docx","2025/3/26/26-3-2024 افراد.docx","afraad: name year typo"
"2025-03-27","complete","present","38","38","0","0","14","28","skip","2025/3/27/27-3-2025 للمديرية.docx","2025/3/27/27-3-2024 افراد.docx","afraad: name year typo"
"2025-03-28","complete","present","46","46","0","0","12","28","skip","2025/3/28/28-3-2025 للمديرية.docx","2025/3/28/28-3-2024 افراد.docx","afraad: name year typo"
"2025-03-29","partial_source","missing","33","0","0","0","0","0","review","","2025/3/29/29-3-2024 افراد.docx","afraad: name year typo"
"2025-03-30","complete","present","36","36","0","0","9","28","skip","2025/3/30/30-3-2025 للمديرية.docx","2025/3/30/30-3-2024 افراد.docx","afraad: name year typo"
"2025-03-31","complete","present","47","47","0","0","11","28","skip","2025/3/31/31-3-2025 للمديرية.docx","2025/3/31/31-3-2024 افراد.docx","afraad: name year typo"
"2025-04-01","complete","present","34","34","0","0","7","28","skip","2025/4/1/1-4-2025 للمديرية.docx","2025/4/1/1-4-2024 افراد.docx","afraad: name year typo"
"2025-04-02","complete","present","52","52","0","0","13","28","skip","2025/4/2/2-4-2025 للمديرية.docx","2025/4/2/2-4-2024 افراد.docx","afraad: name year typo"
"2025-04-03","complete","present","39","39","0","0","6","28","skip","2025/4/3/3-4-2025 للمديرية.docx","2025/4/3/3-4-2024 افراد.docx","afraad: name year typo"
"2025-04-04","complete","present","24","24","0","0","1","28","skip","2025/4/4/4-4-2025 للمديرية.docx","2025/4/4/4-4-2024 افراد.docx","afraad: name year typo"
"2025-04-05","complete","present","38","38","0","0","11","28","skip","2025/4/5/5-4-2025 للمديرية.docx","2025/4/5/5-4-2024 افراد.docx","afraad: name year typo"
"2025-04-06","complete","present","31","31","0","0","10","28","skip","2025/4/6/6-4-2025 للمديرية.docx","2025/4/6/6-4-2024 افراد.docx","afraad: name year typo"
"2025-04-07","complete","present","39","39","0","0","11","28","skip","2025/4/7/7-4-2025 للمديرية.docx","2025/4/7/7-4-2024 افراد.docx","afraad: name year typo"
"2025-04-08","complete","present","34","34","0","0","15","28","skip","2025/4/8/8-4-2025 للمديرية.docx","2025/4/8/8-4-2024 افراد.docx","afraad: name year typo"
"2025-04-09","complete","present","42","42","0","0","7","28","skip","2025/4/9/9-4-2025 للمديرية.docx","2025/4/9/9-4-2024 افراد.docx","afraad: name year typo"
"2025-04-10","complete","present","38","38","0","0","6","28","skip","2025/4/10/10-4-2025 للمديرية.docx","2025/4/10/10-4-2024 افراد.docx","afraad: name year typo"
"2025-04-11","complete","present","46","46","0","0","8","28","skip","2025/4/11/11-4-2025 للمديرية.docx","2025/4/11/11-4-2024 افراد.docx","afraad: name year typo"
"2025-04-12","complete","present","37","37","0","0","8","28","skip","2025/4/12/12-4-2025 للمديرية.docx","2025/4/12/12-4-2025 افراد.docx",""
"2025-04-13","complete","present","63","63","0","0","17","28","skip","2025/4/13/13-4-2025 للمديرية.docx","2025/4/13/13-4-2025 افراد.docx",""
"2025-04-14","complete","present","37","37","0","0","9","28","skip","2025/4/14/14-4-2025 للمديرية.docx","2025/4/14/14-4-2025 افراد.docx",""
"2025-04-15","complete","present","30","30","0","0","7","28","skip","2025/4/15/15-4-2025 للمديرية.docx","2025/4/15/15-4-2025 افراد.docx",""
"2025-04-16","complete","present","34","34","0","0","6","28","skip","2025/4/16/16-4-2025 للمديرية.docx","2025/4/16/16-4-2025 افراد.docx",""
"2025-04-17","complete","present","54","54","0","0","9","28","skip","2025/4/17/17-4-2025 للمديرية.docx","2025/4/17/17-4-2025 افراد.docx",""
"2025-04-18","complete","present","43","43","0","0","8","28","skip","2025/4/18/18-4-2025 للمديرية.docx","2025/4/18/18-4-2025 افراد.docx",""
"2025-04-19","complete","present","47","47","0","0","10","28","skip","2025/4/19/19-4-2025 للمديرية.docx","2025/4/19/19-4-2025 افراد.docx",""
"2025-04-20","complete","present","43","43","0","0","13","28","skip","2025/4/20/20-4-2025 للمديرية.docx","2025/4/20/20-4-2025 افراد.docx",""
"2025-04-21","complete","present","49","49","0","0","15","28","skip","2025/4/21/21-4-2025 للمديرية.docx","2025/4/21/21-4-2025 افراد.docx",""
"2025-04-22","complete","present","31","31","0","0","3","28","skip","2025/4/22/22-4-2025 للمديرية.docx","2025/4/22/22-4-2025 افراد.docx",""
"2025-04-23","complete","present","39","39","0","0","10","28","skip","2025/4/23/23-4-2025 للمديرية.docx","2025/4/23/23-4-2025 افراد.docx",""
"2025-04-24","complete","present","29","29","0","0","8","28","skip","2025/4/24/24-4-2025 للمديرية.docx","2025/4/24/24-4-2025 افراد.docx",""
"2025-04-25","complete","present","34","34","0","0","6","28","skip","2025/4/25/25-4-2025 للمديرية.docx","2025/4/25/25-4-2025 افراد.docx",""
"2025-04-26","complete","present","31","31","0","0","7","28","skip","2025/4/26/26-4-2025 للمديرية.docx","2025/4/26/26-4-2025 افراد.docx",""
"2025-04-27","complete","present","37","37","0","0","6","28","skip","2025/4/27/27-4-2025 للمديرية.docx","2025/4/27/27-4-2025 افراد.docx",""
"2025-04-28","complete","present","38","38","0","0","7","28","skip","2025/4/28/28-4-2025 للمديرية.docx","2025/4/28/28-4-2025 افراد.docx",""
"2025-04-29","complete","present","33","33","0","0","8","28","skip","2025/4/29/29-4-2025 للمديرية.docx","2025/4/29/29-4-2025 افراد.docx",""
"2025-04-30","complete","present","28","28","0","0","9","28","skip","2025/4/30/30-4-2025 للمديرية.docx","2025/4/30/30-4-2025 افراد.docx",""
"2025-05-01","complete","present","28","28","0","0","4","28","skip","2025/5/1/1-5-2025 للمديرية.docx","2025/5/1/1-5-2025 افراد.docx",""
"2025-05-02","complete","present","38","38","0","0","6","28","skip","2025/5/2/2-5-2025 للمديرية.docx","2025/5/2/2-5-2025 افراد.docx",""
"2025-05-03","complete","present","31","31","0","0","4","28","skip","2025/5/3/3-5-2025 للمديرية.docx","2025/5/3/3-5-2025 افراد.docx",""
"2025-05-04","complete","present","30","30","0","0","9","28","skip","2025/5/4/4-5-2025 للمديرية.docx","2025/5/4/4-5-2025 افراد.docx",""
"2025-05-05","complete","present","40","40","0","0","8","28","skip","2025/5/5/5-5-2025 للمديرية.docx","2025/5/5/5-5-2025 افراد.docx",""
"2025-05-06","complete","present","27","27","0","0","7","28","skip","2025/5/6/6-5-2025 للمديرية.docx","2025/5/6/6-5-2025 افراد.docx",""
"2025-05-07","complete","present","35","35","0","0","10","28","skip","2025/5/7/7-5-2025 للمديرية.docx","2025/5/7/7-5-2025 افراد.docx",""
"2025-05-08","complete","present","33","33","0","0","9","28","skip","2025/5/8/8-5-2025 للمديرية.docx","2025/5/8/8-5-2025 افراد.docx",""
"2025-05-09","complete","present","18","18","0","0","3","28","skip","2025/5/9/9-5-2025 للمديرية.docx","2025/5/9/9-5-2025 افراد.docx",""
"2025-05-10","complete","present","28","28","0","0","5","28","skip","2025/5/10/10-5-2025 للمديرية.docx","2025/5/10/10-5-2025 افراد.docx",""
"2025-05-11","complete","present","41","41","0","0","7","28","skip","2025/5/11/11-5-2025 للمديرية.docx","2025/5/11/11-5-2025 افراد.docx",""
"2025-05-12","complete","present","44","44","0","0","12","28","skip","2025/5/12/12-5-2025 للمديرية.docx","2025/5/12/12-5-2025 افراد.docx",""
"2025-05-13","complete","present","40","40","0","0","9","26","skip","2025/5/13/13-5-2025 للمديرية.docx","2025/5/13/13-5-2025 افراد.docx",""
"2025-05-14","complete","present","35","35","0","0","7","26","skip","2025/5/14/14-5-2025 للمديرية.docx","2025/5/14/14-5-2025 افراد.docx",""
"2025-05-15","complete","present","39","39","0","0","4","26","skip","2025/5/15/15-5-2025 للمديرية.docx","2025/5/15/15-5-2025 افراد.docx",""
"2025-05-16","complete","present","42","42","0","0","10","26","skip","2025/5/16/16-5-2025 للمديرية.docx","2025/5/16/16-5-2025 افراد.docx",""
"2025-05-17","complete","present","44","44","0","0","12","26","skip","2025/5/17/17-5-2025 للمديرية.docx","2025/5/17/17-5-2025 افراد.docx",""
"2025-05-18","complete","present","35","35","0","0","6","26","skip","2025/5/18/18-5-2025 للمديرية.docx","2025/5/18/18-5-2025 افراد.docx",""
"2025-05-19","complete","present","38","38","0","0","12","26","skip","2025/5/19/19-5-2025 للمديرية.docx","2025/5/19/19-5-2025 افراد.docx",""
"2025-05-20","complete","present","33","33","0","0","10","26","skip","2025/5/20/20-5-2025 للمديرية.docx","2025/5/20/20-5-2025 افراد.docx",""
"2025-05-21","complete","present","37","37","0","0","11","26","skip","2025/5/21/22-5-2025 للمديرية.docx","2025/5/21/21-5-2025 افراد.docx",""
"2025-05-22","complete","present","31","31","0","0","9","0","skip","2025/5/22/22-5-2025 للمديرية.docx","2025/5/22/22-5-2025 افراد.docx",""
"2025-05-23","complete","present","32","32","0","0","6","0","skip","2025/5/23/23-5-2025 للمديرية.docx","2025/5/23/23-5-2025 افراد.docx",""
"2025-05-24","complete","present","46","46","0","0","10","26","skip","2025/5/24/24-5-2025 للمديرية.docx","2025/5/24/24-5-2025 افراد.docx",""
"2025-05-25","complete","present","29","29","0","0","5","26","skip","2025/5/25/25-5-2025 للمديرية.docx","2025/5/25/25-5-2025 افراد.docx",""
"2025-05-26","complete","present","32","32","0","0","10","26","skip","2025/5/26/26-5-2025 للمديرية.docx","2025/5/26/26-5-2025 افراد.docx",""
"2025-05-27","complete","present","25","25","0","0","8","26","skip","2025/5/27/27-5-2025 للمديرية.docx","2025/5/27/27-5-2025 افراد.docx",""
"2025-05-28","complete","present","37","37","0","0","8","26","skip","2025/5/28/28-5-2025 للمديرية.docx","2025/5/28/28-5-2025 افراد.docx",""
"2025-05-29","complete","present","36","36","0","0","9","26","skip","2025/5/29/29-5-2025 للمديرية.docx","2025/5/29/29-5-2025 افراد.docx",""
"2025-05-30","complete","present","33","33","0","0","7","26","skip","2025/5/30/30-5-2025 للمديرية.docx","2025/5/30/30-5-2025 افراد.docx",""
"2025-05-31","complete","present","31","31","0","0","7","26","skip","2025/5/31/31-5-2025 للمديرية.docx","2025/5/31/31-5-2025 افراد.docx",""
"2025-06-01","complete","present","29","29","0","0","6","26","skip","2025/6/1/1-6-2025 للمديرية.docx","2025/6/1/1-6-2025 افراد.docx",""
"2025-06-02","complete","present","39","39","0","0","12","26","skip","2025/6/2/2-6-2025 للمديرية.docx","2025/6/2/2-6-2025 افراد.docx",""
"2025-06-03","complete","present","35","35","0","0","8","26","skip","2025/6/3/3-6-2025 للمديرية.docx","2025/6/3/3-6-2025 افراد.docx",""
"2025-06-04","complete","present","34","34","0","0","6","26","skip","2025/6/4/4-6-2025 للمديرية.docx","2025/6/4/4-6-2025 افراد.docx",""
"2025-06-05","complete","present","27","27","0","0","3","26","skip","2025/6/5/5-6-2025 للمديرية.docx","2025/6/5/5-6-2025 افراد.docx",""
"2025-06-06","complete","present","47","47","0","0","13","26","skip","2025/6/6/6-6-2025 للمديرية.docx","2025/6/6/6-6-2025افراد.docx",""
"2025-06-07","complete","present","38","38","0","0","11","26","skip","2025/6/7/7-6-2025 للمديرية.docx","2025/6/7/7-6-2025 افراد.docx",""
"2025-06-08","complete","present","39","39","0","0","10","26","skip","2025/6/8/8-6-2025 للمديرية.docx","2025/6/8/8-6-2025 افراد.docx",""
"2025-06-09","complete","present","40","40","0","0","10","26","skip","2025/6/9/9-6-2025 للمديرية.docx","2025/6/9/9-6-2025 افراد.docx",""
"2025-06-10","complete","present","31","31","0","0","12","26","skip","2025/6/10/10-6-2025 للمديرية.docx","2025/6/10/10-6-2025 افراد.docx",""
"2025-06-11","complete","present","36","36","0","0","13","26","skip","2025/6/11/11-6-2025 للمديرية.docx","2025/6/11/11-6-2025 افراد.docx",""
"2025-06-12","complete","present","40","40","0","0","12","26","skip","2025/6/12/12-6-2025 للمديرية.docx","2025/6/12/12-6-2025 افراد.docx",""
"2025-06-13","complete","present","37","37","0","0","6","26","skip","2025/6/13/13-6-2025 للمديرية.docx","2025/6/13/13-6-2025 افراد.docx",""
"2025-06-14","complete","present","35","35","0","0","9","26","skip","2025/6/14/14-6-2025 للمديرية.docx","2025/6/14/14-6-2025 افراد.docx",""
"2025-06-15","complete","present","41","41","0","0","10","26","skip","2025/6/15/15-6-2025 للمديرية.docx","2025/6/15/15-6-2025 افراد.docx",""
"2025-06-16","complete","present","34","34","0","0","14","26","skip","2025/6/16/16-6-2025 للمديرية.docx","2025/6/16/16-6-2025 افراد.docx",""
"2025-06-17","complete","present","37","37","0","0","10","26","skip","2025/6/17/17-6-2025 للمديرية.docx","2025/6/17/17-6-2025 افراد.docx",""
"2025-06-18","complete","present","32","32","0","0","11","26","skip","2025/6/18/18-6-2025 للمديرية.docx","2025/6/18/18-6-2025 افراد.docx",""
"2025-06-19","complete","present","40","40","0","0","9","26","skip","2025/6/19/19-6-2025 للمديرية.docx","2025/6/19/19-6-2025 افراد.docx",""
"2025-06-20","partial_source","missing","15","0","0","0","0","0","review","","2025/6/20/20-6-2025 افراد.docx",""
"2025-06-21","partial_source","missing","31","0","0","0","0","0","review","2025/6/21/‫21-6-2025 للمديرية.docx","",""
"2025-06-22","complete","present","39","39","0","0","9","26","skip","2025/6/22/‫‫22-6-2025 للمديرية.docx","2025/6/22/22-6-2025 افراد.docx",""
"2025-06-23","complete","present","36","36","0","0","10","26","skip","2025/6/23/‫‫23-6-2025 للمديرية.docx","2025/6/23/23-6-2025 افراد.docx",""
"2025-06-24","complete","present","40","40","0","0","8","26","skip","2025/6/24/24-6-2025 للمديرية.docx","2025/6/24/24-6-2025 افراد.docx",""
"2025-06-25","complete","present","31","31","0","0","10","26","skip","2025/6/25/25-6-2025 للمديرية.docx","2025/6/25/25-6-2025 افراد.docx",""
"2025-06-26","complete","present","28","28","0","0","5","26","skip","2025/6/26/26-6-2025 للمديرية.docx","2025/6/26/26-6-2025 افراد.docx",""
"2025-06-27","complete","present","36","36","0","0","8","26","skip","2025/6/27/27-6-2025 للمديرية.docx","2025/6/27/27-6-2025 افراد.docx",""
"2025-06-28","complete","present","27","27","0","0","8","26","skip","2025/6/28/28-6-2025 للمديرية.docx","2025/6/28/28-6-2025 افراد.docx",""
"2025-06-29","complete","present","38","38","0","0","10","26","skip","2025/6/29/29-6-2025 للمديرية.docx","2025/6/29/29-6-2025 افراد.docx",""
"2025-06-30","complete","present","29","29","0","0","7","26","skip","2025/6/30/30-6-2025 للمديرية.docx","2025/6/30/30-6-2025 افراد.docx",""
"2025-07-01","complete","present","30","30","0","0","13","26","skip","2025/7/1/1-7-2025 للمديرية.docx","2025/7/1/1-7-2025 افراد.docx",""
"2025-07-02","complete","present","32","32","0","0","9","26","skip","2025/7/2/2-7-2025 للمديرية.docx","2025/7/2/2-7-2025 افراد.docx",""
"2025-07-03","complete","present","33","33","0","0","9","26","skip","2025/7/3/3-7-2025 للمديرية.docx","2025/7/3/3-7-2025 افراد.docx",""
"2025-07-04","complete","present","37","37","0","0","9","26","skip","2025/7/4/4-7-2025.docx","2025/7/4/4-7-2025 افراد.docx",""
"2025-07-05","complete","present","34","34","0","0","12","26","skip","2025/7/5/5-7-2025 للمديرية.docx","2025/7/5/5-7-2025 افراد.docx",""
"2025-07-06","complete","present","41","41","0","0","12","26","skip","2025/7/6/6-7-2025.docx","2025/7/6/6-7-2025 افراد.docx",""
"2025-07-07","complete","present","36","36","0","0","10","26","skip","2025/7/7/7-7-2025.docx","2025/7/7/7-7-2025 افراد.docx",""
"2025-07-08","complete","present","37","37","0","0","10","26","skip","2025/7/8/8-7-2025.docx","2025/7/8/8-7-2025 افراد.docx",""
"2025-07-09","complete","present","42","42","0","0","10","26","skip","2025/7/9/9-7-2025.docx","2025/7/9/9-7-2025 افراد.docx",""
"2025-07-10","source_gap","missing","0","0","0","0","0","0","skip","","",""
"2025-07-11","complete","present","52","52","0","0","9","26","skip","2025/7/11/11-7-2025.docx","2025/7/11/11-7-2025 افراد.docx",""
"2025-07-12","complete","present","30","30","0","0","10","26","skip","2025/7/12/12-7-2025.docx","2025/7/12/12-7-2025 افراد.docx",""
"2025-07-13","complete","present","42","42","0","0","6","26","skip","2025/7/13/13.7.2025.docx","2025/7/13/13-7-2025 افراد.docx",""
"2025-07-14","complete","present","29","29","0","0","7","26","skip","2025/7/14/14-7-2025.docx","2025/7/14/14-7-2025 افراد.docx",""
"2025-07-15","complete","present","37","37","0","0","11","26","skip","2025/7/15/15.7.2025.docx","2025/7/15/15-7-2025 افراد.docx",""
"2025-07-16","complete","present","29","29","0","0","6","26","skip","2025/7/16/16-7-2025.docx","2025/7/16/16-7-2025 افراد.docx",""
"2025-07-17","complete","present","34","34","0","0","13","26","skip","2025/7/17/17-7-2025.docx","2025/7/17/17-7-2025 افراد.docx",""
"2025-07-18","complete","present","33","33","0","0","11","26","skip","2025/7/18/18-7-2025.docx","2025/7/18/18-7-2025 افراد.docx",""
"2025-07-19","complete","present","28","28","0","0","10","26","skip","2025/7/19/19-7-2025.docx","2025/7/19/19-7-2025 افراد.docx",""
"2025-07-20","complete","present","37","37","0","0","10","26","skip","2025/7/20/20-7-2025.docx","2025/7/20/20-7-2025 افراد.docx",""
"2025-07-21","complete","present","33","33","0","0","9","26","skip","2025/7/21/21-7-2025.docx","2025/7/21/21-7-2025 افراد.docx",""
"2025-07-22","complete","present","29","29","0","0","10","26","skip","2025/7/22/22-7-2025.docx","2025/7/22/22-7-2025 افراد.docx",""
"2025-07-23","complete","present","43","43","0","0","11","26","skip","2025/7/23/23-7-2025.docx","2025/7/23/23-7-2025 افراد.docx",""
"2025-07-24","complete","present","32","32","0","0","7","26","skip","2025/7/24/24-7-2025.docx","2025/7/24/24-7-2025 افراد.docx",""
"2025-07-25","complete","present","35","35","0","0","7","26","skip","2025/7/25/25-7-2025.docx","2025/7/25/25-7-2025 افراد.docx",""
"2025-07-26","complete","present","33","33","0","0","5","26","skip","2025/7/26/26-7-2025.docx","2025/7/26/26-7-2025 افراد.docx",""
"2025-07-27","complete","present","37","37","0","0","8","26","skip","2025/7/27/27-7-2025.docx","2025/7/27/27-7-2025 افراد.docx",""
"2025-07-28","complete","present","34","34","0","0","7","22","skip","2025/7/28/28-7-2025.docx","2025/7/28/28-7-2025 افراد.docx",""
"2025-07-29","complete","present","33","33","0","0","6","16","skip","2025/7/29/29-7-2025.docx","2025/7/29/29-7-2025 افراد.docx",""
"2025-07-30","complete","present","36","36","0","0","3","12","skip","2025/7/30/30-7-2025.docx","2025/7/30/30-7-2025 افراد.docx",""
"2025-07-31","complete","present","31","31","0","0","5","12","skip","2025/7/31/31-7-2025.docx","2025/7/31/31-7-2025 افراد.docx",""
"2025-08-01","complete","present","38","38","0","0","5","12","skip","2025/8/1/1-8-2025.docx","2025/8/1/1-8-2025 افراد.docx",""
"2025-08-02","complete","present","25","25","0","0","2","12","skip","2025/8/2/2-8-2025.docx","2025/8/2/2-8-2025 افراد.docx",""
"2025-08-03","complete","present","30","30","0","0","5","10","skip","2025/8/3/3-8-2025 - نسخة.docx","2025/8/3/3-8-2025 افراد.docx",""
"2025-08-04","complete","present","31","31","0","0","4","12","skip","2025/8/4/4-8-2025.docx","2025/8/4/4-8-2025 افراد.docx",""
"2025-08-05","complete","present","35","35","0","0","9","12","skip","2025/8/5/5-8-2025.docx","2025/8/5/5-8-2025 افراد.docx",""
"2025-08-06","complete","present","31","31","0","0","12","12","skip","2025/8/6/6-8-2025.docx","2025/8/6/6-8-2025 افراد.docx",""
"2025-08-07","complete","present","30","30","0","0","5","12","skip","2025/8/7/7-8-2025.docx","2025/8/7/7-8-2025 افراد.docx",""
"2025-08-08","complete","present","26","26","0","0","6","12","skip","2025/8/8/8-8-2025.docx","2025/8/8/8-8-2025 افراد.docx",""
"2025-08-09","complete","present","20","20","0","0","5","12","skip","2025/8/9/9-8-2025.docx","2025/8/9/9-8-2025 افراد.docx",""
"2025-08-10","complete","present","17","17","0","0","1","12","skip","2025/8/10/10-8-2025.docx","2025/8/10/10-8-2025 افراد.docx",""
"2025-08-11","complete","present","33","33","0","0","6","6","skip","2025/8/11/11-8-2025.docx","2025/8/11/11-8-2025 افراد.docx",""
"2025-08-12","complete","present","32","32","0","0","4","14","skip","2025/8/12/12-8-2025.docx","2025/8/12/12-8-2025 افراد.docx",""
"2025-08-13","complete","present","38","38","0","0","8","10","skip","2025/8/13/13-8-2025.docx","2025/8/13/13-8-2025 افراد.docx",""
"2025-08-14","complete","present","41","41","0","0","4","10","skip","2025/8/14/14-8-2025.docx","2025/8/14/14-8-2025 افراد.docx",""
"2025-08-15","complete","present","41","41","0","0","4","10","skip","2025/8/15/15-8-2025.docx","2025/8/15/15-8-2025 افراد.docx",""
"2025-08-16","complete","present","34","34","0","0","4","10","skip","2025/8/16/16-8-2025.docx","2025/8/16/16-8-2025 افراد.docx",""
"2025-08-17","complete","present","35","35","0","0","3","10","skip","2025/8/17/17-8-2025.docx","2025/8/17/17-8-2025 افراد.docx",""
"2025-08-18","complete","present","38","38","0","0","4","10","skip","2025/8/18/18-8-2025.docx","2025/8/18/18-8-2025 افراد.docx",""
"2025-08-19","complete","present","40","40","0","0","8","10","skip","2025/8/19/19-8-2025.docx","2025/8/19/19-8-2025 افراد.docx",""
"2025-08-20","complete","present","41","41","0","0","9","10","skip","2025/8/20/20-8-2025.docx","2025/8/20/20-8-2025 افراد.docx",""
"2025-08-21","complete","present","36","36","0","0","4","10","skip","2025/8/21/21-8-2025.docx","2025/8/21/21-8-2025 افراد.docx",""
"2025-08-22","complete","present","43","43","0","0","3","10","skip","2025/8/22/22-8-2025.docx","2025/8/22/22-8-2025 افراد.docx",""
"2025-08-23","complete","present","33","33","0","0","3","10","skip","2025/8/23/23-8-2025.docx","2025/8/23/23-8-2025 افراد.docx",""
"2025-08-24","complete","present","37","37","0","0","3","10","skip","2025/8/24/24-8-2025.docx","2025/8/24/24-8-2025 افراد.docx",""
"2025-08-25","complete","present","37","37","0","0","7","10","skip","2025/8/25/25-8-2025.docx","2025/8/25/25-8-2025 افراد.docx",""
"2025-08-26","complete","present","33","33","0","0","5","10","skip","2025/8/26/26-8-2025.docx","2025/8/26/26-8-2025 افراد.docx",""
"2025-08-27","complete","present","32","32","0","0","2","10","skip","2025/8/27/27-8-2025.docx","2025/8/27/27-8-2025 افراد.docx",""
"2025-08-28","complete","present","30","30","0","0","2","10","skip","2025/8/28/28-8-2025.docx","2025/8/28/28-8-2025 افراد.docx",""
"2025-08-29","complete","present","34","34","0","0","4","10","skip","2025/8/29/29-8-2025.docx","2025/8/29/29-8-2025 افراد.docx",""
"2025-08-30","complete","present","33","33","0","0","4","10","skip","2025/8/30/30-8-2025.docx","2025/8/30/29-8-2025 افراد.docx",""
"2025-08-31","complete","present","34","34","0","0","3","10","skip","2025/8/31/31-8-2025.docx","2025/8/31/31-8-2025 افراد.docx",""
"2025-09-01","complete","present","34","34","0","0","5","10","skip","2025/9/1/1-9-2025.docx","2025/9/1/1-9-2025 افراد.docx",""
"2025-09-02","complete","present","29","29","0","0","5","10","skip","2025/9/2/2-9-2025.docx","2025/9/2/2-9-2025 افراد.docx",""
"2025-09-03","complete","present","38","38","0","0","5","10","skip","2025/9/3/3-9-2025.docx","2025/9/3/3-9-2025 افراد.docx",""
"2025-09-04","complete","present","39","39","0","0","4","10","skip","2025/9/4/4-9-2025.docx","2025/9/4/4-9-2025 افراد.docx",""
"2025-09-05","complete","present","38","38","0","0","5","10","skip","2025/9/5/5-9-2025.docx","2025/9/5/5-9-2025 افراد.docx",""
"2025-09-06","complete","present","35","35","0","0","3","10","skip","2025/9/6/6-9-2025.docx","2025/9/6/6-9-2025 افراد.docx",""
"2025-09-07","complete","present","34","34","0","0","5","10","skip","2025/9/7/7-9-2025.docx","2025/9/7/7-9-2025 افراد.docx",""
"2025-09-08","complete","present","39","39","0","0","10","10","skip","2025/9/8/8-9-2025.docx","2025/9/8/8-9-2025 افراد.docx",""
"2025-09-09","complete","present","39","39","0","0","6","10","skip","2025/9/9/9-9-2025.docx","2025/9/9/9-9-2025 افراد.docx",""
"2025-09-10","complete","present","36","36","0","0","3","10","skip","2025/9/10/10-9-2025.docx","2025/9/10/10-9-2025 افراد.docx",""
"2025-09-11","complete","present","29","29","0","0","1","10","skip","2025/9/11/11-9-2025.docx","2025/9/11/11-9-2025 افراد.docx",""
"2025-09-12","complete","present","33","33","0","0","2","10","skip","2025/9/12/12-9-2025.docx","2025/9/12/12-9-2025 افراد.docx",""
"2025-09-13","complete","present","40","40","0","0","3","10","skip","2025/9/13/13-9-2025.docx","2025/9/13/13-9-2025 افراد.docx",""
"2025-09-14","complete","present","33","33","0","0","6","10","skip","2025/9/14/14-9-2025.docx","2025/9/14/14-9-2025 افراد.docx",""
"2025-09-15","complete","present","32","32","0","0","5","10","skip","2025/9/15/15-9-2025.docx","2025/9/15/15-9-2025 افراد.docx",""
"2025-09-16","complete","present","29","29","0","0","3","10","skip","2025/9/16/16-9-2025.docx","2025/9/16/16-9-2025 افراد.docx",""
"2025-09-17","complete","present","39","39","0","0","12","10","skip","2025/9/17/17-9-2025.docx","2025/9/17/17-9-2025 افراد.docx",""
"2025-09-18","complete","present","29","29","0","0","3","10","skip","2025/9/18/18-9-2025.docx","2025/9/18/18-9-2025 افراد.docx",""
"2025-09-19","complete","present","32","32","0","0","1","10","skip","2025/9/19/19-9-2025.docx","2025/9/19/19-9-2025 افراد.docx",""
"2025-09-20","complete","present","34","34","0","0","13","10","skip","2025/9/20/20-9-2025.docx","2025/9/20/20-9-2025 افراد.docx",""
"2025-09-21","complete","present","31","31","0","0","5","10","skip","2025/9/21/21-9-2025.docx","2025/9/21/21-9-2025 افراد.docx",""
"2025-09-22","complete","present","35","35","0","0","8","10","skip","2025/9/22/22-9-2025.docx","2025/9/22/22-9-2025 افراد.docx",""
"2025-09-23","complete","present","40","40","0","0","6","10","skip","2025/9/23/23-9-2025.docx","2025/9/23/23-9-2025 افراد.docx",""
"2025-09-24","complete","present","34","34","0","0","3","10","skip","2025/9/24/24-9-2025.docx","2025/9/24/24-9-2025 افراد.docx",""
"2025-09-25","complete","present","33","33","0","0","2","10","skip","2025/9/25/25-9-2025.docx","2025/9/25/25-9-2025 افراد.docx",""
"2025-09-26","complete","present","35","35","0","0","4","10","skip","2025/9/26/26-9-2025.docx","2025/9/26/26-9-2025 افراد.docx",""
"2025-09-27","complete","present","37","37","0","0","8","10","skip","2025/9/27/27-9-2025.docx","2025/9/27/27-9-2025 افراد.docx",""
"2025-09-28","complete","present","30","30","0","0","4","10","skip","2025/9/28/28-9-2025.docx","2025/9/28/28-9-2025 افراد.docx",""
"2025-09-29","complete","present","41","41","0","0","7","10","skip","2025/9/29/29-9-2025.docx","2025/9/29/29-9-2025 افراد.docx",""
"2025-09-30","complete","present","30","30","0","0","2","10","skip","2025/9/30/30-9-2025.docx","2025/9/30/30-9-2025 افراد.docx",""
"2025-10-01","complete","present","35","35","0","0","5","10","skip","2025/10/1/1-10-2025.docx","2025/10/1/1-10-2025 افراد.docx",""
"2025-10-02","complete","present","30","30","0","0","7","10","skip","2025/10/2/2-10-2025.docx","2025/10/2/2-10-2025 افراد.docx",""
"2025-10-03","complete","present","40","40","0","0","5","10","skip","2025/10/3/3-10-2025.docx","2025/10/3/3-10-2025 افراد.docx",""
"2025-10-04","complete","present","32","32","0","0","4","10","skip","2025/10/4/4-10-2025.docx","2025/10/4/4-10-2025 افراد.docx",""
"2025-10-05","complete","present","31","31","0","0","4","10","skip","2025/10/5/5-10-2025.docx","2025/10/5/5-10-2025 افراد.docx",""
"2025-10-06","complete","present","41","41","0","0","7","10","skip","2025/10/6/6-10-2025.docx","2025/10/6/6-10-2025 افراد.docx",""
"2025-10-07","complete","present","38","38","0","0","2","10","skip","2025/10/7/7-10-2025.docx","2025/10/7/7-10-2025 افراد.docx",""
"2025-10-08","complete","present","42","42","0","0","5","10","skip","2025/10/8/8-10-2025.docx","2025/10/8/8-10-2025 افراد.docx",""
"2025-10-09","complete","present","30","30","0","0","4","10","skip","2025/10/9/9-10-2025.docx","2025/10/9/9-10-2025 افراد.docx",""
"2025-10-10","complete","present","50","50","0","0","13","10","skip","2025/10/10/10-10-2025.docx","2025/10/10/10-10-2025 افراد.docx",""
"2025-10-11","complete","present","35","35","0","0","5","10","skip","2025/10/11/11-10-2025.docx","2025/10/11/11-10-2025 افراد.docx",""
"2025-10-12","complete","present","34","34","0","0","1","10","skip","2025/10/12/12-10-2025.docx","2025/10/12/12-10-2025 افراد.docx",""
"2025-10-13","complete","present","31","31","0","0","3","10","skip","2025/10/13/13-10-2025.docx","2025/10/13/13-10-2025 افراد.docx",""
"2025-10-14","complete","present","28","28","0","0","3","10","skip","2025/10/14/14-10-2025.docx","2025/10/14/14-10-2025 افراد.docx",""
"2025-10-15","complete","present","30","30","0","0","7","10","skip","2025/10/15/15-10-2025.docx","2025/10/15/15-10-2025 افراد.docx",""
"2025-10-16","complete","present","29","29","0","0","4","10","skip","2025/10/16/16-10-2025.docx","2025/10/16/16-10-2025 افراد.docx",""
"2025-10-17","complete","present","46","46","0","0","8","10","skip","2025/10/17/17-10-2025.docx","2025/10/17/17-10-2025 افراد.docx",""
"2025-10-18","complete","present","37","37","0","0","4","10","skip","2025/10/18/18-10-2025.docx","2025/10/18/18-10-2025 افراد.docx",""
"2025-10-19","complete","present","38","38","0","0","1","10","skip","2025/10/19/19-10-2025.docx","2025/10/19/19-10-2025 افراد.docx",""
"2025-10-20","complete","present","40","40","0","0","2","10","skip","2025/10/20/20-10-2025.docx","2025/10/20/20-10-2025 افراد.docx",""
"2025-10-21","complete","present","44","44","0","0","1","10","skip","2025/10/21/21-10-2025.docx","2025/10/21/21-10-2025 افراد.docx",""
"2025-10-22","complete","present","45","45","0","0","6","10","skip","2025/10/22/22-10-2025.docx","2025/10/22/22-10-2025 افراد.docx",""
"2025-10-23","complete","present","39","39","0","0","1","10","skip","2025/10/23/23-10-2025.docx","2025/10/23/23-10-2025 افراد.docx",""
"2025-10-24","complete","present","44","44","0","0","0","10","skip","2025/10/24/24-10-2025.docx","2025/10/24/24-10-2025 افراد.docx",""
"2025-10-25","complete","present","39","39","0","0","3","10","skip","2025/10/25/25-10-2025.docx","2025/10/25/25-10-2025 افراد.docx",""
"2025-10-26","complete","present","39","39","0","0","5","8","skip","2025/10/26/26-10-2025.docx","2025/10/26/26-10-2025 افراد.docx",""
"2025-10-27","complete","present","30","30","0","0","2","8","skip","2025/10/27/27-10-2025.docx","2025/10/27/27-10-2025 افراد.docx",""
"2025-10-28","complete","present","33","33","0","0","2","8","skip","2025/10/28/28-10-2025.docx","2025/10/28/28-10-2025 افراد.docx",""
"2025-10-29","complete","present","30","30","0","0","3","8","skip","2025/10/29/29-10-2025.docx","2025/10/29/29-10-2025 افراد.docx",""
"2025-10-30","complete","present","29","29","0","0","3","8","skip","2025/10/30/30-10-2025.docx","2025/10/30/30-10-2025 افراد.docx",""
"2025-10-31","complete","present","41","41","0","0","3","8","skip","2025/10/31/31-10-2025.docx","2025/10/31/31-10-2025 افراد.docx",""
"2025-11-01","complete","present","35","35","0","0","2","8","skip","2025/11/1/1-11-2025.docx","2025/11/1/1-11-2025 افراد.docx",""
"2025-11-02","complete","present","41","41","0","0","3","8","skip","2025/11/2/2-11-2025.docx","2025/11/2/2-11-2025 افراد.docx",""
"2025-11-03","complete","present","33","33","0","0","2","8","skip","2025/11/3/3-11-2025.docx","2025/11/3/3-11-2025 افراد.docx",""
"2025-11-04","complete","present","33","33","0","0","1","8","skip","2025/11/4/4-11-2025.docx","2025/11/4/4-11-2025 افراد.docx",""
"2025-11-05","complete","present","31","31","0","0","1","8","skip","2025/11/5/5-11-2025.docx","2025/11/5/5-11-2025 افراد.docx",""
"2025-11-06","complete","present","31","31","0","0","2","8","skip","2025/11/6/6-11-2025.docx","2025/11/6/6-11-2025 افراد.docx",""
"2025-11-07","complete","present","38","38","0","0","2","8","skip","2025/11/7/7-11-2025.docx","2025/11/7/7-11-2025 افراد.docx",""
"2025-11-08","complete","present","42","42","0","0","1","8","skip","2025/11/8/8-11-2025.docx","2025/11/8/8-11-2025 افراد.docx",""
"2025-11-09","complete","present","63","63","0","0","2","8","skip","2025/11/9/9-11-2025.docx","2025/11/9/9-11-2025 افراد.....docx",""
"2025-11-10","complete","present","42","42","0","0","2","8","skip","2025/11/10/10-11-2025.docx","2025/11/10/10-11-2025 افراد.....docx",""
"2025-11-11","complete","present","48","48","0","0","3","8","skip","2025/11/11/11-11-2025.docx","2025/11/11/11-11-2025 افراد.....docx",""
"2025-11-12","complete","present","32","32","0","0","4","6","skip","2025/11/12/12-11-2025.docx","2025/11/12/12-11-2025 افراد.....docx",""
"2025-11-13","complete","present","35","35","0","0","5","6","skip","2025/11/13/13-11-2025.docx","2025/11/13/13-11-2025 افراد.....docx",""
"2025-11-14","complete","present","47","47","0","0","2","6","skip","2025/11/14/14-11-2025.docx","2025/11/14/14-11-2025 افراد.....docx",""
"2025-11-15","complete","present","32","32","0","0","1","6","skip","2025/11/15/15-11-2025.docx","2025/11/15/15-11-2025 افراد.....docx",""
"2025-11-16","complete","present","32","32","0","0","1","6","skip","2025/11/16/16-11-2025.docx","2025/11/16/16-11-2025 افراد.....docx",""
"2025-11-17","complete","present","19","19","0","0","0","6","skip","2025/11/17/17-11-2025.docx","2025/11/17/17-11-2025 افراد.....docx",""
"2025-11-18","complete","present","43","43","0","0","3","6","skip","2025/11/18/18-11-2025.docx","2025/11/18/18-11-2025 افراد.....docx",""
"2025-11-19","complete","present","40","40","0","0","10","6","skip","2025/11/19/19-11-2025.docx","2025/11/19/19-11-2025 افراد.....docx",""
"2025-11-20","complete","present","37","37","0","0","4","6","skip","2025/11/20/20-11-2025.docx","2025/11/20/20-11-2025 افراد.....docx",""
"2025-11-21","complete","present","47","47","0","0","5","6","skip","2025/11/21/21-11-2025.docx","2025/11/21/21-11-2025 افراد.....docx",""
"2025-11-22","complete","present","49","49","0","0","7","6","skip","2025/11/22/22-11-2025.docx","2025/11/22/22-11-2025 افراد.....docx",""
"2025-11-23","complete","present","48","48","0","0","2","6","skip","2025/11/23/23-11-2025.docx","2025/11/23/23-11-2025 افراد.....docx",""
"2025-11-24","complete","present","34","34","0","0","4","6","skip","2025/11/24/24-11-2025.docx","2025/11/24/24-11-2025 افراد.docx",""
"2025-11-25","complete","present","37","37","0","0","1","6","skip","2025/11/25/25-11-2025.docx","2025/11/25/25-11-2025 افراد.docx",""
"2025-11-26","complete","present","31","31","0","0","5","6","skip","2025/11/26/26-11-2025.docx","2025/11/26/26-11-2025 افراد.docx",""
"2025-11-27","complete","present","38","38","0","0","4","6","skip","2025/11/27/27-11-2025.docx","2025/11/27/27-11-2025 افراد.docx",""
"2025-11-28","complete","present","38","38","0","0","3","6","skip","2025/11/28 الجمعة/28-11-2025.docx","2025/11/28 الجمعة/28-11-2025 افراد.docx",""
"2025-11-29","complete","present","26","26","0","0","2","6","skip","2025/11/29/29-11-2025.docx","2025/11/29/29-11-2025 افراد.docx",""
"2025-11-30","complete","present","27","27","0","0","3","6","skip","2025/11/30/30-11-2025.docx","2025/11/30/30-11-2025 افراد.docx",""
"2025-12-01","complete","present","35","35","0","0","3","6","skip","2025/12/1/1-12-2025.docx","2025/12/1/1-12-2025 افراد.docx",""
"2025-12-02","complete","present","33","33","0","0","4","4","skip","2025/12/2/2-12-2025.docx","2025/12/2/2-12-2025 افراد.docx",""
"2025-12-03","complete","present","35","35","0","0","1","6","skip","2025/12/3/3-12-2025.docx","2025/12/3/3-12-2025 افراد.docx",""
"2025-12-04","complete","present","34","34","0","0","3","6","skip","2025/12/4/4-12-2025.docx","2025/12/4/4-12-2025 افراد.docx",""
"2025-12-05","complete","present","42","42","0","0","0","6","skip","2025/12/5/5-12-2025.docx","2025/12/5/5-12-2025 افراد.docx",""
"2025-12-06","complete","present","36","36","0","0","2","6","skip","2025/12/6/6-12-2025.docx","2025/12/6/6-12-2025 افراد.docx",""
"2025-12-07","complete","present","33","33","0","0","1","6","skip","2025/12/7/7-12-2025.docx","2025/12/7/7-12-2025 افراد.docx",""
"2025-12-08","complete","present","37","37","0","0","3","6","skip","2025/12/8/8-12-2025.docx","2025/12/8/8-12-2025 افراد.docx",""
"2025-12-09","complete","present","33","33","0","0","2","6","skip","2025/12/9/9-12-2025.docx","2025/12/9/9-12-2025 افراد.docx",""
"2025-12-10","complete","present","32","32","0","0","3","6","skip","2025/12/10/10-12-2025.docx","2025/12/10/10-12-2025 افراد.docx",""
"2025-12-11","complete","present","38","38","0","0","4","6","skip","2025/12/11/11-12-2025.docx","2025/12/11/11-12-2025 افراد.docx",""
"2025-12-12","complete","present","37","37","0","0","1","6","skip","2025/12/12/12-12-2025.docx","2025/12/12/12-12-2025 افراد.docx",""
"2025-12-13","complete","present","30","30","0","0","2","6","skip","2025/12/13/13-12-2025.docx","2025/12/13/13-12-2025 افراد.docx",""
"2025-12-14","complete","present","38","38","0","0","2","6","skip","2025/12/14/14-12-2025.docx","2025/12/14/14-12-2025 افراد.docx",""
"2025-12-15","complete","present","37","37","0","0","4","6","skip","2025/12/15/15-12-2025.docx","2025/12/15/15-12-2025 افراد.docx",""
"2025-12-16","complete","present","30","30","0","0","3","6","skip","2025/12/16/16-12-2025.docx","2025/12/16/16-12-2025 افراد.docx",""
"2025-12-17","complete","present","46","46","0","0","6","6","skip","2025/12/17/17-12-2025.docx","2025/12/17/17-12-2025 افراد.docx",""
"2025-12-18","complete","present","46","46","0","0","4","6","skip","2025/12/18/18-12-2025.docx","2025/12/18/18-12-2025 افراد.docx",""
"2025-12-19","complete","present","40","40","0","0","5","6","skip","2025/12/19/19-12-2025.docx","2025/12/19/19-12-2025 افراد.docx",""
"2025-12-20","complete","present","30","30","0","0","0","6","skip","2025/12/20/20-12-2025.docx","2025/12/20/20-12-2025 افراد.docx",""
"2025-12-21","complete","present","30","30","0","0","0","6","skip","2025/12/21/21-12-2025.docx","2025/12/21/21-12-2025 افراد.docx",""
"2025-12-22","complete","present","34","34","0","0","2","4","skip","2025/12/22/22-12-2025.docx","2025/12/22/22-12-2025 افراد.docx",""
"2025-12-23","complete","present","28","28","0","0","0","4","skip","2025/12/23/23-12-2025.docx","2025/12/23/23-12-2025 افراد.docx",""
"2025-12-24","complete","present","39","39","0","0","1","4","skip","2025/12/24/24-12-2025.docx","2025/12/24/24-12-2025 افراد.docx",""
"2025-12-25","complete","present","37","37","0","0","1","4","skip","2025/12/25/25-12-2025.docx","2025/12/25/25-12-2025 افراد.docx",""
"2025-12-26","complete","present","36","36","0","0","2","4","skip","2025/12/26/26-12-2025.docx","2025/12/26/26-12-2025 افراد.docx",""
"2025-12-27","complete","present","36","36","0","0","1","4","skip","2025/12/27/27-12-2025.docx","2025/12/27/27-12-2025 افراد.docx",""
"2025-12-28","complete","present","28","28","0","0","1","4","skip","2025/12/28/28-12-2025.docx","2025/12/28/28-12-2025 افراد.docx",""
"2025-12-29","complete","present","30","30","0","0","0","4","skip","2025/12/29/29-12-2025.docx","2025/12/29/29-12-2025 افراد.docx",""
"2025-12-30","complete","present","34","34","0","0","1","4","skip","2025/12/30/30-12-2025.docx","2025/12/30/30-12-2025 افراد.docx",""
"2025-12-31","complete","present","44","44","0","0","10","4","skip","2025/12/31/31-12-2025.docx","2025/12/31/31-12-2025 افراد.docx",""
"2026-01-01","complete","present","30","30","0","0","4","4","skip","2026/1/1/1-1-2026.docx","2026/1/1/1-1-2026 افراد.docx",""
"2026-01-02","complete","present","38","38","0","0","4","4","skip","2026/1/2/2-1-2026.docx","2026/1/2/2-1-2026 افراد.docx",""
"2026-01-03","complete","present","32","32","0","0","8","4","skip","2026/1/3/3-1-2026.docx","2026/1/3/3-1-2026 افراد.docx",""
"2026-01-04","complete","present","33","33","0","0","2","4","skip","2026/1/4/4-1-2026.docx","2026/1/4/4-1-2026 افراد.docx",""
"2026-01-05","complete","present","32","32","0","0","1","4","skip","2026/1/5/5-1-2026.docx","2026/1/5/5-1-2026 افراد.docx",""
"2026-01-06","complete","present","37","37","0","0","3","2","skip","2026/1/6/6-1-2026.docx","2026/1/6/6-1-2026 افراد.docx",""
"2026-01-07","complete","present","31","31","0","0","0","2","skip","2026/1/7/7-1-2026.docx","2026/1/7/7-1-2026 افراد.docx",""
"2026-01-08","complete","present","25","25","0","0","1","2","skip","2026/1/8/8-1-2026.docx","2026/1/8/8-1-2026 افراد.docx",""
"2026-01-09","complete","present","33","33","0","0","1","2","skip","2026/1/9/9-1-2026.docx","2026/1/9/9-1-2026 افراد.docx",""
"2026-01-10","complete","present","33","33","0","0","0","2","skip","2026/1/10/10-1-2026.docx","2026/1/10/10-1-2026 افراد.docx",""
"2026-01-11","complete","present","28","28","0","0","4","2","skip","2026/1/11/11-1-2026.docx","2026/1/11/11-1-2026 افراد.docx",""
"2026-01-12","complete","present","27","27","0","0","0","2","skip","2026/1/12/12-1-2026.docx","2026/1/12/12-1-2026 افراد.docx",""
"2026-01-13","complete","present","33","33","0","0","0","2","skip","2026/1/13/13-1-2026.docx","2026/1/13/13-1-2026 افراد.docx",""
"2026-01-14","complete","present","30","30","0","0","2","2","skip","2026/1/14/14-1-2026.docx","2026/1/14/14-1-2026 افراد.docx",""
"2026-01-15","complete","present","29","29","0","0","0","2","skip","2026/1/15/15-1-2026.docx","2026/1/15/15-1-2026 افراد.docx",""
"2026-01-16","complete","present","36","36","0","0","2","2","skip","2026/1/16/16-1-2026.docx","2026/1/16/16-1-2026 افراد.docx",""
"2026-01-17","complete","present","34","34","0","0","0","2","skip","2026/1/17/17-1-2026.docx","2026/1/17/17-1-2026 افراد.docx",""
"2026-01-18","complete","present","32","32","0","0","2","2","skip","2026/1/18/18-1-2026.docx","2026/1/18/18-1-2026 افراد.docx",""
"2026-01-19","complete","present","46","46","0","0","2","2","skip","2026/1/19/19-1-2026.docx","2026/1/19/19-1-2026 افراد.docx",""
"2026-01-20","complete","present","31","31","0","0","1","2","skip","2026/1/20/20-1-2026.docx","2026/1/20/20-1-2026 افراد.docx",""
"2026-01-21","complete","present","33","33","0","0","2","2","skip","2026/1/21/21-1-2026.docx","2026/1/21/21-1-2026 افراد.docx",""
"2026-01-22","complete","present","31","31","0","0","0","2","skip","2026/1/22/22-1-2026.docx","2026/1/22/22-1-2026 افراد.docx",""
"2026-01-23","complete","present","32","32","0","0","3","2","skip","2026/1/23/23-1-2026.docx","2026/1/23/23-1-2026 افراد.docx",""
"2026-01-24","complete","present","33","33","0","0","0","2","skip","2026/1/24/24-1-2026.docx","2026/1/24/24-1-2026 افراد.docx",""
"2026-01-25","complete","present","37","37","0","0","1","2","skip","2026/1/25/25-1-2026.docx","2026/1/25/25-1-2026 افراد.docx",""
"2026-01-26","complete","present","30","30","0","0","0","2","skip","2026/1/26/26-1-2026.docx","2026/1/26/26-1-2026 افراد.docx",""
"2026-01-27","complete","present","36","36","0","0","0","2","skip","2026/1/27/27-1-2026.docx","2026/1/27/27-1-2026 افراد.docx",""
"2026-01-28","complete","present","39","39","0","0","1","2","skip","2026/1/28/28-1-2026.docx","2026/1/28/28-1-2026 افراد.docx",""
"2026-01-29","complete","present","24","24","0","0","0","2","skip","2026/1/29/29-1-2026.docx","2026/1/29/29-1-2026 افراد.docx",""
"2026-01-30","complete","present","36","36","0","0","4","2","skip","2026/1/30/30-1-2026.docx","2026/1/30/30-1-2026 افراد.docx",""
"2026-01-31","complete","present","38","38","0","0","1","2","skip","2026/1/31/31-1-2026.docx","2026/1/31/31-1-2026 افراد.docx",""
"2026-02-01","complete","present","47","47","0","0","2","2","skip","2026/2/1/1-2-2026.docx","2026/2/1/1-2-2026 افراد.docx",""
"2026-02-02","complete","present","31","31","0","0","3","4","skip","2026/2/2/2-2-2026.docx","2026/2/2/2-2-2026 افراد.docx",""
"2026-02-03","complete","present","30","30","0","0","0","2","skip","2026/2/3/3-2-2026.docx","2026/2/3/3-2-2026 افراد.docx",""
"2026-02-04","complete","present","31","31","0","0","0","2","skip","2026/2/4/4-2-2026.docx","2026/2/4/4-2-2026 افراد.docx",""
"2026-02-05","complete","present","34","34","0","0","0","2","skip","2026/2/5/5-2-2026.docx","2026/2/5/5-2-2026 افراد.docx",""
"2026-02-06","complete","present","32","32","0","0","4","0","skip","2026/2/6/6-2-2026.docx","2026/2/6/6-2-2026 افراد.docx",""
"2026-02-07","complete","present","30","30","0","0","0","0","skip","2026/2/7/7-2-2026.docx","2026/2/7/7-2-2026 افراد.docx",""
"2026-02-08","complete","present","32","32","0","0","0","0","skip","2026/2/8/8-2-2026.docx","2026/2/8/8-2-2026 افراد.docx",""
"2026-02-09","complete","present","33","33","0","0","3","0","skip","2026/2/9/9-2-2026.docx","2026/2/9/9-2-2026 افراد.docx",""
"2026-02-10","complete","present","40","40","0","0","1","0","skip","2026/2/10/10-2-2026.docx","2026/2/10/10-2-2026 افراد.docx",""
"2026-02-11","complete","present","38","38","0","0","0","0","skip","2026/2/11/11-2-2026.docx","2026/2/11/11-2-2026 افراد.docx",""
"2026-02-12","complete","present","34","34","0","0","3","0","skip","2026/2/12/12-2-2026.docx","2026/2/12/12-2-2026 افراد.docx",""
"2026-02-13","complete","present","35","35","0","0","5","0","skip","2026/2/13/13-2-2026.docx","2026/2/13/13-2-2026 افراد.docx",""
"2026-02-14","complete","present","46","46","0","0","0","0","skip","2026/2/14/14-2-2026.docx","2026/2/14/14-2-2026 افراد.docx",""
"2026-02-15","complete","present","35","35","0","0","0","0","skip","2026/2/15/15-2-2026.docx","2026/2/15/15-2-2026 افراد.docx",""
"2026-02-16","complete","present","29","29","0","0","0","0","skip","2026/2/16/16-2-2026.docx","2026/2/16/16-2-2026 افراد.docx",""
"2026-02-17","complete","present","35","35","0","0","0","0","skip","2026/2/17/17-2-2026.docx","2026/2/17/17-2-2026 افراد.docx",""
"2026-02-18","complete","present","33","33","0","0","1","0","skip","2026/2/18/18-2-2026.docx","2026/2/18/18-2-2026 افراد.docx",""
"2026-02-19","complete","present","33","33","0","0","1","0","skip","2026/2/19/19-2-2026.docx","2026/2/19/19-2-2026 افراد.docx",""
"2026-02-20","complete","present","32","32","0","0","5","0","skip","2026/2/20/20-2-2026.docx","2026/2/20/20-2-2026 افراد.docx",""
"2026-02-21","complete","present","29","29","0","0","0","0","skip","2026/2/21/21-2-2026.docx","2026/2/21/21-2-2026 افراد.docx",""
"2026-02-22","complete","present","30","30","0","0","0","0","skip","2026/2/22/22-2-2026.docx","2026/2/22/22-2-2026 افراد.docx",""
"2026-02-23","complete","present","12","12","0","0","0","0","skip","2026/2/23/23-2-2026.docx","2026/2/23/23-2-2026 افراد.docx",""
"2026-02-24","complete","present","27","27","0","0","0","0","skip","2026/2/24/24-2-2026.docx","2026/2/24/24-2-2026 افراد.docx",""
"2026-02-25","complete","present","38","38","0","0","2","0","skip","2026/2/25/25-2-2026.docx","2026/2/25/25-2-2026 افراد.docx",""
"2026-02-26","complete","present","30","30","0","0","0","0","skip","2026/2/26/26-2-2026.docx","2026/2/26/26-2-2026 افراد.docx",""
"2026-02-27","complete","present","26","26","0","0","0","0","skip","2026/2/27/27-2-2026.docx","2026/2/27/27-2-2026 افراد.docx",""
"2026-02-28","complete","present","41","41","0","0","0","0","skip","2026/2/28/28-2-2026.docx","2026/2/28/28-2-2026 افراد.docx",""
"2026-03-01","complete","present","33","33","0","0","0","0","skip","2026/3/1/1-3-2026.docx","2026/3/1/1-3-2026 افراد.docx",""
"2026-03-02","complete","present","31","31","0","0","0","0","skip","2026/3/2/2-3-2026.docx","2026/3/2/2-3-2026 افراد.docx",""
"2026-03-03","complete","present","33","33","0","0","1","0","skip","2026/3/3/3-3-2026.docx","2026/3/3/3-3-2026 افراد - تخفيض.docx",""
"2026-03-04","complete","present","32","32","0","0","2","0","skip","2026/3/4/4-3-2026.docx","2026/3/4/4-3-2026 افراد - تخفيض.docx",""
"2026-03-05","complete","present","31","31","0","0","0","0","skip","2026/3/5/5-3-2026.docx","2026/3/5/5-3-2026 افراد - تخفيض.docx",""
"2026-03-06","complete","present","24","24","0","0","0","0","skip","2026/3/6/6-3-2026.docx","2026/3/6/6-3-2026 افراد - تخفيض.docx",""
"2026-03-07","complete","present","32","32","0","0","0","0","skip","2026/3/7/7-3-2026.docx","2026/3/7/7-3-2026 افراد.docx",""
"2026-03-08","complete","present","29","29","0","0","0","0","skip","2026/3/8/8-3-2026.docx","2026/3/8/8-3-2026 افراد.docx",""
"2026-03-09","complete","present","36","36","0","0","4","0","skip","2026/3/9/9-3-2026.docx","2026/3/9/9-3-2026 افراد.docx",""
"2026-03-10","complete","present","42","42","0","0","3","0","skip","2026/3/10/10-3-2026.docx","2026/3/10/10-3-2026 افراد.docx",""
"2026-03-11","complete","present","35","35","0","0","0","0","skip","2026/3/11/11-3-2026.docx","2026/3/11/10-3-2026 افراد.docx",""
"2026-03-12","complete","present","34","34","0","0","0","0","skip","2026/3/12/12-3-2026.docx","2026/3/12/12-3-2026 افراد.docx",""
"2026-03-13","complete","present","35","35","0","0","3","0","skip","2026/3/13/13-3-2026.docx","2026/3/13/13-3-2026 افراد.docx",""
"2026-03-14","complete","present","42","42","0","0","4","0","skip","2026/3/14/14-3-2026.docx","2026/3/14/14-3-2026 افراد.docx",""
"2026-03-15","complete","present","37","37","0","0","0","0","skip","2026/3/15/15-3-2026.docx","2026/3/15/15-3-2026 افراد.docx",""
"2026-03-16","complete","present","31","31","0","0","0","0","skip","2026/3/16/16-3-2026.docx","2026/3/16/16-3-2026 افراد.docx",""
"2026-03-17","complete","present","31","31","0","0","0","0","skip","2026/3/17/17-3-2026.docx","2026/3/17/17-3-2026 افراد.docx",""
"2026-03-18","complete","present","30","30","0","0","0","0","skip","2026/3/18/18-3-2026.docx","2026/3/18/18-3-2026 افراد.docx",""
"2026-03-19","complete","present","33","33","0","0","0","0","skip","2026/3/19/19-3-2026.docx","2026/3/19/19-3-2026 افراد.docx",""
"2026-03-20","complete","present","45","45","0","0","1","0","skip","2026/3/20/20-3-2026.docx","2026/3/20/20-3-2026 افراد.docx",""
"2026-03-21","complete","present","38","38","0","0","0","0","skip","2026/3/21/21-3-2026.docx","2026/3/21/21-3-2026 افراد.docx",""
"2026-03-22","complete","present","39","39","0","0","0","0","skip","2026/3/22/22-3-2026.docx","2026/3/22/22-3-2026 افراد.docx",""
"2026-03-23","complete","present","37","37","0","0","0","0","skip","2026/3/23/23-3-2026.docx","2026/3/23/23-3-2026 افراد.docx",""
"2026-03-24","complete","present","30","30","0","0","3","0","skip","2026/3/24/24-3-2026.docx","2026/3/24/24-3-2026 افراد.docx",""
"2026-03-25","complete","present","33","33","0","0","0","0","skip","2026/3/25/25-3-2026.docx","2026/3/25/25-3-2026 افراد.docx",""
"2026-03-26","complete","present","31","31","0","0","0","0","skip","2026/3/26/26-3-2026.docx","2026/3/26/26-3-2026 افراد.docx",""
"2026-03-27","complete","present","28","28","0","0","0","0","skip","2026/3/27/27-3-2026.docx","2026/3/27/27-3-2026 افراد.docx",""
"2026-03-28","complete","present","39","39","0","0","0","0","skip","2026/3/28/28-3-2026.docx","2026/3/28/28-3-2026 افراد.docx",""
"2026-03-29","complete","present","43","43","0","0","0","0","skip","2026/3/29/29-3-2026.docx","2026/3/29/29-3-2026 افراد.docx",""
"2026-03-30","complete","present","48","48","0","0","0","0","skip","2026/3/30/30-3-2026.docx","2026/3/30/30-3-2026 افراد.docx",""
"2026-03-31","complete","present","44","44","0","0","0","0","skip","2026/3/31/31-3-2026.docx","2026/3/31/31-3-2026 افراد.docx",""
"2026-04-01","complete","present","37","37","0","0","0","0","skip","2026/4/1/1-4-2026.docx","2026/4/1/1-4-2026 افراد.docx",""
"2026-04-02","complete","present","41","41","0","0","0","0","skip","2026/4/2/2-4-2026.docx","2026/4/2/2-4-2026 افراد.docx",""
"2026-04-03","complete","present","34","34","0","0","0","0","skip","2026/4/3/3-4-2026.docx","2026/4/3/3-4-2026 افراد.docx",""
"2026-04-04","complete","present","36","36","0","0","4","0","skip","2026/4/4/4-4-2026.docx","2026/4/4/4-4-2026 افراد.docx",""
"2026-04-05","complete","present","40","40","0","0","13","0","skip","2026/4/5/5-4-2026.docx","2026/4/5/5-4-2026 افراد.docx",""
"2026-04-06","complete","present","36","36","0","0","5","0","skip","2026/4/6/6-4-2026.docx","2026/4/6/6-4-2026 افراد.docx",""
"2026-04-07","complete","present","43","43","0","0","3","0","skip","2026/4/7/7-4-2026.docx","2026/4/7/7-4-2026 افراد.docx",""
"2026-04-08","complete","present","38","38","0","0","3","0","skip","2026/4/8/8-4-2026.docx","2026/4/8/8-4-2026 افراد.docx",""
"2026-04-09","complete","present","42","42","0","0","7","0","skip","2026/4/9/9-4-2026.docx","2026/4/9/9-4-2026 افراد.docx",""
"2026-04-10","complete","present","37","37","0","0","7","0","skip","2026/4/10/10-4-2026.docx","2026/4/10/10-4-2026 افراد.docx",""
"2026-04-11","complete","present","55","55","0","0","7","0","skip","2026/4/11/11-4-2026.docx","2026/4/11/11-4-2026 افراد.docx",""
"2026-04-12","complete","present","46","46","0","0","2","0","skip","2026/4/12/12-4-2026.docx","2026/4/12/12-4-2026 افراد.docx",""
"2026-04-13","complete","present","40","40","0","0","0","0","skip","2026/4/13/13-4-2026.docx","2026/4/13/13-4-2026 افراد.docx",""
"2026-04-14","complete","present","40","40","0","0","0","0","skip","2026/4/14/14-4-2026.docx","2026/4/14/14-4-2026 افراد.docx",""
"2026-04-15","complete","present","44","44","0","0","0","0","skip","2026/4/15/15-4-2026.docx","2026/4/15/15-4-2026 افراد.docx",""
"2026-04-16","complete","present","34","34","0","0","0","0","skip","2026/4/16/16-4-2026.docx","2026/4/16/16-4-2026 افراد.docx",""
"2026-04-17","complete","present","32","32","0","0","0","0","skip","2026/4/17/17-4-2026.docx","2026/4/17/17-4-2026 افراد.docx",""
"2026-04-18","complete","present","42","42","0","0","5","0","skip","2026/4/18/18-4-2026.docx","2026/4/18/18-4-2026 افراد.docx",""
"2026-04-19","complete","present","37","37","0","0","6","0","skip","2026/4/19/19-4-2026.docx","2026/4/19/19-4-2026 افراد.docx",""
"2026-04-20","complete","present","43","43","0","0","7","0","skip","2026/4/20/20-4-2026.docx","2026/4/20/20-4-2026 افراد.docx",""
"2026-04-21","complete","present","42","42","0","0","8","0","skip","2026/4/21/21-4-2026.docx","2026/4/21/21-4-2026 افراد.docx",""
"2026-04-22","complete","present","38","38","0","0","3","0","skip","2026/4/22/22-4-2026.docx","2026/4/22/22-4-2026 افراد.docx",""
"2026-04-23","complete","present","32","32","0","0","0","0","skip","2026/4/23/23-4-2026.docx","2026/4/23/23-4-2026 افراد.docx",""
"2026-04-24","complete","present","32","32","0","0","1","0","skip","2026/4/24/24-4-2026.docx","2026/4/24/24-4-2026 افراد.docx",""
"2026-04-25","complete","present","30","30","0","0","0","0","skip","2026/4/25/25-4-2026.docx","2026/4/25/25-4-2026 افراد.docx",""
"2026-04-26","complete","present","44","44","0","0","0","0","skip","2026/4/26/26-4-2026.docx","2026/4/26/26-4-2026 افراد.docx",""
"2026-04-27","complete","present","44","44","0","0","0","0","skip","2026/4/27/27-4-2026.docx","2026/4/27/27-4-2026 افراد.docx",""
"2026-04-28","complete","present","35","35","0","0","0","0","skip","2026/4/28/28-4-2026.docx","2026/4/28/28-4-2026 افراد.docx",""
"2026-04-29","complete","present","33","33","0","0","0","0","skip","2026/4/29/29-4-2026.docx","2026/4/29/29-4-2026 افراد.docx",""
"2026-04-30","complete","present","33","33","0","0","0","0","skip","2026/4/30/30-4-2026.docx","2026/4/30/30-4-2026 افراد.docx",""
"2026-05-01","complete","present","31","31","0","0","0","0","skip","2026/5/1/1-5-2026.docx","2026/5/1/1-5-2026 افراد.docx",""
"2026-05-02","complete","present","30","30","0","0","0","0","skip","2026/5/2/2-5-2026.docx","2026/5/2/2-5-2026 افراد.docx",""
"2026-05-03","complete","present","32","32","0","0","0","0","skip","2026/5/3/3-5-2026.docx","2026/5/3/3-5-2026 افراد.docx",""
"2026-05-04","complete","present","31","31","0","0","3","0","skip","2026/5/4/4-5-2026.docx","2026/5/4/4-5-2026 افراد.docx",""
"2026-05-05","complete","present","32","32","0","0","0","0","skip","2026/5/5/5-5-2026.docx","2026/5/5/5-5-2026 افراد.docx",""
"2026-05-06","complete","present","31","31","0","0","0","0","skip","2026/5/6/6-5-2026.docx","2026/5/6/6-5-2026 افراد.docx",""
"2026-05-07","complete","present","25","25","0","0","0","0","skip","2026/5/7/7-5-2026.docx","2026/5/7/7-5-2026 افراد.docx",""
"2026-05-08","complete","present","27","27","0","0","0","0","skip","2026/5/8/8-5-2026.docx","2026/5/8/8-5-2026 افراد.docx",""
"2026-05-09","complete","present","32","32","0","0","0","0","skip","2026/5/9/9-5-2026.docx","2026/5/9/9-5-2026 افراد.docx",""
"2026-05-10","complete","present","34","34","0","0","0","0","skip","2026/5/10/10-5-2026.docx","2026/5/10/10-5-2026 افراد.docx",""
"2026-05-11","complete","present","36","36","0","0","0","0","skip","2026/5/11/11-5-2026.docx","2026/5/11/11-5-2026 افراد.docx",""
"2026-05-12","complete","present","31","31","0","0","0","0","skip","2026/5/12/12-5-2026.docx","2026/5/12/12-5-2026 افراد.docx",""
"2026-05-13","complete","present","34","34","0","0","0","0","skip","2026/5/13/13-5-2026.docx","2026/5/13/13-5-2026 افراد.docx",""
"2026-05-14","complete","present","34","34","0","0","0","0","skip","2026/5/14/14-5-2026.docx","2026/5/14/14-5-2026 افراد.docx",""
"2026-05-15","complete","present","26","26","0","0","0","0","skip","2026/5/15/15-5-2026.docx","2026/5/15/15-5-2026 افراد.docx",""
"2026-05-16","complete","present","34","34","0","0","4","0","skip","2026/5/16/16-5-2026.docx","2026/5/16/16-5-2026 افراد.docx",""
"2026-05-17","complete","present","29","29","0","0","0","0","skip","2026/5/17/17-5-2026.docx","2026/5/17/17-5-2026 افراد.docx",""
"2026-05-18","complete","present","33","33","0","0","0","0","skip","2026/5/18/18-5-2026.docx","2026/5/18/18-5-2026 افراد.docx",""
"2026-05-19","complete","present","30","30","0","0","3","0","skip","2026/5/19/19-5-2026.docx","2026/5/19/19-5-2026 افراد.docx",""
"2026-05-20","complete","present","39","39","0","0","1","0","skip","2026/5/20/20-5-2026.docx","2026/5/20/20-5-2026 افراد.docx",""
"2026-05-21","complete","present","31","31","0","0","1","0","skip","2026/5/21/21-5-2026.docx","2026/5/21/21-5-2026 افراد.docx",""
"2026-05-22","complete","present","29","29","0","0","0","0","skip","2026/5/22/22-5-2026.docx","2026/5/22/22-5-2026 افراد.docx",""
"2026-05-23","complete","present","28","28","0","0","0","0","skip","2026/5/23/23-5-2026.docx","2026/5/23/23-5-2026 افراد.docx",""
"2026-05-24","complete","present","33","33","0","0","0","0","skip","2026/5/24/24-5-2026.docx","2026/5/24/24-5-2026 افراد.docx",""
"2026-05-25","complete","present","40","40","0","0","0","0","skip","2026/5/25/25-5-2026.docx","2026/5/25/25-5-2026 افراد.docx",""
"2026-05-26","complete","present","33","33","0","0","0","0","skip","2026/5/26/26-5-2026.docx","2026/5/26/26-5-2026 افراد.docx",""
"2026-05-27","complete","present","43","43","0","0","4","0","skip","2026/5/27/27-5-2026.docx","2026/5/27/27-5-2026 افراد.docx",""
"2026-05-28","complete","present","34","34","0","0","4","0","skip","2026/5/28/28-5-2026.docx","2026/5/28/28-5-2026 افراد.docx",""
"2026-05-29","complete","present","36","36","0","0","4","0","skip","2026/5/29/29-5-2026.docx","2026/5/29/29-5-2026 افراد.docx",""
"2026-05-30","complete","present","36","36","0","0","4","0","skip","2026/5/30/30-5-2026.docx","2026/5/30/30-5-2026 افراد.docx",""
"2026-05-31","complete","present","40","40","0","0","4","0","skip","2026/5/31/31-5-2026.docx","2026/5/31/31-5-2026 افراد.docx",""
"2026-06-01","complete","unverified","36","34","18","16","21","1","skip","2026/6/1/1-6-2026.docx","2026/6/1/1-6-2026 افراد.docx",""
"2026-06-02","complete","unverified","31","29","11","9","19","1","skip","2026/6/2/2-6-2026.docx","2026/6/2/2-6-2026 افراد.docx",""
"2026-06-03","complete","unverified","41","31","23","13","13","1","skip","2026/6/3/3-6-2026.docx","2026/6/3/3-6-2026 افراد.docx",""
"2026-06-04","complete","unverified","29","28","8","7","20","1","skip","2026/6/4/4-6-2026.docx","2026/6/4/4-6-2026 افراد.docx",""
"2026-06-05","complete","unverified","30","30","12","12","16","1","skip","2026/6/5/5-6-2026.docx","2026/6/5/5-6-2026 افراد.docx",""
"2026-06-06","complete","unverified","37","31","19","14","14","1","skip","2026/6/6/6-6-2026.docx","2026/6/6/6-6-2026 افراد.docx",""
"2026-06-07","complete","unverified","40","33","14","7","40","1","skip","2026/6/7/7-6-2026.docx","2026/6/7/7-6-2026 افراد.docx",""
"2026-06-08","complete","unverified","44","33","30","19","8","1","skip","2026/6/8/8-6-2026.docx","2026/6/8/8-6-2026 افراد.docx",""
"2026-06-09","complete","unverified","35","28","11","4","38","1","skip","2026/6/9/9-6-2026.docx","2026/6/9/9-6-2026 افراد.docx",""
"2026-06-10","complete","unverified","35","27","17","9","22","1","skip","2026/6/10/10-6-2026.docx","2026/6/10/10-6-2026 افراد.docx",""
"2026-06-11","complete","unverified","32","26","16","10","12","1","skip","2026/6/11/11-6-2026.docx","2026/6/11/11-6-2026 افراد.docx",""
"2026-06-12","complete","unverified","30","28","13","11","14","1","skip","2026/6/12/12-6-2026.docx","2026/6/12/12-6-2026 افراد.docx",""
"2026-06-13","complete","unverified","35","28","18","11","13","1","skip","2026/6/13/13-6-2026.docx","2026/6/13/13-6-2026 افراد.docx",""
"2026-06-14","complete","unverified","34","27","18","11","16","1","skip","2026/6/14/14-6-2026.docx","2026/6/14/14-6-2026 افراد.docx",""
"2026-06-15","complete","unverified","43","35","29","21","14","1","skip","2026/6/15/15-6-2026.docx","2026/6/15/15-6-2026 افراد.docx",""
"2026-06-16","complete","unverified","30","28","14","12","26","1","skip","2026/6/16/16-6-2026.docx","2026/6/16/16-6-2026 افراد.docx",""
"2026-06-17","complete","unverified","34","29","20","15","21","1","skip","2026/6/17/17-6-2026.docx","2026/6/17/17-6-2026 افراد.docx",""
"2026-06-18","complete","unverified","28","23","13","8","13","1","skip","2026/6/18/18-6-2026.docx","2026/6/18/18-6-2026 افراد.docx",""
"2026-06-19","complete","unverified","33","31","13","11","20","1","skip","2026/6/19/19-6-2026.docx","2026/6/19/19-6-2026 افراد.docx",""
"2026-06-20","complete","unverified","35","30","9","4","46","1","skip","2026/6/20/20-6-2026.docx","2026/6/20/20-6-2026 افراد.docx",""
"2026-06-21","complete","unverified","30","25","12","7","19","1","skip","2026/6/21/21-6-2026.docx","2026/6/21/21-6-2026 افراد.docx",""
"2026-06-22","complete","unverified","26","23","5","2","29","1","skip","2026/6/22/22-6-2026.docx","2026/6/22/22-6-2026 افراد.docx",""
"2026-06-23","complete","unverified","28","25","11","8","18","1","skip","2026/6/23/23-6-2026.docx","2026/6/23/23-6-2026 افراد.docx",""
"2026-06-24","complete","unverified","29","25","5","1","35","1","skip","2026/6/24/24-6-2026.docx","2026/6/24/24-6-2026 افراد.docx",""
"2026-06-25","complete","unverified","28","27","4","3","36","1","skip","2026/6/25/25-6-2026.docx","2026/6/25/25-6-2026 افراد.docx",""
"2026-06-26","complete","unverified","26","25","8","7","20","1","skip","2026/6/26/26-6-2026.docx","2026/6/26/26-6-2026 افراد.docx",""
"2026-06-27","complete","unverified","36","28","13","5","36","1","skip","2026/6/27/27-6-2026.docx","2026/6/27/27-6-2026 افراد.docx",""
"2026-06-28","complete","unverified","34","29","16","11","18","1","skip","2026/6/28/28-6-2026.docx","2026/6/28/28-6-2026 افراد.docx",""
"2026-06-29","complete","unverified","42","41","22","21","20","1","skip","2026/6/29/29-6-2026.docx","2026/6/29/29-6-2026 افراد.docx",""
"2026-06-30","complete","unverified","43","37","24","18","20","1","skip","2026/6/30/30-6-2026.docx","2026/6/30/30-6-2026 افراد.docx",""
"2026-07-01","complete","unverified","42","36","19","13","34","1","skip","2026/7/1/1-7-2026.docx","2026/7/1/1-7-2026 افراد.docx",""
"2026-07-02","complete","unverified","28","27","4","3","27","1","skip","2026/7/2/2-7-2026.docx","2026/7/2/2-7-2026 افراد.docx",""
"2026-07-03","complete","unverified","36","35","17","16","20","1","skip","2026/7/3/3-7-2026.docx","2026/7/3/3-7-2026 افراد.docx",""
"2026-07-04","complete","unverified","34","32","6","4","45","1","skip","2026/7/4/4-7-2026.docx","2026/7/4/4-7-2026 افراد.docx",""
"2026-07-05","complete","unverified","35","32","16","13","19","1","skip","2026/7/5/5-7-2026.docx","2026/7/5/5-7-2026 افراد.docx",""
"2026-07-06","complete","unverified","30","29","4","3","46","1","skip","2026/7/6/6-7-2026.docx","2026/7/6/6-7-2026 افراد.docx",""
"2026-07-07","complete","unverified","45","41","23","19","36","1","skip","2026/7/7/7-7-2026.docx","2026/7/7/7-7-2026 افراد.docx",""
"2026-07-08","complete","unverified","36","33","8","5","53","1","skip","2026/7/8/8-7-2026.docx","2026/7/8/8-7-2026 افراد.docx",""
"2026-07-09","complete","unverified","29","26","11","8","24","1","skip","2026/7/9/9-7-2026.docx","2026/7/9/9-7-2026 افراد.docx",""
"2026-07-10","complete","unverified","28","24","12","8","22","1","skip","2026/7/10/10-7-2026.docx","2026/7/10/10-7-2026 افراد.docx",""
"2026-07-11","complete","unverified","28","24","8","4","28","1","skip","2026/7/11/11-7-2026.docx","2026/7/11/11-7-2026 افراد.docx",""
"2026-07-12","complete","unverified","34","30","15","11","21","1","skip","2026/7/12/12-7-2026.docx","2026/7/12/12-7-2026 افراد.docx",""
"2026-07-13","complete","unverified","30","28","9","7","24","1","skip","2026/7/13/13-7-2026.docx","2026/7/13/13-7-2026 افراد.docx",""
"2026-07-14","complete","unverified","32","30","12","10","29","1","skip","2026/7/14/14-7-2026.docx","2026/7/14/14-7-2026 افراد.docx",""
"2026-07-15","complete","unverified","30","28","5","3","42","1","skip","2026/7/15/15-7-2026.docx","2026/7/15/15-7-2026 افراد.docx",""
"2026-07-16","complete","unverified","32","27","15","11","15","1","skip","2026/7/16/16-7-2026.docx","2026/7/16/16-7-2026 افراد.docx",""
"2026-07-17","complete","unverified","27","27","9","9","20","1","skip","2026/7/17/17-7-2026.docx","2026/7/17/17-7-2026 افراد.docx",""
"2026-07-18","complete","unverified","34","27","12","6","27","1","skip","2026/7/18/18-7-2026.docx","2026/7/18/18-7-2026 افراد.docx",""
"2026-07-19","complete","unverified","31","25","10","4","27","1","skip","2026/7/19/19-7-2026.docx","2026/7/19/19-7-2026 افراد.docx",""
"2026-07-20","complete","unverified","33","27","10","5","35","1","skip","2026/7/20/20-7-2026.docx","2026/7/20/20-7-2026 افراد.docx",""
"2026-07-21","complete","unverified","26","23","8","5","23","1","skip","2026/7/21/21-7-2026.docx","2026/7/21/21-7-2026 افراد.docx",""
"2026-07-22","complete","unverified","29","24","10","5","30","1","skip","2026/7/22/22-7-2026.docx","2026/7/22/22-7-2026 افراد.docx",""
"2026-07-23","complete","unverified","24","20","5","2","14","1","skip","2026/7/23/23-7-2026.docx","2026/7/23/23-7-2026 افراد.docx",""
"2026-07-24","complete","unverified","25","24","8","7","16","1","skip","2026/7/24/24-7-2026.docx","2026/7/24/24-7-2026 افراد.docx",""
"2026-07-25","complete","unverified","30","26","4","1","41","1","skip","2026/7/25/25-7-2026.docx","2026/7/25/25-7-2026 افراد.docx",""
"2026-07-26","complete","unverified","29","25","7","3","29","1","skip","2026/7/26/26-7-2026.docx","2026/7/26/26-7-2026 افراد.docx",""
"2026-07-27","complete","unverified","29","26","4","1","36","1","skip","2026/7/27/27-7-2026.docx","2026/7/27/27-7-2026 افراد.docx",""
"2026-07-28","complete","unverified","26","22","4","0","30","1","skip","2026/7/28/28-7-2026.docx","2026/7/28/28-7-2026 افراد.docx",""
"2026-07-29","complete","unverified","27","22","5","0","26","2","skip","2026/7/29/29-7-2026.docx","2026/7/29/29-7-2026 افراد.docx",""
"2026-07-30","complete","unverified","27","23","10","6","15","1","skip","2026/7/30/30-7-2026.docx","2026/7/30/30-7-2026 افراد.docx",""
"2026-07-31","complete","unverified","28","24","11","7","15","1","skip","2026/7/31/31-7-2026.docx","2026/7/31/31-7-2026 افراد.docx",""
"2026-08-01","complete","unverified","33","26","17","10","16","0","skip","2026/8/1/1-8-2026.docx","2026/8/1/1-8-2026 افراد.docx",""
"2026-08-02","complete","unverified","30","22","14","6","15","0","skip","2026/8/2/2-8-2026.docx","2026/8/2/2-8-2026 افراد.docx",""
"2026-08-03","complete","unverified","28","21","15","8","16","0","skip","2026/8/3/3-8-2026.docx","2026/8/3/3-8-2026 افراد.docx",""
"2026-08-04","complete","unverified","30","3","30","3","0","0","skip","2026/8/4/4-8-2026.docx","2026/8/4/4-8-2026 افراد.docx",""
"2026-08-05","complete","unverified","33","24","19","10","19","34","skip","2026/8/5/5-8-2026.docx","2026/8/5/5-8-2026 افراد.docx",""
"2026-08-06","complete","unverified","40","35","20","15","20","34","skip","2026/8/6/6-8-2026.docx","2026/8/6/6-8-2026 افراد.docx",""
"2026-08-07","complete","unverified","33","29","13","9","18","34","skip","2026/8/7/7-8-2026.docx","2026/8/7/7-8-2026 افراد.docx",""
"2026-08-08","complete","unverified","37","26","17","6","23","34","skip","2026/8/8/8-8-2026.docx","2026/8/8/8-8-2026 افراد.docx",""
"2026-08-09","complete","unverified","37","30","19","12","16","0","skip","2026/8/9/9-8-2026.docx","2026/8/9/9-8-2026 افراد.docx",""
"2026-08-10","complete","unverified","35","30","18","13","15","0","skip","2026/8/10/10-8-2026.docx","2026/8/10/10-8-2026 افراد.docx",""
"2026-08-11","complete","unverified","35","27","16","8","15","0","skip","2026/8/11/11-8-2026.docx","2026/8/11/11-8-2026 افراد.docx",""
"2026-08-12","complete","unverified","38","31","21","14","17","0","skip","2026/8/12/12-8-2026.docx","2026/8/12/12-8-2026 افراد.docx",""
"2026-08-13","complete","unverified","40","34","24","18","15","0","skip","2026/8/13/13-8-2026.docx","2026/8/13/13-8-2026 افراد.docx",""
"2026-08-14","complete","unverified","37","36","20","19","15","0","skip","2026/8/14/14-8-2026.docx","2026/8/14/14-8-2026 افراد.docx",""
"2026-08-15","complete","unverified","44","37","27","20","18","0","skip","2026/8/15/15-8-2026.docx","2026/8/15/15-8-2026 افراد.docx",""
"2026-08-16","complete","unverified","37","34","19","16","12","0","skip","2026/8/16/16-8-2026.docx","2026/8/16/16-8-2026 افراد.docx",""
"2026-08-17","complete","unverified","38","34","21","18","12","0","skip","2026/8/17/17-8-2026.docx","2026/8/17/17-8-2026 افراد.docx",""
"2026-08-18","complete","unverified","36","33","20","17","13","0","skip","2026/8/18/18-8-2026.docx","2026/8/18/18-8-2026 افراد.docx",""
"2026-08-19","complete","unverified","38","35","22","19","13","0","skip","2026/8/19/19-8-2026.docx","2026/8/19/19-8-2026 افراد.docx",""
"2026-08-20","complete","unverified","41","35","24","19","15","0","skip","2026/8/20/20-8-2026.docx","2026/8/20/20-8-2026 افراد.docx",""
"2026-08-21","complete","unverified","36","36","19","19","13","0","skip","2026/8/21/21-8-2026.docx","2026/8/21/21-8-2026 افراد.docx",""
"2026-08-22","complete","unverified","43","40","27","24","14","0","skip","2026/8/22/22-8-2026.docx","2026/8/22/22-8-2026 افراد.docx",""
"2026-08-23","complete","unverified","42","38","22","18","15","0","skip","2026/8/23/23-8-2026.docx","2026/8/23/23-8-2026 افراد.docx",""
"2026-08-24","complete","unverified","34","28","16","10","17","0","skip","2026/8/24/24-8-2026.docx","2026/8/24/24-8-2026 افراد.docx",""
"2026-08-25","complete","unverified","36","30","17","11","16","0","skip","2026/8/25/25-8-2026.docx","2026/8/25/25-8-2026 افراد.docx",""
"2026-08-26","complete","unverified","43","39","26","22","18","0","skip","2026/8/26/26-8-2026.docx","2026/8/26/26-8-2026 افراد.docx",""
"2026-08-27","complete","unverified","33","27","14","8","26","0","skip","2026/8/27/27-8-2026.docx","2026/8/27/27-8-2026 افراد.docx",""
"2026-08-28","complete","unverified","30","27","10","7","27","0","skip","2026/8/28/28-8-2026.docx","2026/8/28/28-8-2026 افراد.docx",""
"2026-08-29","complete","unverified","33","30","11","8","30","0","skip","2026/8/29/29-8-2026.docx","2026/8/29/30-8-2026 افراد.docx",""
"2026-08-30","complete","unverified","32","30","9","7","31","0","skip","2026/8/30/30-8-2026.docx","2026/8/30/30-8-2026 افراد.docx",""
"2026-08-31","complete","unverified","34","40","11","17","23","0","skip","2026/8/31/31-8-2026.docx","2026/8/31/31-8-2026 افراد.docx",""
"2026-09-01","complete","unverified","28","27","5","4","33","1","skip","2026/9/1/1-9-2026.docx","2026/9/1/1-9-2026 افراد.docx",""
"2026-09-02","complete","unverified","35","34","9","8","43","1","skip","2026/9/2/2-9-2026.docx","2026/9/2/2-9-2026 افراد.docx",""
"2026-09-03","complete","unverified","29","27","7","5","29","2","skip","2026/9/3/3-9-2026.docx","2026/9/3/3-9-2026 افراد.docx",""
"2026-09-04","complete","unverified","27","26","7","6","24","0","skip","2026/9/4/4-9-2026.docx","2026/9/4/4-9-2026 افراد.docx",""
"2026-09-05","complete","unverified","33","30","8","5","39","0","skip","2026/9/5/5-9-2026.docx","2026/9/5/5-9-2026 افراد.docx",""
"2026-09-06","complete","unverified","29","27","6","4","34","0","skip","2026/9/6/6-9-2026.docx","2026/9/6/6-9-2026 افراد.docx",""
"2026-09-07","complete","unverified","36","36","20","20","14","0","skip","2026/9/7/7-9-2026.docx","2026/9/7/7-9-2026 افراد.docx",""
"2026-09-08","complete","unverified","31","28","11","8","25","0","skip","2026/9/8/8-9-2026.docx","2026/9/8/8-9-2026 افراد.docx",""
"2026-09-09","complete","unverified","28","1","27","0","5","33","skip","2026/9/9/9-9-2026.docx","2026/9/9/9-9-2026 افراد.docx",""
"2026-09-10","complete","present","34","34","0","0","4","0","skip","2026/9/10/10-9-2026.docx","2026/9/10/10-9-2026 افراد.docx",""
"2026-09-11","complete","present","27","27","0","0","0","0","skip","2026/9/11/11-9-2026.docx","2026/9/11/11-9-2026 افراد.docx",""
"2026-09-12","complete","present","32","32","0","0","0","0","skip","2026/9/12/12-9-2026.docx","2026/9/12/12-9-2026 افراد.docx",""
"2026-09-13","complete","present","29","29","0","0","0","0","skip","2026/9/13/13-9-2026.docx","2026/9/13/13-9-2026 افراد.docx",""
"2026-09-14","complete","present","27","27","0","0","0","2","skip","2026/9/14/14-9-2026.docx","2026/9/14/14-9-2026 افراد.docx",""
"2026-09-15","complete","present","38","38","0","0","1","2","skip","2026/9/15/15-9-2026.docx","2026/9/15/15-9-2026 افراد.docx",""
"2026-09-16","complete","present","32","32","0","0","0","2","skip","2026/9/16/16-9-2026.docx","2026/9/16/16-9-2026 افراد.docx",""
"2026-09-17","complete","present","12","12","0","0","0","2","skip","2026/9/17/17-9-2026.docx","2026/9/17/17-9-2026 افراد.docx",""
"2026-09-18","complete","present","24","24","0","0","0","2","skip","2026/9/18/18-9-2026.docx","2026/9/18/18-9-2026 افراد.docx",""
"2026-09-19","complete","present","29","29","0","0","0","0","skip","2026/9/19/19-9-2026.docx","2026/9/19/19-9-2026 افراد.docx",""
"2026-09-20","complete","present","34","34","0","0","0","0","skip","2026/9/20/20-9-2026.docx","2026/9/20/20-9-2026 افراد.docx",""
"2026-09-21","complete","present","30","30","0","0","0","0","skip","2026/9/21/21-9-2026.docx","2026/9/21/21-9-2026 افراد.docx",""
"2026-09-22","complete","present","27","27","0","0","0","0","skip","2026/9/22/22-9-2026.docx","2026/9/22/22-9-2026 افراد.docx",""
"2026-09-23","complete","present","29","29","0","0","0","0","skip","2026/9/23/23-9-2026.docx","2026/9/23/23-9-2026 افراد.docx",""
"2026-09-24","complete","present","29","29","0","0","0","0","skip","2026/9/24/24-9-2026.docx","2026/9/24/24-9-2026 افراد.docx",""
"2026-09-25","complete","present","26","26","0","0","0","0","skip","2026/9/25/25-9-2026.docx","2026/9/25/25-9-2026 افراد.docx",""
"2026-09-26","complete","present","36","36","0","0","8","0","skip","2026/9/26/26-9-2026.docx","2026/9/26/26-9-2026 افراد.docx",""
"2026-09-27","complete","present","33","33","0","0","4","0","skip","2026/9/27/27-9-2026.docx","2026/9/27/27-9-2026 افراد.docx",""
"2026-09-28","complete","present","32","32","0","0","5","2","skip","2026/9/28/28-9-2026.docx","2026/9/28/28-9-2026 افراد.docx",""
"2026-09-29","partial_source","missing","15","0","0","0","0","0","review","2026/9/29/29-9-2026.docx","",""
